-- MySQL dump 10.13  Distrib 5.5.43, for debian-linux-gnu (x86_64)
--
-- Host: localhost    Database: cotizadorprod
-- ------------------------------------------------------
-- Server version	5.5.43-0ubuntu0.14.04.1

/*!40101 SET @OLD_CHARACTER_SET_CLIENT=@@CHARACTER_SET_CLIENT */;
/*!40101 SET @OLD_CHARACTER_SET_RESULTS=@@CHARACTER_SET_RESULTS */;
/*!40101 SET @OLD_COLLATION_CONNECTION=@@COLLATION_CONNECTION */;
/*!40101 SET NAMES utf8 */;
/*!40103 SET @OLD_TIME_ZONE=@@TIME_ZONE */;
/*!40103 SET TIME_ZONE='+00:00' */;
/*!40014 SET @OLD_UNIQUE_CHECKS=@@UNIQUE_CHECKS, UNIQUE_CHECKS=0 */;
/*!40014 SET @OLD_FOREIGN_KEY_CHECKS=@@FOREIGN_KEY_CHECKS, FOREIGN_KEY_CHECKS=0 */;
/*!40101 SET @OLD_SQL_MODE=@@SQL_MODE, SQL_MODE='NO_AUTO_VALUE_ON_ZERO' */;
/*!40111 SET @OLD_SQL_NOTES=@@SQL_NOTES, SQL_NOTES=0 */;

--
-- Table structure for table `anio`
--

DROP TABLE IF EXISTS `anio`;
/*!40101 SET @saved_cs_client     = @@character_set_client */;
/*!40101 SET character_set_client = utf8 */;
CREATE TABLE `anio` (
  `id_anio` int(11) NOT NULL AUTO_INCREMENT,
  `anio_antig` int(11) NOT NULL,
  PRIMARY KEY (`id_anio`)
) ENGINE=InnoDB AUTO_INCREMENT=25 DEFAULT CHARSET=latin1;
/*!40101 SET character_set_client = @saved_cs_client */;

--
-- Dumping data for table `anio`
--

LOCK TABLES `anio` WRITE;
/*!40000 ALTER TABLE `anio` DISABLE KEYS */;
INSERT INTO `anio` VALUES (1,2004),(2,2005),(3,2006),(4,2007),(5,2008),(6,2009),(7,2010),(8,2011),(9,2012),(10,2013),(11,2014),(12,2015),(13,2016),(14,2003),(15,2002),(16,2001),(17,2000),(18,1999),(19,1998),(20,1997),(21,1996),(22,1995),(23,1994),(24,0);
/*!40000 ALTER TABLE `anio` ENABLE KEYS */;
UNLOCK TABLES;

--
-- Table structure for table `aseguradora`
--

DROP TABLE IF EXISTS `aseguradora`;
/*!40101 SET @saved_cs_client     = @@character_set_client */;
/*!40101 SET character_set_client = utf8 */;
CREATE TABLE `aseguradora` (
  `id_asegurad` int(11) NOT NULL AUTO_INCREMENT,
  `name_asegurad` varchar(20) NOT NULL,
  PRIMARY KEY (`id_asegurad`)
) ENGINE=InnoDB AUTO_INCREMENT=6 DEFAULT CHARSET=latin1;
/*!40101 SET character_set_client = @saved_cs_client */;

--
-- Dumping data for table `aseguradora`
--

LOCK TABLES `aseguradora` WRITE;
/*!40000 ALTER TABLE `aseguradora` DISABLE KEYS */;
INSERT INTO `aseguradora` VALUES (1,'Positiva'),(2,'Pacifico'),(3,'HDI'),(4,'Mapfre'),(5,'Rimac');
/*!40000 ALTER TABLE `aseguradora` ENABLE KEYS */;
UNLOCK TABLES;

--
-- Table structure for table `auth_group`
--

DROP TABLE IF EXISTS `auth_group`;
/*!40101 SET @saved_cs_client     = @@character_set_client */;
/*!40101 SET character_set_client = utf8 */;
CREATE TABLE `auth_group` (
  `id` int(11) NOT NULL AUTO_INCREMENT,
  `name` varchar(80) NOT NULL,
  PRIMARY KEY (`id`),
  UNIQUE KEY `name` (`name`)
) ENGINE=InnoDB DEFAULT CHARSET=latin1;
/*!40101 SET character_set_client = @saved_cs_client */;

--
-- Dumping data for table `auth_group`
--

LOCK TABLES `auth_group` WRITE;
/*!40000 ALTER TABLE `auth_group` DISABLE KEYS */;
/*!40000 ALTER TABLE `auth_group` ENABLE KEYS */;
UNLOCK TABLES;

--
-- Table structure for table `auth_group_permissions`
--

DROP TABLE IF EXISTS `auth_group_permissions`;
/*!40101 SET @saved_cs_client     = @@character_set_client */;
/*!40101 SET character_set_client = utf8 */;
CREATE TABLE `auth_group_permissions` (
  `id` int(11) NOT NULL AUTO_INCREMENT,
  `group_id` int(11) NOT NULL,
  `permission_id` int(11) NOT NULL,
  PRIMARY KEY (`id`),
  UNIQUE KEY `group_id` (`group_id`,`permission_id`),
  KEY `auth_group_permissions_0e939a4f` (`group_id`),
  KEY `auth_group_permissions_8373b171` (`permission_id`),
  CONSTRAINT `auth_group_permission_group_id_689710a9a73b7457_fk_auth_group_id` FOREIGN KEY (`group_id`) REFERENCES `auth_group` (`id`),
  CONSTRAINT `auth_group__permission_id_1f49ccbbdc69d2fc_fk_auth_permission_id` FOREIGN KEY (`permission_id`) REFERENCES `auth_permission` (`id`)
) ENGINE=InnoDB DEFAULT CHARSET=latin1;
/*!40101 SET character_set_client = @saved_cs_client */;

--
-- Dumping data for table `auth_group_permissions`
--

LOCK TABLES `auth_group_permissions` WRITE;
/*!40000 ALTER TABLE `auth_group_permissions` DISABLE KEYS */;
/*!40000 ALTER TABLE `auth_group_permissions` ENABLE KEYS */;
UNLOCK TABLES;

--
-- Table structure for table `auth_permission`
--

DROP TABLE IF EXISTS `auth_permission`;
/*!40101 SET @saved_cs_client     = @@character_set_client */;
/*!40101 SET character_set_client = utf8 */;
CREATE TABLE `auth_permission` (
  `id` int(11) NOT NULL AUTO_INCREMENT,
  `name` varchar(50) NOT NULL,
  `content_type_id` int(11) NOT NULL,
  `codename` varchar(100) NOT NULL,
  PRIMARY KEY (`id`),
  UNIQUE KEY `content_type_id` (`content_type_id`,`codename`),
  KEY `auth_permission_417f1b1c` (`content_type_id`),
  CONSTRAINT `auth__content_type_id_508cf46651277a81_fk_django_content_type_id` FOREIGN KEY (`content_type_id`) REFERENCES `django_content_type` (`id`)
) ENGINE=InnoDB AUTO_INCREMENT=121 DEFAULT CHARSET=latin1;
/*!40101 SET character_set_client = @saved_cs_client */;

--
-- Dumping data for table `auth_permission`
--

LOCK TABLES `auth_permission` WRITE;
/*!40000 ALTER TABLE `auth_permission` DISABLE KEYS */;
INSERT INTO `auth_permission` VALUES (1,'Can add log entry',1,'add_logentry'),(2,'Can change log entry',1,'change_logentry'),(3,'Can delete log entry',1,'delete_logentry'),(4,'Can add permission',2,'add_permission'),(5,'Can change permission',2,'change_permission'),(6,'Can delete permission',2,'delete_permission'),(7,'Can add group',3,'add_group'),(8,'Can change group',3,'change_group'),(9,'Can delete group',3,'delete_group'),(10,'Can add user',4,'add_user'),(11,'Can change user',4,'change_user'),(12,'Can delete user',4,'delete_user'),(13,'Can add content type',5,'add_contenttype'),(14,'Can change content type',5,'change_contenttype'),(15,'Can delete content type',5,'delete_contenttype'),(16,'Can add session',6,'add_session'),(17,'Can change session',6,'change_session'),(18,'Can delete session',6,'delete_session'),(19,'Can add anio',7,'add_anio'),(20,'Can change anio',7,'change_anio'),(21,'Can delete anio',7,'delete_anio'),(22,'Can add aseguradora',8,'add_aseguradora'),(23,'Can change aseguradora',8,'change_aseguradora'),(24,'Can delete aseguradora',8,'delete_aseguradora'),(25,'Can add auth group',9,'add_authgroup'),(26,'Can change auth group',9,'change_authgroup'),(27,'Can delete auth group',9,'delete_authgroup'),(28,'Can add auth group permissions',10,'add_authgrouppermissions'),(29,'Can change auth group permissions',10,'change_authgrouppermissions'),(30,'Can delete auth group permissions',10,'delete_authgrouppermissions'),(31,'Can add auth permission',11,'add_authpermission'),(32,'Can change auth permission',11,'change_authpermission'),(33,'Can delete auth permission',11,'delete_authpermission'),(34,'Can add auth user',12,'add_authuser'),(35,'Can change auth user',12,'change_authuser'),(36,'Can delete auth user',12,'delete_authuser'),(37,'Can add auth user groups',13,'add_authusergroups'),(38,'Can change auth user groups',13,'change_authusergroups'),(39,'Can delete auth user groups',13,'delete_authusergroups'),(40,'Can add auth user user permissions',14,'add_authuseruserpermissions'),(41,'Can change auth user user permissions',14,'change_authuseruserpermissions'),(42,'Can delete auth user user permissions',14,'delete_authuseruserpermissions'),(43,'Can add categorias',15,'add_categorias'),(44,'Can change categorias',15,'change_categorias'),(45,'Can delete categorias',15,'delete_categorias'),(46,'Can add clase',16,'add_clase'),(47,'Can change clase',16,'change_clase'),(48,'Can delete clase',16,'delete_clase'),(49,'Can add clase modelo',17,'add_clasemodelo'),(50,'Can change clase modelo',17,'change_clasemodelo'),(51,'Can delete clase modelo',17,'delete_clasemodelo'),(52,'Can add clientes',18,'add_clientes'),(53,'Can change clientes',18,'change_clientes'),(54,'Can delete clientes',18,'delete_clientes'),(55,'Can add cobert asegur',19,'add_cobertasegur'),(56,'Can change cobert asegur',19,'change_cobertasegur'),(57,'Can delete cobert asegur',19,'delete_cobertasegur'),(58,'Can add cobertura',20,'add_cobertura'),(59,'Can change cobertura',20,'change_cobertura'),(60,'Can delete cobertura',20,'delete_cobertura'),(61,'Can add deduc asegur',21,'add_deducasegur'),(62,'Can change deduc asegur',21,'change_deducasegur'),(63,'Can delete deduc asegur',21,'delete_deducasegur'),(64,'Can add deducibles',22,'add_deducibles'),(65,'Can change deducibles',22,'change_deducibles'),(66,'Can delete deducibles',22,'delete_deducibles'),(67,'Can add django admin log',23,'add_djangoadminlog'),(68,'Can change django admin log',23,'change_djangoadminlog'),(69,'Can delete django admin log',23,'delete_djangoadminlog'),(70,'Can add django content type',24,'add_djangocontenttype'),(71,'Can change django content type',24,'change_djangocontenttype'),(72,'Can delete django content type',24,'delete_djangocontenttype'),(73,'Can add django migrations',25,'add_djangomigrations'),(74,'Can change django migrations',25,'change_djangomigrations'),(75,'Can delete django migrations',25,'delete_djangomigrations'),(76,'Can add django session',26,'add_djangosession'),(77,'Can change django session',26,'change_djangosession'),(78,'Can delete django session',26,'delete_djangosession'),(79,'Can add financiamiento',27,'add_financiamiento'),(80,'Can change financiamiento',27,'change_financiamiento'),(81,'Can delete financiamiento',27,'delete_financiamiento'),(82,'Can add hermes autos',28,'add_hermesautos'),(83,'Can change hermes autos',28,'change_hermesautos'),(84,'Can delete hermes autos',28,'delete_hermesautos'),(85,'Can add marca',29,'add_marca'),(86,'Can change marca',29,'change_marca'),(87,'Can delete marca',29,'delete_marca'),(88,'Can add modalidad',30,'add_modalidad'),(89,'Can change modalidad',30,'change_modalidad'),(90,'Can delete modalidad',30,'delete_modalidad'),(91,'Can add modelo',31,'add_modelo'),(92,'Can change modelo',31,'change_modelo'),(93,'Can delete modelo',31,'delete_modelo'),(94,'Can add parametros',32,'add_parametros'),(95,'Can change parametros',32,'change_parametros'),(96,'Can delete parametros',32,'delete_parametros'),(97,'Can add programa',33,'add_programa'),(98,'Can change programa',33,'change_programa'),(99,'Can delete programa',33,'delete_programa'),(100,'Can add riesg aseg',34,'add_riesgaseg'),(101,'Can change riesg aseg',34,'change_riesgaseg'),(102,'Can delete riesg aseg',34,'delete_riesgaseg'),(103,'Can add riesgo',35,'add_riesgo'),(104,'Can change riesgo',35,'change_riesgo'),(105,'Can delete riesgo',35,'delete_riesgo'),(106,'Can add servic asegur',36,'add_servicasegur'),(107,'Can change servic asegur',36,'change_servicasegur'),(108,'Can delete servic asegur',36,'delete_servicasegur'),(109,'Can add servicios',37,'add_servicios'),(110,'Can change servicios',37,'change_servicios'),(111,'Can delete servicios',37,'delete_servicios'),(112,'Can add tasa asegur',38,'add_tasaasegur'),(113,'Can change tasa asegur',38,'change_tasaasegur'),(114,'Can delete tasa asegur',38,'delete_tasaasegur'),(115,'Can add timon',39,'add_timon'),(116,'Can change timon',39,'change_timon'),(117,'Can delete timon',39,'delete_timon'),(118,'Can add uso',40,'add_uso'),(119,'Can change uso',40,'change_uso'),(120,'Can delete uso',40,'delete_uso');
/*!40000 ALTER TABLE `auth_permission` ENABLE KEYS */;
UNLOCK TABLES;

--
-- Table structure for table `auth_user`
--

DROP TABLE IF EXISTS `auth_user`;
/*!40101 SET @saved_cs_client     = @@character_set_client */;
/*!40101 SET character_set_client = utf8 */;
CREATE TABLE `auth_user` (
  `id` int(11) NOT NULL AUTO_INCREMENT,
  `password` varchar(128) NOT NULL,
  `last_login` datetime NOT NULL,
  `is_superuser` tinyint(1) NOT NULL,
  `username` varchar(30) NOT NULL,
  `first_name` varchar(30) NOT NULL,
  `last_name` varchar(30) NOT NULL,
  `email` varchar(75) NOT NULL,
  `is_staff` tinyint(1) NOT NULL,
  `is_active` tinyint(1) NOT NULL,
  `date_joined` datetime NOT NULL,
  PRIMARY KEY (`id`),
  UNIQUE KEY `username` (`username`)
) ENGINE=InnoDB AUTO_INCREMENT=2 DEFAULT CHARSET=latin1;
/*!40101 SET character_set_client = @saved_cs_client */;

--
-- Dumping data for table `auth_user`
--

LOCK TABLES `auth_user` WRITE;
/*!40000 ALTER TABLE `auth_user` DISABLE KEYS */;
INSERT INTO `auth_user` VALUES (1,'pbkdf2_sha256$15000$lVMoZhbsRjUy$E5gYGDIIO0nNF2UHWpAtIiAUSpUHlKEJ2HT0gAhf75E=','2016-03-08 17:28:24',1,'root','','','',1,1,'2016-03-08 17:28:24');
/*!40000 ALTER TABLE `auth_user` ENABLE KEYS */;
UNLOCK TABLES;

--
-- Table structure for table `auth_user_groups`
--

DROP TABLE IF EXISTS `auth_user_groups`;
/*!40101 SET @saved_cs_client     = @@character_set_client */;
/*!40101 SET character_set_client = utf8 */;
CREATE TABLE `auth_user_groups` (
  `id` int(11) NOT NULL AUTO_INCREMENT,
  `user_id` int(11) NOT NULL,
  `group_id` int(11) NOT NULL,
  PRIMARY KEY (`id`),
  UNIQUE KEY `user_id` (`user_id`,`group_id`),
  KEY `auth_user_groups_e8701ad4` (`user_id`),
  KEY `auth_user_groups_0e939a4f` (`group_id`),
  CONSTRAINT `auth_user_groups_group_id_33ac548dcf5f8e37_fk_auth_group_id` FOREIGN KEY (`group_id`) REFERENCES `auth_group` (`id`),
  CONSTRAINT `auth_user_groups_user_id_4b5ed4ffdb8fd9b0_fk_auth_user_id` FOREIGN KEY (`user_id`) REFERENCES `auth_user` (`id`)
) ENGINE=InnoDB DEFAULT CHARSET=latin1;
/*!40101 SET character_set_client = @saved_cs_client */;

--
-- Dumping data for table `auth_user_groups`
--

LOCK TABLES `auth_user_groups` WRITE;
/*!40000 ALTER TABLE `auth_user_groups` DISABLE KEYS */;
/*!40000 ALTER TABLE `auth_user_groups` ENABLE KEYS */;
UNLOCK TABLES;

--
-- Table structure for table `auth_user_user_permissions`
--

DROP TABLE IF EXISTS `auth_user_user_permissions`;
/*!40101 SET @saved_cs_client     = @@character_set_client */;
/*!40101 SET character_set_client = utf8 */;
CREATE TABLE `auth_user_user_permissions` (
  `id` int(11) NOT NULL AUTO_INCREMENT,
  `user_id` int(11) NOT NULL,
  `permission_id` int(11) NOT NULL,
  PRIMARY KEY (`id`),
  UNIQUE KEY `user_id` (`user_id`,`permission_id`),
  KEY `auth_user_user_permissions_e8701ad4` (`user_id`),
  KEY `auth_user_user_permissions_8373b171` (`permission_id`),
  CONSTRAINT `auth_user_user_permissi_user_id_7f0938558328534a_fk_auth_user_id` FOREIGN KEY (`user_id`) REFERENCES `auth_user` (`id`),
  CONSTRAINT `auth_user_u_permission_id_384b62483d7071f0_fk_auth_permission_id` FOREIGN KEY (`permission_id`) REFERENCES `auth_permission` (`id`)
) ENGINE=InnoDB DEFAULT CHARSET=latin1;
/*!40101 SET character_set_client = @saved_cs_client */;

--
-- Dumping data for table `auth_user_user_permissions`
--

LOCK TABLES `auth_user_user_permissions` WRITE;
/*!40000 ALTER TABLE `auth_user_user_permissions` DISABLE KEYS */;
/*!40000 ALTER TABLE `auth_user_user_permissions` ENABLE KEYS */;
UNLOCK TABLES;

--
-- Table structure for table `auto_valor`
--

DROP TABLE IF EXISTS `auto_valor`;
/*!40101 SET @saved_cs_client     = @@character_set_client */;
/*!40101 SET character_set_client = utf8 */;
CREATE TABLE `auto_valor` (
  `id` int(11) NOT NULL AUTO_INCREMENT,
  `id_marca` int(11) NOT NULL,
  `id_modelo` int(11) NOT NULL,
  `id_tipo` int(11) NOT NULL,
  `anio` int(11) NOT NULL,
  `valor` float NOT NULL,
  PRIMARY KEY (`id`),
  KEY `id_marca` (`id_marca`),
  KEY `id_modelo` (`id_modelo`),
  KEY `id_tipo` (`id_tipo`),
  CONSTRAINT `auto_valor_ibfk_1` FOREIGN KEY (`id_marca`) REFERENCES `marca` (`id_marca`),
  CONSTRAINT `auto_valor_ibfk_2` FOREIGN KEY (`id_modelo`) REFERENCES `modelo` (`id_model`),
  CONSTRAINT `auto_valor_ibfk_3` FOREIGN KEY (`id_tipo`) REFERENCES `clase` (`id_clase`)
) ENGINE=InnoDB AUTO_INCREMENT=1627 DEFAULT CHARSET=latin1;
/*!40101 SET character_set_client = @saved_cs_client */;

--
-- Dumping data for table `auto_valor`
--

LOCK TABLES `auto_valor` WRITE;
/*!40000 ALTER TABLE `auto_valor` DISABLE KEYS */;
INSERT INTO `auto_valor` VALUES (636,33,4129,1,0,31900),(637,33,4130,1,0,33400),(638,33,4131,1,0,33400),(639,33,4132,22,0,30900),(640,33,4133,22,0,40990),(641,33,4134,1,0,29500),(642,33,4135,1,0,38990),(643,33,4136,1,0,54900),(644,33,4137,22,0,56900),(645,33,4138,22,0,38500),(646,33,4139,22,0,44400),(647,33,4140,17,0,66900),(649,33,4142,22,0,84300),(650,33,4143,1,0,51964),(651,33,4144,1,0,63408),(654,33,4147,22,0,52654),(655,33,4148,22,0,63190),(657,33,4150,1,0,91900),(658,33,4151,1,0,123730),(659,33,4152,22,0,54990),(660,33,4153,22,0,76615),(661,33,4154,22,0,94100),(662,33,4155,22,0,103400),(665,33,4158,1,0,57900),(666,33,4159,1,0,77000),(667,33,4160,1,0,187000),(668,33,4161,12,0,39900),(669,33,4162,12,0,49900),(670,33,4163,12,0,54900),(671,33,4164,12,0,65250),(672,33,4165,12,0,67900),(674,37,4167,1,0,11990),(675,37,4168,1,0,14990),(676,37,4169,22,0,12490),(677,37,4170,12,0,28990),(678,9,4177,1,0,28990),(679,9,4178,1,0,34990),(680,9,4179,1,0,56000),(681,9,4180,1,0,44000),(682,9,4181,1,0,59500),(683,9,4182,22,0,103000),(684,9,4183,22,0,55000),(685,9,4184,22,0,66000),(686,9,4185,1,0,47000),(687,9,4186,1,0,63000),(688,9,4187,1,0,78000),(689,9,4188,1,0,106000),(690,9,4189,22,0,50000),(691,9,4190,22,0,68000),(692,9,4191,22,0,82000),(693,9,4192,22,0,108000),(694,9,4193,22,0,155000),(695,9,4194,1,0,106000),(696,9,4195,1,0,126000),(697,9,4196,1,0,160000),(698,9,4197,1,0,112000),(699,9,4198,1,0,130000),(700,9,4199,1,0,165000),(701,9,4200,1,0,61000),(702,9,4201,1,0,78000),(703,9,4202,12,0,48000),(704,9,4203,12,0,58000),(705,9,4204,12,0,77000),(706,9,4205,12,0,63000),(707,9,4206,12,0,76000),(708,9,4207,12,0,62000),(709,9,4208,12,0,73000),(710,9,4209,12,0,75000),(711,9,4210,12,0,92000),(712,9,4211,12,0,82000),(713,9,4212,12,0,86000),(714,9,4213,12,0,124000),(715,9,4214,12,0,95000),(716,9,4215,12,0,170000),(726,40,4216,22,0,12490),(727,40,4217,22,0,13490),(728,40,4218,1,0,12990),(729,40,4219,1,0,13990),(730,40,4220,1,0,15490),(731,40,4221,1,0,16490),(732,40,4222,12,0,16990),(733,42,4223,22,0,11990),(734,42,4224,22,0,10990),(735,42,4225,22,0,13990),(736,42,4226,12,0,15990),(737,42,4227,12,0,18990),(738,45,4228,1,0,7990),(739,45,4229,1,0,8190),(740,45,4230,1,0,12490),(741,45,4231,1,0,16490),(742,45,4232,12,0,18490),(743,45,4233,12,0,14490),(744,45,4234,12,0,14490),(745,45,4235,12,0,20440),(746,45,4236,12,0,26440),(747,45,4237,12,0,24440),(748,94,4171,12,2016,61900),(749,94,4172,12,2016,78900),(750,94,4173,23,2016,84900),(792,47,4254,1,0,6990),(793,47,4255,1,0,7990),(794,47,4256,1,0,9490),(795,47,4257,1,0,9990),(796,47,4258,1,0,10990),(797,47,4259,1,0,10990),(798,47,4260,12,0,11990),(799,47,4261,12,0,14990),(800,47,4262,12,0,16990),(801,47,4263,12,0,15990),(802,47,4264,12,0,16990),(803,47,4265,12,0,17990),(804,47,4266,12,0,18990),(805,47,4267,12,0,19990),(826,96,4238,1,2016,41900),(827,96,4239,1,2016,47700),(828,96,4240,1,2016,50700),(829,96,4241,1,2016,56800),(830,96,4242,1,2016,49500),(831,96,4243,1,2016,60800),(832,96,4244,1,2016,69200),(833,96,4245,1,2016,118000),(834,96,4246,1,2016,116000),(835,96,4247,12,2016,53000),(836,96,4248,12,2016,57000),(837,96,4249,12,2016,60000),(838,96,4250,12,2016,63500),(839,96,4251,12,2016,78000),(840,96,4252,12,2016,103000),(841,96,4253,12,2016,110000),(842,138,4268,1,0,8890),(843,138,4269,1,0,9350),(845,138,4271,1,0,11890),(846,138,4272,1,0,12890),(847,138,4273,1,0,12490),(848,138,4274,1,0,13190),(849,138,4275,1,0,14490),(850,138,4276,1,0,15590),(851,138,4277,1,0,14690),(852,138,4278,1,0,13990),(853,138,4279,1,0,13290),(854,138,4280,1,0,14290),(855,138,4281,1,0,15590),(856,138,4282,1,0,16590),(857,138,4283,1,0,15990),(858,138,4284,1,0,16990),(859,138,4285,1,0,18790),(860,138,4286,1,0,15990),(861,138,4287,1,0,17190),(862,138,4288,1,0,18490),(863,138,4289,1,0,20590),(864,138,4290,1,0,22190),(865,138,4291,1,0,22890),(866,138,4292,1,0,23890),(867,138,4293,1,0,43990),(868,138,4294,1,0,50990),(869,138,4295,1,0,52990),(870,138,4296,1,0,56990),(871,138,4297,1,0,73990),(872,138,4298,1,0,35990),(873,138,4299,12,0,20590),(874,138,4300,12,0,23290),(875,138,4301,12,0,24990),(876,138,4302,12,0,24690),(877,138,4303,12,0,26790),(878,138,4304,12,0,28790),(879,138,4305,12,0,29790),(880,138,4306,12,0,32390),(881,138,4307,12,0,34890),(882,138,4308,12,0,45990),(883,138,4309,12,0,64990),(884,138,4310,12,0,68990),(885,49,4311,5,0,52990),(886,51,4312,1,0,14990),(887,51,4313,1,0,16990),(888,51,4314,1,0,15990),(889,51,4315,1,0,17990),(890,51,4316,1,0,22490),(891,51,4317,1,0,23990),(892,51,4318,1,0,25990),(893,51,4319,1,0,21490),(894,51,4320,1,0,23990),(895,51,4321,1,0,30490),(896,51,4322,1,0,31490),(897,5,4323,12,0,20940),(898,5,4324,12,0,22440),(899,5,4325,12,0,24450),(900,5,4326,12,0,26050),(901,5,4327,12,0,22400),(902,5,4328,12,0,24790),(903,3,4329,12,0,33990),(904,3,4330,12,0,40990),(905,3,4331,12,0,44990),(906,3,4332,12,0,61990),(907,3,4333,12,0,65990),(908,4,4334,1,0,9990),(909,4,4335,1,0,10990),(910,4,4336,1,0,10990),(911,4,4337,1,0,10990),(912,4,4338,1,0,11590),(913,4,4339,12,0,12990),(914,4,4340,12,0,17990),(915,11,4341,12,0,14990),(916,11,4342,9,0,9490),(917,15,4343,1,0,17490),(918,15,4344,1,0,18490),(919,15,4345,1,0,14990),(920,15,4346,1,0,16490),(921,15,4347,1,0,10990),(922,15,4348,1,0,12990),(923,15,4349,12,0,17990),(924,20,4350,1,0,15490),(925,20,4351,1,0,15990),(926,20,4352,1,0,21490),(927,20,4353,1,0,24890),(928,20,4354,1,0,22990),(929,20,4355,1,0,28190),(930,20,4356,1,0,36290),(931,20,4357,1,0,52490),(932,20,4358,12,0,17390),(933,20,4359,12,0,18390),(934,20,4360,12,0,19990),(935,20,4361,12,0,28990),(936,20,4362,12,0,32990),(937,20,4363,12,0,36990),(938,20,4364,12,0,40990),(939,20,4365,12,0,46990),(940,20,4366,12,0,53290),(941,20,4367,12,0,58390),(942,61,4368,12,0,13190),(943,97,4369,1,2016,10490),(944,97,4370,1,2016,11490),(945,97,4371,1,2016,11490),(946,97,4372,1,2016,12990),(947,97,4373,1,2016,13490),(948,97,4374,1,2016,13990),(949,97,4375,1,2016,12990),(950,97,4376,1,2016,14490),(951,97,4377,12,2016,16490),(952,63,4378,1,0,10990),(953,63,4379,1,0,9290),(954,63,4380,1,0,10990),(955,63,4381,1,0,11990),(956,63,4382,1,0,15690),(957,63,4383,1,0,16190),(958,63,4384,1,0,12990),(959,63,4385,12,0,18990),(960,63,4386,12,0,21990),(961,100,4387,12,2016,21990),(962,100,4388,12,2016,25990),(963,100,4389,12,2016,28990),(964,68,4390,1,0,10390),(965,68,4391,1,0,10990),(966,68,4392,1,0,11990),(967,68,4393,1,0,12990),(968,68,4394,1,0,14490),(969,68,4395,12,0,12490),(970,68,4396,12,0,13490),(971,68,4397,12,0,15990),(972,68,4398,12,0,17490),(973,68,4399,12,0,17490),(974,68,4400,12,0,16990),(975,68,4401,12,0,18490),(976,68,4402,12,0,17990),(977,68,4403,12,0,19490),(978,68,4404,12,0,17990),(979,68,4405,12,0,19490),(980,68,4406,12,0,19490),(981,68,4407,12,0,20990),(982,69,4408,1,0,7100),(983,70,4409,1,0,7990),(984,70,4410,1,0,8490),(985,70,4411,1,0,9490),(986,70,4412,1,0,11990),(987,70,4413,12,0,18990),(988,74,4414,1,0,17990),(989,74,4415,1,0,18990),(990,74,4416,1,0,22990),(991,74,4417,1,0,23990),(992,74,4418,1,0,26990),(993,74,4419,1,0,25990),(994,74,4420,1,0,35990),(995,74,4421,1,0,35990),(996,74,4422,1,0,28990),(997,74,4423,1,0,30990),(998,74,4424,1,0,33990),(999,74,4425,1,0,34990),(1000,74,4426,12,0,28990),(1001,74,4427,12,0,30990),(1002,74,4428,12,0,34990),(1003,74,4429,12,0,39990),(1004,74,4430,12,0,38990),(1005,74,4431,12,0,45990),(1006,74,4432,12,0,48990),(1007,74,4433,9,0,45990),(1008,140,4434,1,0,8490),(1009,140,4435,1,0,10290),(1010,140,4436,1,0,11490),(1011,140,4437,1,0,12990),(1012,140,4438,1,0,13990),(1013,140,4439,1,0,10990),(1014,140,4440,1,0,12990),(1015,140,4441,1,0,13990),(1016,140,4442,1,0,13990),(1017,140,4443,1,0,14990),(1018,140,4444,1,0,15190),(1019,140,4445,1,0,16190),(1020,140,4446,1,0,15490),(1021,140,4447,1,0,16490),(1022,140,4448,1,0,16490),(1023,140,4449,1,0,16990),(1024,140,4450,1,0,17490),(1025,140,4451,1,0,18490),(1026,140,4452,1,0,14990),(1027,140,4453,1,0,16490),(1028,140,4454,1,0,17490),(1029,140,4455,1,0,17490),(1030,140,4456,1,0,18490),(1031,140,4457,1,0,22990),(1032,140,4458,1,0,21990),(1033,140,4459,1,0,17490),(1034,140,4460,1,0,18990),(1035,140,4461,1,0,20490),(1036,140,4462,1,0,21490),(1037,140,4463,1,0,17490),(1038,140,4464,1,0,18490),(1039,140,4465,1,0,19490),(1040,140,4466,1,0,21490),(1041,140,4467,1,0,22490),(1042,140,4468,1,0,22990),(1043,140,4469,1,0,27990),(1044,140,4470,1,0,29990),(1045,140,4471,1,0,28990),(1046,140,4472,1,0,33990),(1047,140,4473,12,0,21490),(1048,140,4474,12,0,22990),(1049,140,4475,12,0,23990),(1050,140,4476,12,0,24990),(1051,140,4477,12,0,25990),(1052,140,4478,12,0,25990),(1053,140,4479,12,0,26990),(1054,140,4480,12,0,26990),(1055,140,4481,12,0,27990),(1056,140,4482,12,0,29990),(1057,140,4483,12,0,30990),(1058,140,4484,12,0,31990),(1059,140,4485,12,0,32990),(1060,140,4486,12,0,33990),(1061,140,4487,12,0,34990),(1062,140,4488,12,0,36990),(1063,140,4489,12,0,43990),(1064,80,4490,1,0,6990),(1065,80,4491,1,0,7990),(1066,80,4492,1,0,8990),(1067,80,4493,1,0,9490),(1068,80,4494,1,0,9990),(1069,80,4495,1,0,11490),(1070,80,4496,1,0,10990),(1071,80,4497,1,0,11990),(1072,80,4498,12,0,14990),(1073,80,4499,12,0,15990),(1074,80,4500,12,0,17490),(1075,80,4501,12,0,16990),(1076,80,4502,10,0,14990),(1077,80,4503,10,0,15990),(1078,80,4504,10,0,16990),(1079,82,4505,12,0,28990),(1080,82,4506,12,0,29990),(1081,82,4507,12,0,36990),(1082,82,4508,12,0,34990),(1083,82,4509,12,0,35990),(1084,82,4510,12,0,41990),(1085,82,4511,12,0,49990),(1086,82,4512,12,0,57990),(1087,82,4513,12,0,44990),(1088,82,4514,12,0,48990),(1089,82,4515,12,0,60990),(1090,82,4516,12,0,53990),(1091,82,4517,12,0,73990),(1092,82,4518,12,0,70990),(1093,82,4519,12,0,97990),(1094,82,4520,12,0,52990),(1095,82,4521,23,0,57990),(1096,82,4522,23,0,61990),(1097,86,4523,12,0,17490),(1098,86,4524,12,0,18490),(1099,146,4525,12,0,14240),(1100,146,4526,12,0,15990),(1101,146,4527,10,0,10040),(1102,108,4528,1,0,9990),(1103,108,4529,1,0,11490),(1104,108,4530,1,0,12990),(1105,108,4531,1,0,15490),(1106,108,4532,1,0,13490),(1107,108,4533,1,0,14900),(1108,108,4534,1,0,16490),(1109,108,4535,1,0,16490),(1110,108,4536,1,0,19990),(1111,108,4537,1,0,20990),(1112,108,4538,1,0,25990),(1113,108,4539,1,0,50000),(1114,108,4540,12,0,21990),(1115,108,4541,12,0,24490),(1116,108,4542,12,0,25490),(1117,108,4543,12,0,29990),(1118,108,4544,12,0,26490),(1119,108,4545,12,0,29990),(1120,108,4546,12,0,33990),(1121,108,4547,23,0,41490),(1122,108,4548,23,0,43990),(1123,108,4549,23,0,39990),(1124,108,4550,23,0,59990),(1125,111,4551,1,0,12490),(1126,111,4552,1,0,15120),(1127,111,4553,1,0,15990),(1128,11,4554,1,0,17690),(1129,11,4555,1,0,18550),(1130,111,4556,1,0,18900),(1131,111,4557,1,0,19790),(1132,111,4558,1,0,21400),(1133,111,4559,1,0,22100),(1134,111,4560,1,0,24490),(1135,111,4561,1,0,22490),(1136,111,4562,1,0,23190),(1137,111,4563,12,0,27950),(1138,111,4564,12,0,33590),(1139,111,4565,12,0,26290),(1140,111,4566,12,0,27800),(1141,111,4567,12,0,29200),(1142,111,4568,12,0,32490),(1143,111,4569,12,0,29190),(1144,111,4570,12,0,31600),(1145,111,4571,12,0,36500),(1146,111,4572,12,0,39990),(1147,111,4573,12,0,55590),(1148,111,4574,12,0,89900),(1149,114,4575,1,0,16990),(1150,114,4576,1,0,18490),(1151,114,4577,1,0,21490),(1152,114,4578,1,0,23990),(1153,114,4579,1,0,33490),(1154,114,4580,1,0,34490),(1155,114,4581,1,0,16490),(1156,114,4582,1,0,18990),(1157,114,4583,1,0,20490),(1158,114,4584,1,0,28990),(1159,114,4585,1,0,44990),(1160,114,4586,1,0,45490),(1161,114,4587,1,0,42990),(1162,114,4588,1,0,53990),(1163,114,4589,1,0,54990),(1164,114,4590,12,0,33490),(1165,114,4591,12,0,34290),(1166,114,4592,12,0,23490),(1167,114,4593,12,0,24990),(1168,114,4594,12,0,27990),(1169,114,4595,12,0,26490),(1170,117,4596,1,0,68400),(1171,117,4597,1,0,78900),(1172,117,4598,1,0,89000),(1173,117,4599,1,0,99000),(1174,117,4600,1,0,71500),(1175,117,4601,1,0,82400),(1176,117,4602,1,0,94000),(1177,117,4603,1,0,109000),(1178,117,4604,1,0,106000),(1179,117,4605,1,0,120600),(1180,117,4606,1,0,123800),(1181,117,4607,1,0,138000),(1182,117,4608,1,0,117000),(1183,117,4609,1,0,131500),(1184,117,4610,1,0,134900),(1185,117,4611,1,0,149800),(1186,117,4612,1,0,160000),(1187,117,4613,1,0,192000),(1188,117,4614,1,0,208000),(1189,117,4615,1,0,230000),(1190,117,4616,1,0,245000),(1191,117,4617,1,0,129800),(1192,117,4618,1,0,147000),(1193,117,4619,1,0,215000),(1194,117,4620,1,0,137500),(1195,117,4621,1,0,149000),(1196,117,4622,1,0,152000),(1197,117,4623,1,0,163000),(1198,117,4624,1,0,164000),(1199,117,4625,1,0,109000),(1200,117,4626,1,0,114900),(1201,117,4627,1,0,134900),(1202,117,4628,1,0,135900),(1203,117,4629,1,0,143000),(1204,117,4630,1,0,159200),(1205,117,4631,1,0,180900),(1206,117,4632,1,0,164400),(1207,117,4633,1,0,183400),(1208,117,4634,1,0,210000),(1209,117,4635,1,0,230000),(1210,117,4636,12,0,70500),(1211,117,4637,12,0,94900),(1212,117,4638,12,0,98000),(1213,112,4639,12,0,109900),(1214,112,4640,12,0,145000),(1215,112,4641,12,0,189900),(1216,112,4642,12,0,61900),(1217,112,4643,12,0,75000),(1218,112,4644,12,0,104900),(1219,118,4645,1,0,11490),(1220,118,4646,1,0,13350),(1221,118,4647,1,0,14890),(1222,118,4648,1,0,15590),(1223,118,4649,1,0,23990),(1224,118,4650,1,0,43790),(1225,118,4651,12,0,16490),(1226,118,4652,12,0,17990),(1227,118,4653,12,0,17990),(1228,118,4654,12,0,18790),(1229,118,4655,12,0,19650),(1230,118,4656,12,0,18990),(1231,118,4657,12,0,19490),(1232,118,4658,12,0,20350),(1233,118,4659,12,0,21150),(1234,118,4660,12,0,21990),(1235,118,4661,12,0,22150),(1236,118,4662,12,0,23050),(1237,118,4663,12,0,22950),(1238,118,4664,12,0,23850),(1239,118,4665,12,0,22590),(1240,118,4666,12,0,24990),(1241,118,4667,12,0,31590),(1242,122,4668,1,0,21990),(1243,122,4669,1,0,21990),(1244,122,4670,1,0,29990),(1245,127,4671,1,0,7400),(1246,127,4672,1,0,8400),(1247,127,4673,1,0,8400),(1248,128,4674,12,0,20990),(1249,128,4675,12,0,22990),(1250,128,4676,12,0,26990),(1251,128,4677,12,0,18990),(1252,128,4678,12,0,20990),(1253,128,4679,12,0,21990),(1254,128,4680,12,0,30990),(1255,128,4681,12,0,32990),(1256,128,4682,9,0,26990),(1257,128,4683,9,0,28990),(1258,128,4684,9,0,30990),(1259,130,4685,1,0,23490),(1260,130,4686,1,0,24990),(1261,130,4687,1,0,28490),(1262,130,4688,1,0,23490),(1263,130,4689,1,0,24490),(1264,130,4690,1,0,28490),(1265,130,4691,1,0,37990),(1266,130,4692,1,0,39990),(1267,130,4693,1,0,54990),(1268,130,4694,1,0,29990),(1269,130,4695,1,0,34990),(1270,130,4696,1,0,39990),(1271,130,4697,12,0,26490),(1272,130,4698,12,0,27990),(1273,130,4699,12,0,31290),(1274,130,4700,12,0,28990),(1275,130,4701,12,0,30490),(1276,130,4702,12,0,32990),(1277,130,4703,12,0,36490),(1278,130,4704,12,0,39490),(1279,130,4705,12,0,43990),(1280,130,4706,12,0,32990),(1281,130,4708,12,0,36990),(1282,130,4709,12,0,41390),(1283,131,4710,1,0,8190),(1284,131,4711,1,0,9190),(1285,131,4712,1,0,8990),(1286,131,4713,1,0,9990),(1287,131,4714,1,0,9490),(1288,131,4715,1,0,10990),(1289,131,4716,1,0,11990),(1290,131,4717,1,0,11990),(1291,131,4718,1,0,12990),(1292,131,4719,1,0,11690),(1293,131,4720,1,0,12690),(1294,131,4721,1,0,14490),(1295,131,4722,1,0,15490),(1296,131,4723,1,0,12490),(1297,131,4724,1,0,14490),(1298,131,4725,1,0,15490),(1299,131,4726,1,0,14990),(1300,131,4727,1,0,15990),(1301,131,4728,1,0,21990),(1302,131,4729,1,0,22990),(1303,131,4730,1,0,14490),(1304,131,4731,1,0,15490),(1305,131,4732,1,0,15990),(1306,131,4733,1,0,16490),(1307,131,4734,1,0,17490),(1308,131,4735,1,0,17490),(1309,131,4736,1,0,18490),(1310,131,4737,1,0,17490),(1311,131,4738,1,0,18990),(1312,131,4739,1,0,19990),(1313,131,4740,1,0,22590),(1314,131,4741,1,0,25990),(1315,131,4742,1,0,14990),(1316,131,4743,1,0,15990),(1317,131,4744,1,0,14490),(1318,131,4745,1,0,15490),(1319,131,4746,1,0,22990),(1320,131,4747,1,0,24490),(1321,131,4748,23,0,14990),(1322,131,4749,23,0,15990),(1323,131,4750,12,0,18490),(1324,131,4751,12,0,18990),(1325,131,4752,12,0,19990),(1326,131,4753,12,0,19990),(1327,131,4754,12,0,19990),(1328,131,4755,12,0,21990),(1329,131,4756,12,0,21990),(1330,131,4757,12,0,24990),(1331,131,4758,12,0,16990),(1332,131,4759,12,0,16990),(1333,104,4760,1,0,38990),(1334,104,4761,1,0,65990),(1335,104,4762,1,0,39490),(1336,104,4763,1,0,41490),(1337,104,4764,1,0,48990),(1338,104,4765,1,0,72990),(1339,104,4766,1,0,41490),(1340,104,4767,1,0,44990),(1341,104,4768,1,0,52990),(1342,104,4769,1,0,49990),(1343,104,4770,1,0,62990),(1344,104,4771,1,0,56990),(1345,104,4772,1,0,55990),(1346,104,4773,1,0,88990),(1347,104,4774,1,0,175000),(1348,104,4775,12,0,39990),(1349,104,4776,12,0,48490),(1350,104,4777,12,0,73990),(1351,104,4778,12,0,61990),(1352,104,4779,23,0,115900),(1353,104,4780,23,0,135000),(1354,104,4781,23,0,130000),(1355,106,4811,1,0,12290),(1356,106,4812,1,0,12990),(1357,106,4813,1,0,13490),(1358,106,4814,1,0,14490),(1359,106,4815,1,0,13990),(1360,106,4816,1,0,12990),(1361,106,4817,1,0,14990),(1362,106,4818,1,0,15990),(1363,106,4819,1,0,15990),(1364,106,4820,1,0,16990),(1365,106,4821,1,0,17990),(1366,106,4822,1,0,15990),(1367,106,4823,1,0,17990),(1369,133,4783,1,2016,15350),(1370,133,4784,1,2016,16350),(1371,133,4785,1,2016,15950),(1372,133,4786,1,2016,16950),(1373,133,4841,23,2016,93960),(1374,133,4840,23,2016,66000),(1375,133,4839,23,2016,55300),(1376,133,4837,23,2016,46470),(1377,133,4838,23,2016,53210),(1378,133,4836,23,2016,44380),(1379,133,4835,12,2016,53910),(1380,133,4834,12,2016,48560),(1381,107,4842,1,0,24990),(1382,107,4843,1,0,26990),(1383,117,4844,1,0,28990),(1384,117,4845,1,0,30990),(1385,117,4846,1,0,30990),(1386,117,4847,1,0,32990),(1387,117,4848,1,0,34490),(1388,117,4849,1,0,38990),(1389,117,4850,1,0,29990),(1390,117,4851,1,0,31990),(1391,117,4852,1,0,37990),(1392,117,4853,1,0,35490),(1393,117,4854,1,0,41490),(1394,117,4855,1,0,43490),(1395,117,4856,1,0,42990),(1396,117,4857,12,0,32990),(1397,117,4858,12,0,34990),(1398,117,4859,12,0,40400),(1399,117,4860,12,0,52990),(1400,117,4861,12,0,37990),(1401,134,4862,1,0,12990),(1402,134,4863,1,0,14590),(1403,134,4864,1,0,16190),(1404,134,4865,1,0,15590),(1405,134,4866,1,0,11690),(1406,134,4867,1,0,13390),(1407,134,4894,1,0,14990),(1408,134,4868,1,0,16590),(1409,134,4869,1,0,15990),(1410,134,4870,1,0,21990),(1411,134,4871,1,0,23990),(1412,134,4872,1,0,21990),(1413,134,4873,1,0,23990),(1414,134,4874,1,0,19590),(1415,134,4875,1,0,21590),(1416,134,4876,1,0,22190),(1417,134,4877,1,0,24190),(1418,134,4878,1,0,20990),(1419,134,4879,1,0,22990),(1420,134,4880,1,0,24490),(1421,134,4881,1,0,26490),(1422,134,4882,1,0,22990),(1423,134,4883,1,0,24990),(1424,134,4884,1,0,27990),(1425,134,4885,1,0,38500),(1426,134,4886,1,0,40490),(1427,134,4887,12,0,17990),(1428,134,4888,12,0,19590),(1429,134,4888,12,0,33990),(1430,134,4890,12,0,35990),(1431,134,4891,12,0,39990),(1432,134,4892,12,0,67990),(1433,134,4893,12,0,76900),(1434,133,4795,1,2016,20020),(1435,133,4796,1,2016,21020),(1436,133,4797,1,2016,21050),(1437,133,4798,1,2016,22050),(1438,133,4799,1,2016,22310),(1439,133,4800,1,2016,23310),(1440,133,4801,1,2016,29290),(1441,133,4802,1,2016,31700),(1442,133,4803,1,2016,39160),(1443,133,4804,1,2016,42260),(1444,133,4805,1,2016,32190),(1445,133,4806,1,2016,40290),(1446,133,4807,1,2016,42930),(1447,133,4808,12,2016,20870),(1448,133,4809,12,2016,27290),(1449,133,4810,12,2016,28790),(1450,133,4824,12,2016,29190),(1452,133,4827,12,2016,31920),(1453,133,4828,12,2016,31920),(1454,133,4787,1,2016,17550),(1455,133,4789,1,2016,19530),(1456,133,4788,1,2016,18550),(1457,133,4790,1,2016,20530),(1458,55,4895,1,0,34980),(1459,55,4896,1,0,37980),(1460,55,4897,1,0,40980),(1461,55,4898,1,0,42990),(1462,55,4899,1,0,38990),(1463,55,4900,1,0,45990),(1464,55,4901,1,0,38990),(1465,55,4902,1,0,41990),(1466,55,4903,1,0,43990),(1467,55,4904,1,0,53990),(1468,55,4905,1,0,57990),(1469,55,4906,12,0,53990),(1470,55,4907,12,0,58990),(1471,55,4908,12,0,64990),(1472,55,4909,12,0,68990),(1474,147,4911,12,0,15490),(1475,1,4912,12,0,12990),(1476,1,4913,12,0,13990),(1477,7,4914,12,0,15990),(1478,103,4915,1,2016,15490),(1479,103,4916,1,2016,15490),(1480,103,4917,1,2016,17490),(1481,103,4918,1,2016,16490),(1482,103,4919,1,2016,17990),(1483,103,4920,1,2016,18990),(1484,103,4932,12,2016,24990),(1485,103,4933,12,2016,26990),(1486,103,4934,12,2016,25990),(1487,103,4935,12,2016,27990),(1488,103,4936,12,2016,29990),(1489,103,4937,12,2016,30990),(1490,103,4938,12,2016,33990),(1491,103,4939,12,2016,35990),(1492,103,4940,12,2016,32490),(1493,133,4791,1,2016,16350),(1495,133,4792,1,2016,17350),(1496,133,4944,1,2016,23220),(1497,133,4943,1,2016,22220),(1498,103,4930,1,2016,32490),(1499,103,4931,9,2016,23490),(1500,103,4941,12,2016,35490),(1501,103,4942,12,2016,37490),(1502,103,4921,1,2016,21490),(1503,103,4922,1,2016,19490),(1504,133,4825,12,2016,30650),(1507,133,4830,23,2016,41890),(1508,133,4829,23,2016,43550),(1509,133,4832,12,2016,46640),(1510,133,4831,12,2016,455020),(1511,133,4833,12,2016,38800),(1512,103,4923,1,0,22490),(1513,103,4924,1,0,24990),(1514,103,4925,1,0,21490),(1515,103,4926,1,0,22490),(1516,103,4927,1,0,24990),(1517,103,4928,1,0,27990),(1518,103,4929,1,0,29990),(1519,133,4782,1,2016,14450),(1520,133,4794,1,2016,18940),(1521,133,4793,1,2016,17940),(1564,90,4975,1,2016,21290),(1565,90,4974,1,2016,19990),(1566,90,4973,1,2016,23290),(1567,90,4972,1,2016,21990),(1568,90,4971,1,2016,19790),(1569,90,4970,1,2016,18490),(1570,90,4968,1,2016,25290),(1571,90,4967,1,2016,23990),(1572,90,4966,1,2016,21790),(1573,90,4965,1,2016,20490),(1574,90,4964,1,2016,19790),(1575,90,4963,1,2016,18490),(1576,90,4962,1,2016,15990),(1577,90,4961,1,2016,18990),(1579,90,5007,1,2016,18490),(1580,90,4960,1,2016,17490),(1581,90,4959,1,2016,16490),(1582,90,4955,1,2016,15490),(1583,90,4957,1,2016,18990),(1584,90,5008,1,2016,17990),(1585,90,4956,1,2016,16790),(1586,90,4955,1,2016,15790),(1587,90,4954,1,2016,15990),(1588,90,4953,1,2016,14990),(1589,90,4952,1,2016,13990),(1590,90,4951,1,2016,13490),(1591,90,4950,1,2016,12490),(1592,90,4949,1,2016,14190),(1593,90,4948,1,2016,13190),(1594,90,4947,1,2016,12890),(1595,90,4946,1,2016,10990),(1596,90,4945,1,2016,9690),(1597,90,4978,1,2016,19290),(1598,90,4977,1,2016,19990),(1599,90,4978,1,2016,21990),(1600,90,4979,1,2016,21490),(1601,90,4980,1,2016,22490),(1602,90,4981,12,2016,24490),(1604,90,5009,12,2016,27490),(1605,90,4982,12,2016,25990),(1606,90,4983,12,2016,26590),(1607,90,4984,12,2016,28890),(1608,90,4985,12,2016,29990),(1609,90,4986,12,2016,23990),(1610,90,4987,12,2016,27490),(1611,90,4988,12,2016,25990),(1612,90,4989,12,2016,26590),(1613,90,4990,12,2016,28990),(1614,90,4991,12,2016,29990),(1615,90,4994,12,2016,27490),(1616,90,4993,12,2016,27490),(1617,90,4988,12,2016,29990),(1618,90,4997,12,2016,31990),(1619,90,4998,12,2016,32990),(1620,90,5000,12,2016,35490),(1621,90,5001,12,2016,36990),(1622,90,5002,1,2016,39990),(1623,90,5003,1,2016,21990),(1624,90,5004,1,2016,24490),(1625,90,5005,1,2016,25990),(1626,90,5006,1,2016,36690);
/*!40000 ALTER TABLE `auto_valor` ENABLE KEYS */;
UNLOCK TABLES;

--
-- Table structure for table `categorias`
--

DROP TABLE IF EXISTS `categorias`;
/*!40101 SET @saved_cs_client     = @@character_set_client */;
/*!40101 SET character_set_client = utf8 */;
CREATE TABLE `categorias` (
  `id_categ` int(11) NOT NULL AUTO_INCREMENT,
  `categoria` varchar(100) NOT NULL,
  PRIMARY KEY (`id_categ`)
) ENGINE=InnoDB AUTO_INCREMENT=5 DEFAULT CHARSET=latin1;
/*!40101 SET character_set_client = @saved_cs_client */;

--
-- Dumping data for table `categorias`
--

LOCK TABLES `categorias` WRITE;
/*!40000 ALTER TABLE `categorias` DISABLE KEYS */;
INSERT INTO `categorias` VALUES (1,'I'),(2,'II'),(3,'III'),(4,'NA');
/*!40000 ALTER TABLE `categorias` ENABLE KEYS */;
UNLOCK TABLES;

--
-- Table structure for table `clase`
--

DROP TABLE IF EXISTS `clase`;
/*!40101 SET @saved_cs_client     = @@character_set_client */;
/*!40101 SET character_set_client = utf8 */;
CREATE TABLE `clase` (
  `id_clase` int(11) NOT NULL AUTO_INCREMENT,
  `clase` varchar(40) NOT NULL,
  PRIMARY KEY (`id_clase`)
) ENGINE=InnoDB AUTO_INCREMENT=24 DEFAULT CHARSET=latin1;
/*!40101 SET character_set_client = @saved_cs_client */;

--
-- Dumping data for table `clase`
--

LOCK TABLES `clase` WRITE;
/*!40000 ALTER TABLE `clase` DISABLE KEYS */;
INSERT INTO `clase` VALUES (1,'Auto'),(2,'Camión'),(3,'Rural'),(4,'Omnibus'),(5,'Microbus'),(6,'Pick-UP'),(7,'Panel'),(8,'Remolque'),(9,'Minivan'),(10,'Van'),(12,'Camioneta'),(13,'NA'),(17,'ST.WAGON'),(18,'Tracto-Camiones'),(19,'Semi-Remolque (Acoplados)'),(20,'Remolcador'),(21,'Volquete'),(22,'Sedan'),(23,'Todo Terreno');
/*!40000 ALTER TABLE `clase` ENABLE KEYS */;
UNLOCK TABLES;

--
-- Table structure for table `clase_modelo`
--

DROP TABLE IF EXISTS `clase_modelo`;
/*!40101 SET @saved_cs_client     = @@character_set_client */;
/*!40101 SET character_set_client = utf8 */;
CREATE TABLE `clase_modelo` (
  `id` int(11) NOT NULL AUTO_INCREMENT,
  `id_clase` int(11) DEFAULT NULL,
  `id_modelo` int(11) DEFAULT NULL,
  `valor` double DEFAULT NULL,
  `id_marca` int(11) DEFAULT NULL,
  `anio` int(100) DEFAULT NULL,
  PRIMARY KEY (`id`),
  KEY `id_clase` (`id_clase`),
  KEY `id_modelo` (`id_modelo`),
  KEY `id_marca` (`id_marca`),
  CONSTRAINT `clase_modelo_ibfk_3` FOREIGN KEY (`id_clase`) REFERENCES `clase` (`id_clase`),
  CONSTRAINT `clase_modelo_ibfk_4` FOREIGN KEY (`id_marca`) REFERENCES `marca` (`id_marca`)
) ENGINE=InnoDB DEFAULT CHARSET=latin1;
/*!40101 SET character_set_client = @saved_cs_client */;

--
-- Dumping data for table `clase_modelo`
--

LOCK TABLES `clase_modelo` WRITE;
/*!40000 ALTER TABLE `clase_modelo` DISABLE KEYS */;
/*!40000 ALTER TABLE `clase_modelo` ENABLE KEYS */;
UNLOCK TABLES;

--
-- Table structure for table `clientes`
--

DROP TABLE IF EXISTS `clientes`;
/*!40101 SET @saved_cs_client     = @@character_set_client */;
/*!40101 SET character_set_client = utf8 */;
CREATE TABLE `clientes` (
  `id_cliente` int(11) NOT NULL AUTO_INCREMENT,
  `fullname` varchar(100) NOT NULL,
  `email` varchar(50) NOT NULL,
  `celular` int(11) NOT NULL,
  `chose_marca` int(11) NOT NULL,
  `chose_modelo` int(11) NOT NULL,
  `chose_tipo` int(11) NOT NULL,
  `chose_timon` int(11) NOT NULL,
  `chose_modalid` int(11) NOT NULL,
  `chose_uso` int(11) NOT NULL,
  `chose_anio` int(11) NOT NULL,
  `chose_ubicL` int(11) NOT NULL,
  `chose_ubicP` int(11) NOT NULL,
  `chose_informat` int(11) NOT NULL,
  `value` double NOT NULL,
  PRIMARY KEY (`id_cliente`),
  KEY `clientes_5e2bc7f1` (`chose_marca`),
  KEY `clientes_8eaa9523` (`chose_modelo`),
  KEY `clientes_a1ba0804` (`chose_tipo`),
  KEY `clientes_25dd2e00` (`chose_timon`),
  KEY `clientes_626b09aa` (`chose_modalid`),
  KEY `clientes_7fe5b8e9` (`chose_uso`),
  KEY `clientes_a542848c` (`chose_anio`),
  CONSTRAINT `chose_anio_refs_id_anio_ae95852b` FOREIGN KEY (`chose_anio`) REFERENCES `anio` (`id_anio`),
  CONSTRAINT `chose_marca_refs_id_marca_09cda8cf` FOREIGN KEY (`chose_marca`) REFERENCES `marca` (`id_marca`),
  CONSTRAINT `chose_modalid_refs_id_modalidad_9cb2e6af` FOREIGN KEY (`chose_modalid`) REFERENCES `modalidad` (`id_modalidad`),
  CONSTRAINT `chose_modelo_refs_id_model_004893ee` FOREIGN KEY (`chose_modelo`) REFERENCES `modelo` (`id_model`),
  CONSTRAINT `chose_timon_refs_id_timon_9b27001a` FOREIGN KEY (`chose_timon`) REFERENCES `timon` (`id_timon`),
  CONSTRAINT `chose_tipo_refs_id_clase_29f21653` FOREIGN KEY (`chose_tipo`) REFERENCES `clase` (`id_clase`),
  CONSTRAINT `chose_uso_refs_id_uso_0748f3c1` FOREIGN KEY (`chose_uso`) REFERENCES `uso` (`id_uso`)
) ENGINE=InnoDB AUTO_INCREMENT=23 DEFAULT CHARSET=latin1;
/*!40101 SET character_set_client = @saved_cs_client */;

--
-- Dumping data for table `clientes`
--

LOCK TABLES `clientes` WRITE;
/*!40000 ALTER TABLE `clientes` DISABLE KEYS */;
INSERT INTO `clientes` VALUES (1,'Julia','joel@gmail.com',985254587,133,2189,22,1,2,1,18,0,0,0,249.90756777),(2,'sd','dsds',434334,133,2189,22,1,1,1,11,0,0,0,1213.785),(3,'r','trt',6565,133,2189,22,1,2,1,2,0,0,0,1498.5),(4,'ewew','wewew',23232,133,2189,22,1,2,1,15,0,0,0,342.81),(5,'tyt','yt',56565,133,2189,1,1,2,1,2,0,0,0,18000),(6,'444','444',444,133,2189,1,1,2,1,13,0,0,0,31900),(7,'uyu','uy',7676,133,2189,1,1,2,1,12,0,0,0,29507.5),(8,'787','878',7877,133,2189,1,1,1,1,2,0,0,0,31900),(9,'656','6565',6565,133,2189,1,1,2,1,2,0,0,0,31900),(10,'787','878',7878,133,2189,1,1,2,1,2,0,0,0,31900),(11,'786','786',6878,133,2189,1,1,2,1,2,0,0,0,31900),(12,'666','666',666,133,2189,1,1,2,1,2,0,0,0,31900),(13,'77','77',77777,133,2189,1,1,1,1,2,0,0,0,31900),(14,'89','88',988,133,2189,1,1,2,1,13,0,0,0,31900),(15,'545','5454',545,133,2189,1,1,1,1,2,0,0,0,31900),(16,'54','545',545,133,2189,1,1,2,2,2,0,0,0,31900),(17,'76','76',76767,133,2189,1,1,2,1,2,0,0,0,31900),(18,'766','76',767676,133,2189,1,1,2,1,2,0,0,0,31900),(19,'898','9898',9898,133,2189,1,1,2,1,2,0,0,0,31900),(20,'676','767',67676,133,2189,1,1,2,1,2,0,0,0,31900),(21,'33','434',3434,133,2189,1,1,2,1,2,0,0,0,31900),(22,'656','65',65656,133,2189,1,1,2,1,2,0,0,0,31900);
/*!40000 ALTER TABLE `clientes` ENABLE KEYS */;
UNLOCK TABLES;

--
-- Table structure for table `cobert_asegur`
--

DROP TABLE IF EXISTS `cobert_asegur`;
/*!40101 SET @saved_cs_client     = @@character_set_client */;
/*!40101 SET character_set_client = utf8 */;
CREATE TABLE `cobert_asegur` (
  `id` int(11) NOT NULL AUTO_INCREMENT,
  `id_cob` int(11) NOT NULL,
  `id_aseg` int(11) NOT NULL,
  `id_uso` int(11) NOT NULL,
  `Value` varchar(15000) NOT NULL,
  `tipo` int(11) DEFAULT NULL,
  `modalidad` int(11) DEFAULT NULL,
  `anio` int(11) DEFAULT NULL,
  `categoria` int(11) DEFAULT NULL,
  `programa` int(11) DEFAULT NULL,
  PRIMARY KEY (`id`),
  KEY `cobert_asegur_0579699d` (`id_cob`),
  KEY `cobert_asegur_2411b467` (`id_aseg`),
  KEY `cobert_asegur_90ad2a19` (`id_uso`),
  KEY `cobert_asegur_acf1eac4` (`tipo`),
  KEY `cobert_asegur_0daa027a` (`modalidad`),
  KEY `cobert_asegur_284c9549` (`anio`),
  KEY `cobert_asegur_5f2644f7` (`categoria`),
  KEY `cobert_asegur_23fb0883` (`programa`),
  CONSTRAINT `anio_refs_id_anio_657bf085` FOREIGN KEY (`anio`) REFERENCES `anio` (`id_anio`),
  CONSTRAINT `categoria_refs_id_categ_fc851480` FOREIGN KEY (`categoria`) REFERENCES `categorias` (`id_categ`),
  CONSTRAINT `id_aseg_refs_id_asegurad_5b02c9b4` FOREIGN KEY (`id_aseg`) REFERENCES `aseguradora` (`id_asegurad`),
  CONSTRAINT `id_cob_refs_id_cobert_d2b7d180` FOREIGN KEY (`id_cob`) REFERENCES `cobertura` (`id_cobert`),
  CONSTRAINT `id_uso_refs_id_uso_75576030` FOREIGN KEY (`id_uso`) REFERENCES `uso` (`id_uso`),
  CONSTRAINT `modalidad_refs_id_modalidad_f1d3ffac` FOREIGN KEY (`modalidad`) REFERENCES `modalidad` (`id_modalidad`),
  CONSTRAINT `programa_refs_id_program_284bcf2e` FOREIGN KEY (`programa`) REFERENCES `programa` (`id_program`),
  CONSTRAINT `tipo_refs_id_clase_d820a7b6` FOREIGN KEY (`tipo`) REFERENCES `clase` (`id_clase`)
) ENGINE=InnoDB AUTO_INCREMENT=932 DEFAULT CHARSET=latin1;
/*!40101 SET character_set_client = @saved_cs_client */;

--
-- Dumping data for table `cobert_asegur`
--

LOCK TABLES `cobert_asegur` WRITE;
/*!40000 ALTER TABLE `cobert_asegur` DISABLE KEYS */;
INSERT INTO `cobert_asegur` VALUES (34,16,1,6,'5000',1,2,22,1,3),(36,13,4,6,'10',1,2,12,1,2),(42,29,4,2,'S/. 800',2,1,11,2,4),(43,32,3,1,'Valor Pactado',1,4,24,3,10),(46,80,3,1,'Valor pactado',1,4,24,3,10),(48,120,3,1,'S/. 60000',1,4,24,3,10),(55,16,3,1,'15d por choque /30d por robo',1,4,24,3,10),(56,16,3,2,'S/. 300',1,4,24,3,10),(57,18,3,1,'S/. 650',1,4,24,3,10),(58,32,3,2,'Valor Comercial',6,4,24,3,10),(61,80,3,2,'Valor comercial',6,4,24,3,10),(63,120,3,2,'S/. 60000',6,4,24,3,10),(64,8,3,1,'S/. 12000',6,4,24,3,10),(65,8,3,2,'S/. 12000',6,4,24,3,10),(67,84,3,1,'S/. 670',6,4,24,3,10),(68,13,3,1,'Valor pactado',6,4,24,3,10),(69,13,3,2,'Valor comercial',6,4,24,3,10),(70,86,3,1,'S/. 3000',6,4,24,3,10),(72,10,3,2,'S/. 4000',6,4,24,3,10),(74,84,3,2,'S/. 670',6,4,24,3,10),(77,87,3,2,'Hasta S/. 5500',6,4,24,3,10),(78,18,3,2,'S/. 650',6,4,24,3,10),(79,32,1,1,'Valor asegurado',1,2,21,3,10),(81,32,1,1,'Valor asegurado',7,2,21,3,10),(82,32,1,1,'Valor asegurado',3,2,21,3,10),(83,32,1,1,'Valor asegurado',17,2,21,3,10),(104,86,1,1,'Hasta 1000',1,2,21,3,10),(105,86,1,1,'Hasta 1000',3,2,21,3,10),(106,86,1,1,'Hasta 1000',6,2,21,3,10),(107,86,1,1,'Hasta 1000',7,2,21,3,10),(108,86,1,1,'Hasta 1000',17,2,21,3,10),(110,8,1,1,'USD 4000',3,2,21,3,10),(111,8,1,1,'USD 4000',6,2,21,3,10),(112,8,1,1,'USD 4000',7,2,21,3,10),(113,8,1,1,'USD 4000',17,2,21,3,10),(114,120,1,1,'USD 20000',1,2,21,3,10),(115,120,1,1,'USD 20000',3,2,21,3,10),(116,120,1,1,'USD 20000',6,2,21,3,10),(117,120,1,1,'USD 20000',7,2,21,3,10),(118,120,1,1,'USD 20000',17,2,21,3,10),(119,29,1,1,'Hasta USD 1000',1,2,21,3,10),(120,29,1,1,'Hasta USD 1000',3,2,21,3,10),(121,29,1,1,'Hasta USD 1000',6,2,21,3,10),(122,29,1,1,'Hasta USD 1000',7,2,21,3,10),(123,29,1,1,'Hasta USD 1000',17,2,21,3,10),(124,20,1,1,'Valor asegurado',1,2,21,3,10),(125,20,1,1,'Valor asegurado',3,2,21,3,10),(126,20,1,1,'Valor asegurado',6,2,21,3,10),(127,20,1,1,'Valor asegurado',7,2,21,3,10),(128,20,1,1,'Valor asegurado',17,2,21,3,10),(129,21,1,1,'Valor asegurado',1,2,21,3,10),(130,21,1,1,'Valor asegurado',3,2,21,3,10),(131,21,1,1,'Valor asegurado',6,2,21,3,10),(132,21,1,1,'Valor asegurado',7,2,21,3,10),(133,21,1,1,'Valor asegurado',17,2,21,3,10),(134,1,1,1,'Valor asegurado',1,2,21,3,10),(135,1,1,1,'Valor asegurado',3,2,21,3,10),(136,1,1,1,'Valor asegurado',6,2,21,3,10),(137,1,1,1,'Valor asegurado',7,2,21,3,10),(138,1,1,1,'Valor asegurado',17,2,21,3,10),(139,13,1,1,'Valor asegurado',1,2,21,3,10),(140,13,1,1,'Valor asegurado',3,2,21,3,10),(141,13,1,1,'Valor asegurado',6,2,21,3,10),(142,13,1,1,'Valor asegurado',7,2,21,3,10),(143,13,1,1,'Valor asegurado',17,2,21,3,10),(148,32,1,3,'Valor Comercial',1,2,3,3,10),(149,32,1,3,'Valor Comercial',3,2,3,3,10),(150,32,1,3,'Valor Comercial',17,2,3,3,10),(154,120,1,3,'USD 10000 c/u',1,2,3,3,10),(155,120,1,3,'USD 10000 c/u',3,2,3,3,10),(156,120,1,3,'USD 10000 c/u',17,2,3,3,10),(157,8,1,1,'Hasta USD 2000',1,2,3,3,10),(158,8,1,1,'Hasta USD 2000',3,2,3,3,10),(159,8,1,1,'Hasta USD 2000',17,2,3,3,10),(160,8,1,3,'Hasta USD 2000',1,2,3,3,10),(161,8,1,3,'Hasta USD 2000',3,2,3,3,10),(162,8,1,3,'Hasta USD 2000',17,2,3,3,10),(163,86,1,3,'Hasta USD 1000',1,2,3,3,10),(164,86,1,3,'Hasta USD 1000',3,2,3,3,10),(165,86,1,3,'Hasta USD 1000',17,2,3,3,10),(166,29,1,3,'Hasta USD 500',1,2,3,3,10),(167,29,1,3,'Hasta USD 500',3,2,3,3,10),(168,29,1,3,'Hasta USD 500',17,2,3,3,10),(169,20,1,3,'Valor comercial',1,2,3,3,10),(170,20,1,3,'Valor comercial',3,2,3,3,10),(171,20,1,3,'Valor comercial',17,2,3,3,10),(172,21,1,3,'Valor comercial',1,2,3,3,10),(173,21,1,3,'Valor comercial',3,2,3,3,10),(174,21,1,3,'Valor comercial',17,2,3,3,10),(175,1,1,3,'Valor comercial',1,2,3,3,10),(176,1,1,3,'Valor comercial',3,2,3,3,10),(177,1,1,3,'Valor comercial',17,2,3,3,10),(178,13,1,3,'Valor comercial',1,2,3,3,10),(179,13,1,3,'Valor comercial',3,2,3,3,10),(180,13,1,3,'Valor comercial',17,2,3,3,10),(184,32,1,3,'Valor comercial',4,2,16,3,10),(185,32,1,3,'Valor comercial',5,2,16,3,10),(190,120,1,3,'Hasta USD 10000',4,2,16,3,10),(191,120,1,3,'Hasta USD 10000',5,2,16,3,10),(192,8,1,1,'Hasta USD 10000',4,2,16,3,10),(193,8,1,1,'Hasta USD 10000',5,2,16,3,10),(194,86,1,3,'Hasta USD 2000',4,2,16,3,10),(195,86,1,3,'Hasta USD 2000',5,2,16,3,10),(196,29,1,3,'Hasta USD 1000',4,2,16,3,10),(197,29,1,3,'Hasta USD 1000',5,2,16,3,10),(198,20,1,3,'Valor Comercial',4,2,16,3,10),(199,20,1,3,'Valor Comercial',5,2,16,3,10),(200,21,1,3,'Valor asegurado',4,2,16,3,10),(201,21,1,3,'Valor asegurado',5,2,16,3,10),(202,1,1,3,'Valor asegurado',4,2,16,3,10),(203,1,1,3,'Valor asegurado',5,2,16,3,10),(204,13,1,3,'Valor comercial',4,2,16,3,10),(205,13,1,3,'Valor comercial',5,2,16,3,10),(208,32,1,6,'Valor Comercial',1,2,3,3,10),(209,32,1,6,'Valor Comercial',3,2,3,3,10),(210,32,1,6,'Valor Comercial',6,2,3,3,10),(211,32,1,6,'Valor Comercial',17,2,3,3,10),(224,29,1,6,'USD 1000',1,2,3,3,10),(225,29,1,6,'USD 1000',3,2,3,3,10),(226,29,1,6,'USD 1000',6,2,3,3,10),(227,29,1,6,'USD 1000',17,2,3,3,10),(228,20,1,6,'Valor comercial',1,2,3,3,10),(229,20,1,6,'Valor comercial',3,2,3,3,10),(230,20,1,6,'Valor comercial',6,2,3,3,10),(231,20,1,6,'Valor comercial',17,2,3,3,10),(232,21,1,6,'Valor comercial',1,2,3,3,10),(233,21,1,6,'Valor comercial',3,2,3,3,10),(234,21,1,6,'Valor comercial',6,2,3,3,10),(235,21,1,6,'Valor comercial',17,2,3,3,10),(236,1,1,6,'Valor comercial',1,2,3,3,10),(237,1,1,6,'Valor comercial',3,2,3,3,10),(238,1,1,6,'Valor comercial',6,2,3,3,10),(239,1,1,6,'Valor comercial',17,2,3,3,10),(240,13,1,6,'Valor comercial',1,2,3,3,10),(241,13,1,6,'Valor comercial',3,2,3,3,10),(242,13,1,6,'Valor comercial',6,2,3,3,10),(243,13,1,6,'Valor comercial',17,2,3,3,10),(248,32,1,15,'Valor asegurado',6,4,3,3,10),(249,32,1,15,'Valor asegurado',7,4,3,3,10),(256,120,1,15,'USD 20000 c/u',6,2,3,3,10),(257,120,1,15,'USD 20000 c/u',7,2,3,3,10),(258,8,1,15,'USD 40000',6,2,3,3,10),(259,8,1,15,'USD 40000',7,2,3,3,10),(260,29,1,15,'USD 1000',6,2,3,3,10),(261,29,1,15,'USD 1000',7,2,3,3,10),(262,20,1,15,'Valor asegurado',6,2,3,3,11),(263,20,1,15,'Valor asegurado',7,2,3,3,11),(264,20,1,15,'Valor asegurado',6,2,3,3,10),(265,20,1,15,'Valor asegurado',7,2,3,3,10),(266,21,1,15,'Valor asegrado',6,2,3,3,10),(267,21,1,15,'Valor asegrado',7,2,3,3,10),(268,1,1,15,'Valor asegurado',6,2,3,3,10),(269,1,1,15,'Valor asegurado',7,2,3,3,10),(270,13,1,15,'Valor asegurado',6,2,3,3,10),(271,13,1,15,'Valor asegurado',7,2,3,3,10),(274,32,1,16,'Valor comercial',1,2,21,3,10),(275,32,1,16,'Valor comercial',3,2,21,3,10),(276,32,1,16,'Valor comercial',6,2,21,3,10),(277,32,1,16,'Valor comercial',7,2,21,3,10),(278,32,1,16,'Valor comercial',17,2,21,3,10),(284,120,1,16,'USD 5000',1,2,21,3,10),(285,120,1,16,'USD 5000',3,2,21,3,10),(286,120,1,16,'USD 5000',6,2,21,3,10),(287,120,1,16,'USD 5000',7,2,21,3,10),(288,120,1,16,'USD 5000',17,2,21,3,10),(289,8,1,16,'USD 1000',1,2,21,3,10),(290,8,1,16,'USD 1000',3,2,21,3,10),(291,8,1,16,'USD 1000',6,2,21,3,10),(292,8,1,16,'USD 1000',7,2,21,3,10),(293,8,1,16,'USD 1000',17,2,21,3,10),(294,20,1,16,'Valor comercial',1,2,21,3,10),(295,20,1,16,'Valor comercial',6,2,21,3,10),(296,20,1,16,'Valor comercial',7,2,21,3,10),(297,20,1,16,'Valor comercial',17,2,21,3,10),(298,1,1,16,'Valor comercial',1,2,21,3,10),(299,1,1,16,'Valor comercial',3,2,21,3,10),(300,1,1,16,'Valor comercial',6,2,21,3,10),(301,1,1,16,'Valor comercial',7,2,21,3,10),(302,1,1,16,'Valor comercial',17,2,21,3,10),(303,1,1,16,'Valor comercial',1,2,21,3,10),(304,1,1,16,'Valor comercial',3,2,21,3,10),(305,1,1,16,'Valor comercial',6,2,21,3,10),(306,1,1,16,'Valor comercial',7,2,21,3,10),(307,1,1,16,'Valor comercial',17,2,21,3,10),(308,13,1,16,'Valor comercial',1,2,22,3,10),(309,13,1,16,'Valor comercial',3,2,22,3,10),(310,13,1,16,'Valor comercial',6,2,22,3,10),(311,13,1,16,'Valor comercial',7,2,22,3,10),(312,13,1,16,'Valor comercial',17,2,22,3,10),(313,13,1,7,'Valor comercial',1,2,3,3,10),(314,13,1,7,'Valor comercial',3,2,3,3,10),(315,13,1,7,'Valor comercial',6,2,3,3,10),(316,13,1,7,'Valor comercial',7,2,3,3,10),(317,13,1,7,'Valor comercial',17,2,3,3,10),(323,120,1,7,'USD 50000',1,2,3,3,10),(324,120,1,7,'USD 50000',3,2,3,3,10),(325,120,1,7,'USD 50000',6,2,3,3,10),(326,120,1,7,'USD 50000',7,2,3,3,10),(327,120,1,7,'USD 50000',17,2,3,3,10),(328,8,1,7,'USD 1000',1,2,3,3,10),(329,8,1,7,'USD 1000',3,2,3,3,10),(330,8,1,7,'USD 1000',6,2,3,3,10),(331,8,1,7,'USD 1000',7,2,3,3,10),(332,8,1,7,'USD 1000',17,2,3,3,10),(333,32,1,8,'Valor comercial',1,2,24,3,10),(334,32,1,8,'Valor comercial',2,2,24,3,10),(335,32,1,8,'Valor comercial',3,2,24,3,10),(336,32,1,8,'Valor comercial',6,2,24,3,10),(337,32,1,8,'Valor comercial',7,2,24,3,10),(338,32,1,8,'Valor comercial',8,2,24,3,10),(339,32,1,8,'Valor comercial',17,2,24,3,10),(347,120,1,8,'USD 5000',1,2,24,3,10),(348,120,1,8,'USD 5000',2,2,24,3,10),(349,120,1,8,'USD 5000',3,2,24,3,10),(350,120,1,8,'USD 5000',6,2,24,3,10),(351,120,1,8,'USD 5000',7,2,24,3,10),(352,120,1,8,'USD 5000',8,2,24,3,10),(353,120,1,8,'USD 5000',17,2,24,3,10),(354,8,1,8,'USD 1000',1,2,24,3,10),(355,8,1,8,'USD 1000',2,2,24,3,10),(356,8,1,8,'USD 1000',3,2,24,3,10),(357,8,1,8,'USD 1000',6,2,24,3,10),(358,8,1,8,'USD 1000',7,2,24,3,10),(359,8,1,8,'USD 1000',8,2,24,3,10),(360,8,1,8,'USD 1000',17,2,24,3,10),(361,20,1,8,'Valor comercial',1,1,24,3,10),(362,20,1,8,'Valor comercial',2,1,24,3,10),(363,20,1,8,'Valor comercial',3,1,24,3,10),(364,20,1,8,'Valor comercial',6,1,24,3,10),(365,20,1,8,'Valor comercial',7,1,24,3,10),(366,20,1,8,'Valor comercial',8,1,24,3,10),(367,20,1,8,'Valor comercial',17,1,24,3,10),(368,1,1,8,'Valor comercial',1,2,24,3,10),(369,1,1,8,'Valor comercial',2,2,24,3,10),(370,1,1,8,'Valor comercial',3,2,24,3,10),(371,1,1,8,'Valor comercial',6,2,24,3,10),(372,1,1,8,'Valor comercial',7,2,24,3,10),(373,1,1,8,'Valor comercial',8,2,24,3,10),(374,1,1,8,'Valor comercial',17,2,24,3,10),(375,13,1,8,'Valor comercial',1,2,21,3,10),(376,13,1,8,'Valor comercial',2,2,21,3,10),(377,13,1,8,'Valor comercial',3,2,21,3,10),(378,13,1,8,'Valor comercial',6,2,21,3,10),(379,13,1,8,'Valor comercial',7,2,21,3,10),(380,13,1,8,'Valor comercial',8,2,21,3,10),(381,13,1,8,'Valor comercial',17,2,21,3,10),(382,32,1,17,'Valor comercial',2,2,16,3,10),(383,32,1,17,'Valor comercial',8,2,16,3,10),(384,32,1,17,'Valor comercial',18,2,16,3,10),(391,120,1,17,'USD 10000',2,2,16,3,10),(392,120,1,17,'USD 10000',8,2,16,3,10),(393,120,1,17,'USD 10000',18,2,16,3,10),(394,8,1,17,'USD 2000',2,2,16,3,10),(395,8,1,17,'USD 2000',8,2,16,3,10),(396,8,1,17,'USD 2000',18,2,16,3,10),(397,86,1,17,'USD 1000',1,2,16,3,10),(398,86,1,17,'USD 1000',8,2,16,3,10),(399,86,1,17,'USD 1000',18,2,16,3,10),(400,29,1,17,'USD 1000',2,2,16,3,10),(401,29,1,17,'USD 1000',8,2,16,3,10),(402,29,1,17,'USD 1000',18,2,16,3,10),(403,20,1,17,'Valor comercial',2,2,16,3,10),(404,20,1,17,'Valor comercial',8,2,16,3,10),(405,20,1,17,'Valor comercial',18,2,16,3,10),(406,21,1,17,'Valor comercial',2,2,16,3,10),(407,21,1,17,'Valor comercial',8,2,16,3,10),(408,21,1,17,'Valor comercial',18,2,16,3,10),(409,1,1,17,'Valor comercial',2,2,16,3,10),(410,1,1,17,'Valor comercial',8,2,16,3,10),(411,1,1,17,'Valor comercial',18,2,16,3,10),(412,13,1,17,'Valor comercial',2,2,16,3,10),(413,13,1,17,'Valor comercial',8,2,16,3,10),(414,13,1,17,'Valor comercial',18,2,16,3,10),(420,32,1,4,'Valor comercial',4,2,3,3,10),(422,120,1,4,'USD 10000',4,2,3,3,10),(423,8,1,4,'USD 10000',4,2,3,3,10),(424,86,1,4,'USD 2000',4,2,3,3,10),(425,29,1,4,'USD 1000',4,2,3,3,10),(426,20,1,4,'Valor comercial',4,2,3,3,10),(427,21,1,4,'Valor comercial',4,2,3,3,10),(428,1,1,4,'Valor comercial',4,2,3,3,10),(429,13,1,4,'Valor comercial',4,2,3,3,10),(434,32,1,5,'Valor comercial',4,2,7,3,10),(435,32,1,5,'Valor comercial',5,2,7,3,10),(436,32,1,5,'Valor comercial',3,2,7,3,10),(440,120,1,5,'USD 10000',4,2,7,3,10),(441,120,1,5,'USD 10000',5,2,7,3,10),(442,120,1,5,'USD 10000',3,2,7,3,10),(443,8,1,5,'USD 2000',4,2,7,3,10),(444,8,1,5,'USD 2000',5,2,7,3,10),(445,8,1,5,'USD 2000',3,2,7,3,10),(446,86,1,5,'USD 2000',4,2,7,3,10),(447,86,1,5,'USD 2000',5,2,7,3,10),(448,86,1,5,'USD 2000',3,2,7,3,10),(449,29,1,5,'USD 1000',4,2,7,3,10),(450,29,1,5,'USD 1000',5,2,7,3,10),(451,29,1,5,'USD 1000',3,2,7,3,10),(452,20,1,5,'Valor comercial',4,2,7,3,10),(453,20,1,5,'Valor comercial',5,2,7,3,10),(454,20,1,5,'Valor comercial',3,2,7,3,10),(455,21,1,5,'Valor comercial',4,2,7,3,10),(456,21,1,5,'Valor comercial',5,2,7,3,10),(457,21,1,5,'Valor comercial',3,2,7,3,10),(458,1,1,5,'Valor comercial',4,2,7,3,10),(459,1,1,5,'Valor comercial',5,2,7,3,10),(460,1,1,5,'Valor comercial',3,2,7,3,10),(461,13,1,5,'Valor comercial',4,2,7,3,10),(462,13,1,5,'Valor comercial',5,2,7,3,10),(463,13,1,5,'Valor comercial',3,2,7,3,10),(472,120,1,5,'S/. 30000',1,3,21,3,10),(473,120,1,5,'S/. 30000',17,3,21,3,10),(474,120,1,5,'S/. 30000',7,3,21,3,10),(475,120,1,5,'S/. 30000',3,3,21,3,10),(476,120,1,5,'S/. 30000',6,3,21,3,10),(477,8,1,5,'S/. 6000',1,3,21,3,10),(478,8,1,5,'S/. 6000',17,3,21,3,10),(479,8,1,5,'S/. 6000',7,3,21,3,10),(480,8,1,5,'S/. 6000',3,3,21,3,10),(481,8,1,5,'S/. 6000',6,3,21,3,10),(482,86,1,5,'S/. 3000',1,3,21,3,10),(484,86,1,5,'S/. 3000',7,3,21,3,10),(485,86,1,5,'S/. 3000',3,3,21,3,10),(486,86,1,5,'S/. 3000',6,3,21,3,10),(492,79,1,17,'Valor comercial',1,1,21,3,10),(493,79,1,17,'Valor comercial',17,1,21,3,10),(494,79,1,17,'Valor comercial',7,1,21,3,10),(495,79,1,17,'Valor comercial',3,1,21,3,10),(496,79,1,17,'Valor comercial',6,1,21,3,10),(497,79,1,17,'Valor comercial',8,1,21,3,10),(498,79,1,17,'Valor comercial',18,1,21,3,10),(513,120,1,17,'USD 20000',1,1,21,3,10),(514,120,1,17,'USD 20000',17,1,21,3,10),(515,120,1,17,'USD 20000',7,1,21,3,10),(516,120,1,17,'USD 20000',3,1,21,3,10),(517,120,1,17,'USD 20000',6,1,21,3,10),(518,120,1,17,'USD 20000',8,1,21,3,10),(519,120,1,17,'USD 20000',18,1,21,3,10),(520,8,1,17,'USD 4000',1,1,21,3,10),(522,8,1,17,'USD 4000',7,1,21,3,10),(523,8,1,17,'USD 4000',3,1,21,3,10),(524,8,1,17,'USD 4000',6,1,21,3,10),(525,8,1,17,'USD 4000',8,1,21,3,10),(527,86,1,17,'USD 1000',1,1,21,3,10),(529,86,1,17,'USD 1000',7,1,21,3,10),(530,86,1,17,'USD 1000',3,1,21,3,10),(531,86,1,17,'USD 1000',6,1,21,3,10),(532,86,1,17,'USD 1000',8,1,21,3,10),(534,20,1,17,'Valor comercial',1,1,21,3,10),(536,20,1,17,'Valor comercial',7,1,21,3,10),(537,20,1,17,'Valor comercial',3,1,21,3,10),(538,20,1,17,'Valor comercial',6,1,21,3,10),(539,20,1,17,'Valor comercial',8,1,21,3,10),(541,21,1,17,'Valor comercial',1,1,21,3,10),(543,21,1,17,'Valor comercial',7,1,21,3,10),(544,21,1,17,'Valor comercial',3,1,21,3,10),(545,21,1,17,'Valor comercial',6,1,21,3,10),(546,21,1,17,'Valor comercial',8,1,21,3,10),(548,1,1,17,'Valor comercial',1,1,21,3,10),(550,1,1,17,'Valor comercial',7,1,21,3,10),(551,1,1,17,'Valor comercial',3,1,21,3,10),(552,1,1,17,'Valor comercial',6,1,21,3,10),(553,1,1,17,'Valor comercial',8,1,21,3,10),(556,32,1,1,'Valor asegurado',17,2,21,3,10),(557,32,1,1,'Valor asegurado',7,2,21,3,10),(558,32,1,1,'Valor asegurado',3,2,21,3,10),(569,120,1,1,'USD 20000',7,2,21,3,10),(570,120,1,1,'USD 20000',3,2,21,3,10),(573,8,1,1,'USD 4000',7,2,21,3,10),(574,8,1,1,'USD 4000',3,2,21,3,10),(576,86,1,1,'USD 1500',17,2,21,3,10),(577,86,1,1,'USD 1500',7,2,21,3,10),(578,86,1,1,'USD 1500',3,2,21,3,10),(581,29,1,1,'USD 1000',7,2,21,3,10),(582,29,1,1,'USD 1000',3,2,21,3,10),(584,20,1,1,'Valor asegurado',17,2,21,3,10),(585,20,1,1,'Valor asegurado',7,2,21,3,10),(586,20,1,1,'Valor asegurado',3,2,21,3,10),(588,21,1,1,'Valor asegurado',17,2,21,3,10),(589,21,1,1,'Valor asegurado',7,2,21,3,10),(590,21,1,1,'Valor asegurado',3,2,21,3,10),(593,1,1,1,'Valor asegurado',7,2,21,3,10),(594,1,1,1,'Valor asegurado',3,2,21,3,10),(596,13,1,1,'Valor asegurado',17,2,21,3,10),(597,13,1,1,'Valor asegurado',7,2,21,3,10),(598,13,1,1,'Valor asegurado',3,2,21,3,10),(607,32,4,1,'Valor pactado',1,4,21,3,4),(608,32,4,1,'Valor pactado',3,4,21,3,4),(609,32,4,1,'Valor pactado',6,4,21,3,4),(610,79,4,1,'Valor pactado',1,4,21,3,4),(611,79,4,1,'Valor pactado',3,4,21,3,4),(612,79,4,1,'Valor pactado',6,4,21,3,4),(619,26,4,1,'USD 20000',1,4,21,3,4),(620,26,4,1,'USD 20000',3,4,21,3,4),(621,26,4,1,'USD 20000',6,4,21,3,4),(622,8,4,1,'USD 4000',1,4,21,3,4),(623,8,4,1,'USD 4000',3,4,21,3,4),(624,8,4,1,'USD 4000',6,4,21,3,4),(625,86,4,1,'USD 2000',1,4,21,3,4),(626,86,4,1,'USD 2000',3,4,21,3,4),(627,86,4,1,'USD 2000',6,4,21,3,4),(628,29,4,1,'USD 1000',1,4,21,3,4),(629,29,4,1,'USD 1000',3,4,21,3,4),(630,29,4,1,'USD 1000',6,4,21,3,4),(631,92,4,1,'En caso de accidente, se pondrá a disposición del asegurado un vehículo de reemplazo hasta por 15 días acumulables al año y 30 días por robo total acumulables al año\0',1,4,21,3,4),(632,92,4,1,'En caso de accidente, se pondrá a disposición del asegurado un vehículo de reemplazo hasta por 15 días acumulables al año y 30 días por robo total acumulables al año\0',3,4,21,3,4),(633,92,4,1,'En caso de accidente, se pondrá a disposición del asegurado un vehículo de reemplazo hasta por 15 días acumulables al año y 30 días por robo total acumulables al año\0',6,4,21,3,4),(634,93,4,1,'Chofer de reemplazo hasta 5 veces al año\0',1,4,21,3,4),(635,93,4,1,'Chofer de reemplazo hasta 5 veces al año\0',3,4,21,3,4),(637,98,4,1,'Auxilio mecánico, grúa, ambulancia, asesoría legal y asistencia en viajes\0',1,4,21,3,4),(638,98,4,1,'Auxilio mecánico, grúa, ambulancia, asesoría legal y asistencia en viajes\0',3,4,21,3,4),(639,98,4,1,'Auxilio mecánico, grúa, ambulancia, asesoría legal y asistencia en viajes\0',6,4,21,3,4),(640,97,4,1,'USD 50000',1,4,21,3,4),(641,97,4,1,'USD 50000',3,4,21,3,4),(642,97,4,1,'USD 50000',6,4,21,3,4),(643,32,4,1,'Valor de nuevo (de factura) durante los 2 años de contratacion',1,4,21,3,7),(644,32,4,1,'Valor de nuevo (de factura) durante los 2 años de contratacion',3,4,21,3,7),(645,32,4,1,'Valor de nuevo (de factura) durante los 2 años de contratacion',6,4,21,3,7),(646,79,4,1,'Valor de nuevo (de factura) durante los 2 años de contratacion',1,4,21,3,7),(647,79,4,1,'Valor de nuevo (de factura) durante los 2 años de contratacion',3,4,21,3,7),(648,79,4,1,'Valor de nuevo (de factura) durante los 2 años de contratacion',6,4,21,3,7),(655,120,4,1,'USD 20000',1,4,21,3,7),(656,120,4,1,'USD 20000',3,4,21,3,7),(657,120,4,1,'USD 20000',6,4,21,3,7),(658,8,4,1,'USD 4000',1,4,21,3,7),(659,8,4,1,'USD 4000',3,4,21,3,7),(660,8,4,1,'USD 4000',6,4,21,3,7),(661,86,4,1,'USD 2000',1,4,21,3,7),(662,86,4,1,'USD 2000',3,4,21,3,7),(663,86,4,1,'USD 2000',6,4,21,3,7),(664,29,4,1,'1000',1,4,21,3,7),(665,29,4,1,'1000',3,4,21,3,7),(666,29,4,1,'1000',6,4,21,3,7),(667,93,4,1,'Chofer de reemplazo hasta 5 veces al año\0',1,4,21,3,7),(668,93,4,1,'Chofer de reemplazo hasta 5 veces al año\0',3,4,21,3,7),(670,92,4,1,'Vehículo de reemplazo hasta por 15 días acumulables al año\0',1,4,21,3,7),(671,92,4,1,'Vehículo de reemplazo hasta por 15 días acumulables al año\0',3,4,21,3,7),(672,92,4,1,'Vehículo de reemplazo hasta por 15 días acumulables al año\0',6,4,21,3,7),(673,98,4,1,'Comunicarse con la central de asistencia SI24 \0',1,4,21,3,7),(674,98,4,1,'Comunicarse con la central de asistencia SI24 \0',3,4,21,3,7),(675,98,4,1,'Comunicarse con la central de asistencia SI24 \0',6,4,21,3,7),(676,13,4,1,'USD 50000',1,4,21,3,7),(677,13,4,1,'USD 50000',3,4,21,3,7),(678,13,4,1,'USD 50000',6,4,21,3,7),(679,97,4,1,'USD 50000\0',1,4,21,3,7),(680,97,4,1,'USD 50000\0',3,4,21,3,7),(681,97,4,1,'USD 50000\0',6,4,21,3,7),(682,32,4,1,'Valor Comercial\0',1,4,21,3,2),(683,32,4,1,'Valor Comercial\0',3,4,21,3,2),(684,32,4,1,'Valor Comercial\0',17,4,21,3,2),(685,79,4,1,'Valor comercial',1,4,21,3,2),(686,79,4,1,'Valor comercial',3,4,21,3,2),(687,79,4,1,'Valor comercial',6,4,21,3,2),(694,120,4,1,'USD 20000',1,4,21,3,2),(695,120,4,1,'USD 20000',3,4,21,3,2),(696,120,4,1,'USD 20000',17,4,21,3,2),(697,8,4,1,'USD 4000',1,4,21,3,2),(698,8,4,1,'USD 4000',3,4,21,3,2),(699,8,4,1,'USD 4000',17,4,21,3,2),(700,29,4,1,'USD 500',1,4,21,3,2),(701,29,4,1,'USD 500',3,4,21,3,2),(702,29,4,1,'USD 500',17,4,21,3,2),(703,92,4,1,'Hasta por 15 días \0',1,4,21,3,2),(704,92,4,1,'Hasta por 15 días \0',3,4,21,3,2),(705,92,4,1,'Hasta por 15 días \0',17,4,21,3,2),(706,93,4,1,'Se incluye un copago de S/. 50.00\0',1,4,21,3,2),(707,93,4,1,'Se incluye un copago de S/. 50.00\0',3,4,21,3,2),(708,93,4,1,'Se incluye un copago de S/. 50.00\0',6,4,21,3,2),(709,13,4,1,'USD 30000',1,4,21,3,2),(710,13,4,1,'USD 30000',3,4,21,3,2),(711,13,4,1,'USD 30000',6,4,21,3,2),(714,32,4,1,'Valor pactado',1,4,21,3,12),(715,32,4,1,'Valor pactado',3,4,21,3,12),(716,32,4,1,'Valor pactado',7,4,21,3,12),(717,79,4,1,'Valor pactado',1,4,21,3,12),(718,79,4,1,'Valor pactado',3,4,21,3,12),(719,79,4,1,'Valor pactado',7,4,21,3,12),(726,120,4,1,'USD 20000',1,4,21,3,12),(727,120,4,1,'USD 20000',3,4,21,3,12),(728,120,4,1,'USD 20000',7,4,21,3,12),(729,8,4,1,'USD 4000',1,4,21,3,12),(730,8,4,1,'USD 4000',3,4,21,3,12),(731,8,4,1,'USD 4000',7,4,21,3,12),(732,86,4,1,'USD 2000',1,4,21,3,12),(733,86,4,1,'USD 2000',3,4,21,3,12),(734,86,4,1,'USD 2000',7,4,21,3,12),(735,29,4,1,'Sin limite',1,4,21,3,12),(736,29,4,1,'Sin limite',3,4,21,3,12),(737,29,4,1,'Sin limite',7,4,21,3,12),(738,92,4,1,'Hasta por 15 días acumulables al año\0',1,4,21,3,12),(739,92,4,1,'Hasta por 15 días acumulables al año\0',3,4,21,3,12),(740,92,4,1,'Hasta por 15 días acumulables al año\0',7,4,21,3,12),(741,13,4,1,'USD 50000',1,4,21,3,12),(742,13,4,1,'USD 50000',3,4,21,3,12),(743,13,4,1,'USD 50000',7,4,21,3,12),(744,97,4,1,'USD 50000',1,4,21,3,12),(745,97,4,1,'USD 50000',3,4,21,3,12),(746,97,4,1,'USD 50000',7,4,21,3,12),(757,120,4,1,'USD 20000',1,4,21,3,3),(758,120,4,1,'USD 20000',3,4,21,3,3),(759,120,4,1,'USD 20000',17,4,21,3,3),(760,8,4,1,'USD 4000',1,4,21,3,3),(761,8,4,1,'USD 4000',3,4,21,3,3),(762,8,4,1,'USD 4000',17,4,21,3,3),(763,79,4,1,'Accidente, Incendio, Robo o Hurto, Fenómenos naturales, Huelga, conmoción civil, daño malicioso, vandalismo y terrorismo,\0',1,4,21,3,3),(764,79,4,1,'Accidente, Incendio, Robo o Hurto, Fenómenos naturales, Huelga, conmoción civil, daño malicioso, vandalismo y terrorismo,\0',3,4,21,3,3),(765,79,4,1,'Accidente, Incendio, Robo o Hurto, Fenómenos naturales, Huelga, conmoción civil, daño malicioso, vandalismo y terrorismo,\0',17,4,21,3,3),(766,32,4,1,'Solo reposición de lunas nacionales.\0',1,4,21,3,3),(767,32,4,1,'Solo reposición de lunas nacionales.\0',3,4,21,3,3),(768,32,4,1,'Solo reposición de lunas nacionales.\0',17,4,21,3,3),(769,98,4,1,'hasta USD 250 vía reembolso\0',1,4,21,3,3),(770,98,4,1,'hasta USD 250 vía reembolso\0',3,4,21,3,3),(771,98,4,1,'hasta USD 250 vía reembolso\0',17,4,21,3,3),(772,32,4,3,'Valor Comercial\0',1,4,21,3,6),(773,32,4,3,'Valor Comercial\0',3,4,21,3,6),(774,32,4,3,'Valor Comercial\0',17,4,21,3,6),(775,79,4,3,'Valor comercial',1,4,21,3,6),(776,79,4,3,'Valor comercial',3,4,21,3,6),(777,79,4,3,'Valor comercial',17,4,21,3,6),(778,79,4,3,'Valor Comercial\0',1,4,21,3,6),(779,79,4,3,'Valor Comercial\0',3,4,21,3,6),(780,79,4,3,'Valor Comercial\0',17,4,21,3,6),(784,120,4,3,'USD 5000',1,4,21,3,6),(785,120,4,3,'USD 5000',3,4,21,3,6),(786,120,4,3,'USD 5000',17,4,21,3,6),(787,8,4,3,'USD 2000',1,4,21,3,6),(788,8,4,3,'USD 2000',3,4,21,3,6),(789,8,4,3,'USD 2000',17,4,21,3,6),(790,86,4,3,'USD 1000',1,4,21,3,6),(791,86,4,3,'USD 1000',3,4,21,3,6),(792,86,4,3,'USD 1000',17,4,21,3,6),(793,29,4,3,'USD 500',1,4,21,3,6),(794,29,4,3,'USD 500',3,4,21,3,6),(795,29,4,3,'USD 500',17,4,21,3,6),(796,98,4,3,'USD 250 vía reembolso\0',1,4,21,3,6),(797,98,4,3,'USD 250 vía reembolso\0',3,4,21,3,6),(798,98,4,3,'USD 250 vía reembolso\0',17,4,21,3,6),(799,32,4,3,'USD 30000',1,4,21,3,6),(800,32,4,3,'USD 30000',3,4,21,3,6),(801,32,4,3,'USD 30000',17,4,21,3,6),(810,120,4,1,'hasta USD  20,000 c/u\0',1,4,21,3,13),(811,120,4,1,'hasta USD  20,000 c/u\0',3,4,21,3,13),(813,120,4,1,'hasta USD  20,000 c/u\0',6,4,21,3,13),(814,8,4,1,'USD 4000',1,4,21,3,13),(815,8,4,1,'USD 4000',3,4,21,3,13),(816,8,4,1,'USD 4000',17,4,21,3,13),(817,8,4,1,'USD 4000',6,4,21,3,13),(818,86,4,1,'USD 1000',1,4,21,3,13),(819,86,4,1,'USD 1000',3,4,21,3,13),(820,86,4,1,'USD 1000',17,4,21,3,13),(821,86,4,1,'USD 1000',6,4,21,3,13),(822,98,4,1,'Hasta USD 250 vía reembolso\0',1,4,21,3,13),(823,98,4,1,'Hasta USD 250 vía reembolso\0',3,4,21,3,13),(824,98,4,1,'Hasta USD 250 vía reembolso\0',17,4,21,3,13),(825,98,4,1,'Hasta USD 250 vía reembolso\0',6,4,21,3,13),(826,32,4,1,'Valor Pactado y/o Admitido\0',1,4,21,3,1),(827,32,4,1,'Valor Pactado y/o Admitido\0',3,4,21,3,1),(828,32,4,1,'Valor Pactado y/o Admitido\0',17,4,21,3,1),(829,79,4,1,'Valor Pactado y/o Admitido\0',1,4,21,3,1),(830,79,4,1,'Valor Pactado y/o Admitido\0',3,4,21,3,1),(838,120,4,1,'USD 20000',1,4,21,3,1),(839,120,4,1,'USD 20000',3,4,21,3,1),(841,8,4,1,'USD 4000',1,4,21,3,1),(842,8,4,1,'USD 4000',3,4,21,3,1),(844,86,4,1,'USD 2000',1,4,21,3,1),(845,86,4,1,'USD 2000',3,4,21,3,1),(847,29,4,1,'Hasta USD 1000',1,4,21,3,1),(848,29,4,1,'Hasta USD 1000',3,4,21,3,1),(850,92,4,1,'Vehículo de reemplazo hasta por 15 días acumulables al año \0',1,4,21,3,1),(851,92,4,1,'Vehículo de reemplazo hasta por 15 días acumulables al año \0',3,4,21,3,1),(853,93,4,1,'Copago: S/. 20.00 por los primeros 5 servicios\0',1,4,21,3,1),(854,93,4,1,'Copago: S/. 20.00 por los primeros 5 servicios\0',3,4,21,3,1),(856,98,4,1,'Hasta USD 500 vía reembolso\0',1,4,21,3,1),(857,98,4,1,'Hasta USD 500 vía reembolso\0',3,4,21,3,1),(859,13,4,1,'hasta USD 50000\0',1,4,21,3,1),(860,13,4,1,'hasta USD 50000\0',3,4,21,3,1),(865,97,4,1,'El Asegurado tendrá Cobertura Internacional para su unidad',1,4,21,3,1),(866,97,4,1,'El Asegurado tendrá Cobertura Internacional para su unidad',3,4,21,3,1),(867,97,4,1,'El Asegurado tendrá Cobertura Internacional para su unidad',19,4,21,3,1),(868,32,2,9,'Suma asegurada',1,2,21,3,10),(873,120,2,9,'USD 25000',1,2,21,3,10),(874,8,2,9,'USD 4000',1,2,21,3,10),(875,86,2,9,'USD 2000',1,2,21,3,10),(876,29,2,9,'Con un límite de USD 1,000\0',1,2,21,3,10),(877,20,2,9,'Suma asegurada',1,2,21,3,10),(878,13,2,9,'Suma asegurada',1,2,21,3,10),(879,103,2,9,'Suma Asegurada',1,2,21,3,10),(880,140,2,9,'Cubierto',1,2,21,3,10),(881,32,5,1,'Valor convenido',1,3,16,1,1),(884,120,5,1,'20.000,00',1,3,16,1,1),(885,8,5,1,'4.000,00',1,3,16,1,1),(887,29,5,1,'1.000,00',1,3,16,1,1),(888,1,5,1,'Valor Convenido',1,3,16,1,1),(889,20,5,1,'Valor Convenido',1,3,16,1,1),(890,13,5,1,'Valor Convenido',1,3,16,1,1),(893,32,5,5,'Valor Comercial',1,3,16,1,1),(895,120,5,5,'20.000',1,3,16,1,1),(896,8,5,5,'4.000',1,3,16,1,1),(898,29,5,5,'1.000',1,3,16,1,1),(899,1,5,5,'Valor Comercial',1,3,16,1,1),(900,20,5,5,'Valor Comercial',1,3,16,1,1),(901,13,5,5,'Valor comercial',1,3,16,1,1),(904,32,5,5,'Valor comercial',2,3,16,1,1),(907,120,5,5,'10.000,00',2,3,16,1,1),(908,8,5,5,'4.000,00',2,3,16,1,1),(909,8,5,5,'500,00',2,3,16,1,1),(910,1,5,5,'Valor comercial',2,3,16,1,1),(911,13,5,5,'Valor comercial',2,3,16,4,1),(913,20,5,5,'Valor comercial',2,3,16,1,1),(914,32,5,3,'Valor comercial',1,3,16,1,1),(916,1,5,3,'Valor Comercial',1,3,16,1,1),(917,20,5,3,'Valor Comercial',1,3,16,1,1),(918,120,5,3,'5.000,00',1,3,16,1,1),(919,8,5,3,'200,00',1,3,16,1,1),(920,13,5,3,'Valor Comercial',1,3,16,1,1),(926,120,5,3,'20.000,00',6,3,16,1,1),(927,8,5,3,'4.000,00',6,3,16,1,1),(928,29,5,3,'500,00',6,3,16,1,1),(929,1,5,3,'Valor Comercial',6,3,16,1,1),(930,20,5,3,'Valor Comercial',6,3,16,1,1),(931,129,5,3,'hasta US$250',6,3,16,1,1);
/*!40000 ALTER TABLE `cobert_asegur` ENABLE KEYS */;
UNLOCK TABLES;

--
-- Table structure for table `cobertura`
--

DROP TABLE IF EXISTS `cobertura`;
/*!40101 SET @saved_cs_client     = @@character_set_client */;
/*!40101 SET character_set_client = utf8 */;
CREATE TABLE `cobertura` (
  `id_cobert` int(11) NOT NULL AUTO_INCREMENT,
  `descripcion` varchar(500) NOT NULL,
  PRIMARY KEY (`id_cobert`)
) ENGINE=InnoDB AUTO_INCREMENT=141 DEFAULT CHARSET=latin1;
/*!40101 SET character_set_client = @saved_cs_client */;

--
-- Dumping data for table `cobertura`
--

LOCK TABLES `cobertura` WRITE;
/*!40000 ALTER TABLE `cobertura` DISABLE KEYS */;
INSERT INTO `cobertura` VALUES (1,'Huelga, Conmoción Civil, Daño Malicioso, Vandalismo y Terrorismo'),(8,'Gastos De Curación '),(10,'Robo O Hurto De Accesorios, piezas o partes'),(13,'Ausencia De Control '),(16,'Cobertura De Vehículo De Reemplazo'),(18,'Cobertura De Asistencia En Viaje'),(20,'Riesgos de la Naturaleza'),(21,'Uso de Vías no Autorizadas'),(26,'Imprudencia del conductor'),(28,'Choque, vuelco, incendio, robo total y/o parcial, rotura de lunas'),(29,'Accesorios Musicales '),(32,'Daño Propio y Material'),(44,'Responsabilidad Civil'),(45,'Talleres multimarca'),(46,'Talleres preferentes'),(47,'Talleres afiliados'),(50,'Talleres no afiliados'),(52,'Vías no autorizadas'),(55,'Rotura accidental de lunas'),(56,'Volcadura, despiste, desbarrancamiento'),(61,'Rehabilitación automática'),(62,'RC por ausencia de control'),(79,'Perdida total'),(80,'Daños por robo, hurto y usos no autorizados'),(84,'Defensa judicial'),(86,'Sepelio'),(87,'Cirugía Estética Para El Piloto Y Copiloto Por Accidente'),(91,'Equipos Audiovisuales'),(92,'Vehículos de Reemplazo (Solo Lima)'),(93,'Chofer de Reemplazo'),(96,'Reclamación de Daños'),(97,'Cobertura Internacional'),(98,'Asistencia a Automóviles y Personas'),(102,'Riesgos Políticos'),(103,'Circulación en vías del uso regular frecuente'),(104,'Circulación en vías fuera del uso regular y frecuente'),(110,'Accidentes Personales'),(120,'Muerte e invalidez permanente'),(129,'Reembolso de Grua en caso de accidente'),(133,'Asistencia Personal en caso de Siniestros, Servicio al cliente - Linea positiva'),(140,'Restitución de la suma asegurada\0');
/*!40000 ALTER TABLE `cobertura` ENABLE KEYS */;
UNLOCK TABLES;

--
-- Table structure for table `deduc_asegur`
--

DROP TABLE IF EXISTS `deduc_asegur`;
/*!40101 SET @saved_cs_client     = @@character_set_client */;
/*!40101 SET character_set_client = utf8 */;
CREATE TABLE `deduc_asegur` (
  `id` int(11) NOT NULL AUTO_INCREMENT,
  `id_deduc` int(11) NOT NULL,
  `id_aseg` int(11) NOT NULL,
  `id_uso` int(11) NOT NULL,
  `tipo` int(11) DEFAULT NULL,
  `modalidad` int(11) DEFAULT NULL,
  `anio` int(11) DEFAULT NULL,
  `categoria` int(11) DEFAULT NULL,
  `programa` int(11) DEFAULT NULL,
  `riesgo` int(11) DEFAULT NULL,
  `value` varchar(150) NOT NULL,
  PRIMARY KEY (`id`),
  KEY `id_deduc` (`id_deduc`),
  KEY `id_aseg` (`id_aseg`),
  KEY `id_uso` (`id_uso`),
  KEY `tipo` (`tipo`),
  KEY `modalidad` (`modalidad`),
  KEY `anio` (`anio`),
  KEY `categoria` (`categoria`),
  KEY `programa` (`programa`),
  KEY `riesgo` (`riesgo`),
  CONSTRAINT `deduc_asegur_ibfk_1` FOREIGN KEY (`modalidad`) REFERENCES `modalidad` (`id_modalidad`),
  CONSTRAINT `deduc_asegur_ibfk_2` FOREIGN KEY (`anio`) REFERENCES `anio` (`id_anio`),
  CONSTRAINT `deduc_asegur_ibfk_3` FOREIGN KEY (`categoria`) REFERENCES `categorias` (`id_categ`),
  CONSTRAINT `deduc_asegur_ibfk_4` FOREIGN KEY (`programa`) REFERENCES `programa` (`id_program`),
  CONSTRAINT `deduc_asegur_ibfk_5` FOREIGN KEY (`riesgo`) REFERENCES `riesgo` (`id_riesgo`),
  CONSTRAINT `deduc_asegur_ibfk_6` FOREIGN KEY (`id_uso`) REFERENCES `uso` (`id_uso`),
  CONSTRAINT `deduc_asegur_ibfk_7` FOREIGN KEY (`tipo`) REFERENCES `clase` (`id_clase`),
  CONSTRAINT `deduc_asegur_ibfk_8` FOREIGN KEY (`id_aseg`) REFERENCES `aseguradora` (`id_asegurad`),
  CONSTRAINT `deduc_asegur_ibfk_9` FOREIGN KEY (`id_deduc`) REFERENCES `deducibles` (`id_deduc`)
) ENGINE=InnoDB AUTO_INCREMENT=599 DEFAULT CHARSET=latin1;
/*!40101 SET character_set_client = @saved_cs_client */;

--
-- Dumping data for table `deduc_asegur`
--

LOCK TABLES `deduc_asegur` WRITE;
/*!40000 ALTER TABLE `deduc_asegur` DISABLE KEYS */;
INSERT INTO `deduc_asegur` VALUES (12,27,3,1,1,4,24,3,10,NULL,'Deducible fijo elegido'),(13,2,3,1,1,4,24,3,10,NULL,'0'),(15,87,3,1,1,4,24,3,10,NULL,'Deducible fijo elegido'),(16,88,3,1,1,4,24,3,10,NULL,'Deducible fijo elegido'),(17,89,3,1,1,4,24,3,10,NULL,'0'),(18,90,3,1,1,4,24,3,10,NULL,'0'),(19,7,3,1,1,4,24,3,10,NULL,'0'),(23,92,3,1,1,4,24,3,10,NULL,'0'),(25,93,3,1,1,4,24,3,10,NULL,'0'),(26,17,3,1,1,4,24,3,10,NULL,'Cubre 3 año sin deducible'),(27,60,3,1,1,4,24,3,10,NULL,'S/. 300'),(28,94,3,1,1,4,24,3,10,NULL,'0'),(29,95,3,1,1,4,24,3,10,NULL,'0'),(30,1,3,2,6,4,24,3,10,NULL,'Deducible fijo eLegido'),(31,87,3,2,6,4,24,3,10,NULL,'Deducible fijo elegido'),(32,88,3,2,6,4,24,3,10,NULL,'Deducible fijo elegido'),(33,96,3,2,6,4,24,3,10,NULL,'Deducible fijo elegido'),(34,12,3,2,6,4,24,3,10,NULL,'20% del monto total del siniestro'),(35,12,3,1,1,4,24,3,10,NULL,'20% del monto total del siniestro'),(64,7,1,1,1,2,21,3,1,NULL,'10 % monto indemnizable, minimo USD 150'),(65,7,1,1,17,2,21,3,1,NULL,'10 % monto indemnizable, minimo USD 150'),(66,7,1,1,7,2,21,3,1,NULL,'10 % monto indemnizable, minimo USD 150'),(67,7,1,1,6,2,21,3,1,NULL,'10 % monto indemnizable, minimo USD 150'),(68,22,1,1,1,2,21,3,1,NULL,'10% monto indemnizable, minimo USD 150'),(69,22,1,1,17,2,21,3,1,NULL,'10% monto indemnizable, minimo USD 150'),(70,22,1,1,7,2,21,3,1,NULL,'10% monto indemnizable, minimo USD 150'),(71,22,1,1,6,2,21,3,1,NULL,'10% monto indemnizable, minimo USD 150'),(72,21,1,1,1,2,21,3,1,NULL,'12% monto indemnizable, minimo USD 150'),(74,21,1,1,7,2,21,3,1,NULL,'12% monto indemnizable, minimo USD 150'),(75,21,1,1,6,2,21,3,1,NULL,'12% monto indemnizable, minimo USD 150'),(84,20,1,1,1,2,21,3,1,NULL,'20% monto indemnizable, minimo USD 300'),(85,20,1,1,17,2,21,3,1,NULL,'20% monto indemnizable, minimo USD 300'),(86,20,1,1,7,2,21,3,1,NULL,'20% monto indemnizable, minimo USD 300'),(87,20,1,1,6,2,21,3,1,NULL,'20% monto indemnizable, minimo USD 300'),(88,12,1,1,1,2,21,3,1,NULL,'20% monto indemnizable, minimo USD 300'),(89,12,1,1,17,2,21,3,1,NULL,'20% monto indemnizable, minimo USD 300'),(90,12,1,1,7,2,21,3,1,NULL,'20% monto indemnizable, minimo USD 300'),(91,12,1,1,6,2,21,3,1,NULL,'20% monto indemnizable, minimo USD 300'),(96,8,1,1,1,2,21,3,1,NULL,'20% monto indemnizable, minimo USD 300'),(97,8,1,1,17,2,21,3,1,NULL,'20% monto indemnizable, minimo USD 300'),(98,8,1,1,7,2,21,3,1,NULL,'20% monto indemnizable, minimo USD 300'),(99,8,1,1,6,2,21,3,1,NULL,'20% monto indemnizable, minimo USD 300'),(100,14,1,1,1,2,21,3,1,NULL,'10% monto indemnizable, minimo USD 150'),(101,14,1,1,17,2,21,3,1,NULL,'10% monto indemnizable, minimo USD 150'),(102,14,1,1,7,2,21,3,1,NULL,'10% monto indemnizable, minimo USD 150'),(103,14,1,1,6,2,21,3,1,NULL,'10% monto indemnizable, minimo USD 150'),(104,16,1,1,1,2,21,3,1,NULL,'10% monto indemnizable, minimo USD 150'),(105,16,1,1,17,2,21,3,1,NULL,'10% monto indemnizable, minimo USD 150'),(106,16,1,1,7,2,21,3,1,NULL,'10% monto indemnizable, minimo USD 150'),(112,7,1,1,6,2,21,3,1,NULL,'15% monto indemnizable, minimo USD 250'),(113,22,1,1,6,2,21,3,1,NULL,'15% monto indemnizable, minimo USD 250'),(114,21,1,1,6,2,21,3,1,NULL,'15% monto indemnizable, minimo USD 250'),(115,21,1,1,6,2,21,3,1,NULL,'15% monto indemnizable, minimo USD 250'),(116,19,1,1,6,2,21,3,1,NULL,'15% monto indemnizable, minimo USD 300'),(117,20,1,1,6,2,21,3,1,NULL,'20% monto indemnizable, minimo USD 400'),(118,12,1,1,6,2,21,3,1,NULL,'20% monto indemnizable, minimo USD 500'),(120,8,1,1,6,2,21,3,1,NULL,'20% monto indemnizable, minimo USD 500'),(121,24,1,1,6,2,21,3,1,NULL,'20% monto indemnizable'),(122,14,1,1,6,2,21,3,1,NULL,'10% monto indemnizable, minimo USD 150'),(137,7,1,3,1,2,3,3,1,NULL,'20% monto indemnizable, minimo USD 400'),(138,7,1,3,17,2,3,3,1,NULL,'20% monto indemnizable, minimo USD 400'),(139,7,1,3,3,2,3,3,1,NULL,'20% monto indemnizable, minimo USD 400'),(140,1,1,3,1,2,3,3,1,NULL,'20% monto indemnizable, minimo USD 400'),(141,1,1,3,17,2,3,3,1,NULL,'20% monto indemnizable, minimo USD 400'),(142,1,1,3,3,2,3,3,1,NULL,'20% monto indemnizable, minimo USD 400'),(143,12,1,3,1,2,3,3,1,NULL,'20% monto indemnizable, minimo USD 500'),(144,12,1,3,17,2,3,3,1,NULL,'20% monto indemnizable, minimo USD 500'),(145,12,1,3,3,2,3,3,1,NULL,'20% monto indemnizable, minimo USD 500'),(146,8,1,3,1,2,3,3,1,NULL,'20% monto indemnizable, minimo USD 500'),(147,8,1,3,17,2,3,3,1,NULL,'20% monto indemnizable, minimo USD 500'),(148,8,1,3,3,2,3,3,1,NULL,'20% monto indemnizable, minimo USD 500'),(149,14,1,3,1,2,3,3,1,NULL,'15% monto indemnizable, minimo USD 200'),(150,14,1,3,17,2,3,3,1,NULL,'15% monto indemnizable, minimo USD 200'),(151,14,1,3,3,2,3,3,1,NULL,'15% monto indemnizable, minimo USD 200'),(158,7,1,3,4,2,16,3,1,NULL,'15% monto indemnizable, minimo USD 500'),(159,7,1,3,5,2,16,3,1,NULL,'15% monto indemnizable, minimo USD 500'),(160,1,1,3,4,2,16,3,1,NULL,'15% monto indemnizable, minimo USD 500'),(161,1,1,3,5,2,16,3,1,NULL,'15% monto indemnizable, minimo USD 500'),(162,8,1,3,4,2,16,3,1,NULL,'20% monto indemnizable, minimo USD 750'),(163,8,1,3,5,2,16,3,1,NULL,'20% monto indemnizable, minimo USD 750'),(164,12,1,3,4,2,16,3,1,NULL,'20% monto indemnizable, minimo USD 750'),(165,12,1,3,5,2,16,3,1,NULL,'20% monto indemnizable, minimo USD 750'),(166,14,1,3,4,2,16,3,1,NULL,'15% monto indemnizable, minimo USD 150'),(167,14,1,3,5,2,16,3,1,NULL,'15% monto indemnizable, minimo USD 150'),(172,7,1,6,1,2,16,3,1,NULL,'20% monto indemnizable, minimo USD 500'),(173,7,1,6,6,2,16,3,1,NULL,'20% monto indemnizable, minimo USD 500'),(174,7,1,6,17,2,16,3,1,NULL,'20% monto indemnizable, minimo USD 500'),(175,7,1,6,3,2,16,3,1,NULL,'20% monto indemnizable, minimo USD 500'),(176,1,1,6,1,2,16,3,1,NULL,'20% monto indemnizable, minimo USD 500'),(177,1,1,6,6,2,16,3,1,NULL,'20% monto indemnizable, minimo USD 500'),(178,1,1,6,17,2,16,3,1,NULL,'20% monto indemnizable, minimo USD 500'),(179,1,1,6,3,2,16,3,1,NULL,'20% monto indemnizable, minimo USD 500'),(180,12,1,6,1,2,16,3,1,NULL,'20% monto indemnizable, minimo USD 1000'),(181,12,1,6,6,2,16,3,1,NULL,'20% monto indemnizable, minimo USD 1000'),(182,12,1,6,17,2,16,3,1,NULL,'20% monto indemnizable, minimo USD 1000'),(183,12,1,6,3,2,16,3,1,NULL,'20% monto indemnizable, minimo USD 1000'),(188,8,1,6,1,2,16,3,1,NULL,'20% monto indemnizable, minimo USD 1000'),(189,8,1,6,6,2,16,3,1,NULL,'20% monto indemnizable, minimo USD 1000'),(190,8,1,6,17,2,16,3,1,NULL,'20% monto indemnizable, minimo USD 1000'),(191,8,1,6,3,2,16,3,1,NULL,'20% monto indemnizable, minimo USD 1000'),(192,14,1,6,1,2,16,3,1,NULL,'10% monto indemnizable, minimo USD 200'),(193,14,1,6,6,2,16,3,1,NULL,'10% monto indemnizable, minimo USD 200'),(194,14,1,6,17,2,16,3,1,NULL,'10% monto indemnizable, minimo USD 200'),(195,14,1,6,3,2,16,3,1,NULL,'10% monto indemnizable, minimo USD 200'),(196,24,1,6,1,2,16,3,1,NULL,'20% monto indemnizable'),(197,24,1,6,6,2,16,3,1,NULL,'20% monto indemnizable'),(198,24,1,6,17,2,16,3,1,NULL,'20% monto indemnizable'),(199,24,1,6,3,2,16,3,1,NULL,'20% monto indemnizable'),(204,7,1,15,6,2,16,3,1,NULL,'15% monto indemnizable, minimo USD 250'),(205,7,1,15,7,2,16,3,1,NULL,'15% monto indemnizable, minimo USD 250'),(206,22,1,15,6,2,16,3,1,NULL,'15% monto indemnizable, minimo USD 250'),(207,22,1,15,7,2,16,3,1,NULL,'15% monto indemnizable, minimo USD 250'),(208,19,1,15,6,2,16,3,1,NULL,'15% monto indemnizable, minimo USD 300'),(209,19,1,15,7,2,16,3,1,NULL,'15% monto indemnizable, minimo USD 300'),(210,20,1,15,6,2,16,3,1,NULL,'20% monto indemnizable, minimo USD 400'),(211,20,1,15,7,2,16,3,1,NULL,'20% monto indemnizable, minimo USD 400'),(212,12,1,15,6,2,16,3,1,NULL,'20% monto indemnizable, minimo USD 500'),(213,12,1,15,7,2,16,3,1,NULL,'20% monto indemnizable, minimo USD 500'),(216,8,1,15,6,2,16,3,1,NULL,'20% monto indemnizable, minimo USD 500'),(217,8,1,15,7,2,16,3,1,NULL,'20% monto indemnizable, minimo USD 500'),(218,14,1,15,6,2,16,3,1,NULL,'10% monto indemnizable, minimo USD 150'),(219,14,1,15,7,2,16,3,1,NULL,'10% monto indemnizable, minimo USD 150'),(220,16,1,15,6,2,16,3,1,NULL,'10% monto indemnizable, minimo USD 150'),(221,16,1,15,7,2,16,3,1,NULL,'10% monto indemnizable, minimo USD 150'),(222,7,1,16,1,2,16,3,1,NULL,'15% monto indemnizable, minimo USD 200'),(223,7,1,16,17,2,16,3,1,NULL,'15% monto indemnizable, minimo USD 200'),(224,7,1,16,7,2,16,3,1,NULL,'15% monto indemnizable, minimo USD 200'),(225,7,1,16,3,2,16,3,1,NULL,'15% monto indemnizable, minimo USD 200'),(226,7,1,16,6,2,16,3,1,NULL,'15% monto indemnizable, minimo USD 200'),(227,1,1,16,1,2,16,3,1,NULL,'15% monto indemnizable, minimo USD 200'),(228,1,1,16,17,2,16,3,1,NULL,'15% monto indemnizable, minimo USD 200'),(229,1,1,16,7,2,16,3,1,NULL,'15% monto indemnizable, minimo USD 200'),(235,1,1,16,3,2,16,3,1,NULL,'15% monto indemnizable, minimo USD 300'),(236,1,1,16,6,2,16,3,1,NULL,'15% monto indemnizable, minimo USD 300'),(237,12,1,16,1,2,16,3,1,NULL,'20% monto indemnizable, minimo USD 400'),(238,12,1,16,17,2,16,3,1,NULL,'20% monto indemnizable, minimo USD 400'),(239,12,1,16,7,2,16,3,1,NULL,'20% monto indemnizable, minimo USD 400'),(240,12,1,16,3,2,16,3,1,NULL,'20% monto indemnizable, minimo USD 400'),(241,12,1,16,6,2,16,3,1,NULL,'20% monto indemnizable, minimo USD 400'),(242,7,1,7,1,2,16,3,1,NULL,'15% monto indemnizable, minimo USD 350'),(243,7,1,7,17,2,16,3,1,NULL,'15% monto indemnizable, minimo USD 350'),(244,7,1,7,7,2,16,3,1,NULL,'15% monto indemnizable, minimo USD 350'),(245,7,1,7,3,2,16,3,1,NULL,'15% monto indemnizable, minimo USD 350'),(246,7,1,7,6,2,16,3,1,NULL,'15% monto indemnizable, minimo USD 350'),(247,1,1,7,1,2,16,3,1,NULL,'15% monto indemnizable, minimo USD 350'),(248,1,1,7,17,2,16,3,1,NULL,'15% monto indemnizable, minimo USD 350'),(249,1,1,7,7,2,16,3,1,NULL,'15% monto indemnizable, minimo USD 350'),(250,1,1,7,3,2,16,3,1,NULL,'20% monto indemnizable, minimo USD 500'),(251,1,1,7,6,2,16,3,1,NULL,'20% monto indemnizable, minimo USD 500'),(252,7,1,8,1,2,16,3,1,NULL,'15% monto indemnizable, minimo USD 350'),(253,7,1,8,17,2,16,3,1,NULL,'15% monto indemnizable, minimo USD 350'),(254,7,1,8,7,2,16,3,1,NULL,'15% monto indemnizable, minimo USD 350'),(255,7,1,8,3,2,16,3,1,NULL,'15% monto indemnizable, minimo USD 350'),(256,7,1,8,6,2,16,3,1,NULL,'15% monto indemnizable, minimo USD 350'),(257,1,1,8,1,2,16,3,1,NULL,'15% monto indemnizable, minimo USD 350'),(258,1,1,8,17,2,16,3,1,NULL,'15% monto indemnizable, minimo USD 350'),(259,1,1,8,7,2,16,3,1,NULL,'15% monto indemnizable, minimo USD 350'),(260,1,1,8,3,2,16,3,1,NULL,'20% monto indemnizable, minimo USD 500'),(261,1,1,8,6,2,16,3,1,NULL,'20% monto indemnizable, minimo USD 500'),(262,12,1,8,1,2,16,3,1,NULL,'20% monto indemnizable, minimo USD 750'),(263,12,1,8,17,2,16,3,1,NULL,'20% monto indemnizable, minimo USD 750'),(264,12,1,8,7,2,16,3,1,NULL,'20% monto indemnizable, minimo USD 750'),(265,12,1,8,3,2,16,3,1,NULL,'20% monto indemnizable, minimo USD 750'),(266,12,1,8,6,2,16,3,1,NULL,'20% monto indemnizable, minimo USD 750'),(269,7,1,8,2,2,16,3,1,NULL,'15% monto indemnizable, minimo USD 500'),(270,7,1,8,8,2,16,3,1,NULL,'15% monto indemnizable, minimo USD 500'),(271,1,1,8,2,2,16,3,1,NULL,'15% monto indemnizable, minimo USD 500'),(272,1,1,8,8,2,16,3,1,NULL,'20% monto indemnizable, minimo USD 750'),(273,12,1,8,2,2,16,3,1,NULL,'20% monto indemnizable, minimo USD 1000'),(274,12,1,8,8,2,16,3,1,NULL,'20% monto indemnizable, minimo USD 1000'),(275,40,1,8,2,2,16,3,1,NULL,'20% monto indemnizable, minimo USD 2000'),(276,40,1,8,8,2,16,3,1,NULL,'20% monto indemnizable, minimo USD 2000'),(277,24,1,8,2,2,16,3,1,NULL,'20% monto indemnizable, minimo USD 10000'),(278,24,1,8,8,2,16,3,1,NULL,'20% monto indemnizable, minimo USD 10000'),(281,7,1,17,2,2,16,3,1,NULL,'10% monto indemnizable, minimo USD 300'),(282,19,1,17,2,2,16,3,1,NULL,'10% monto indemnizable, minimo USD 300'),(283,7,1,17,2,2,16,3,1,NULL,'10% monto indemnizable, minimo USD 500'),(284,19,1,17,2,2,16,3,1,NULL,'10% monto indemnizable, minimo USD 500'),(285,20,1,17,2,2,16,3,1,NULL,'15% monto indemnizable, minimo USD 750'),(286,8,1,17,2,2,16,3,1,NULL,'20% monto indemnizable, minimo USD 1000'),(287,24,1,17,2,2,16,3,1,NULL,'20% monto indemnizable'),(289,12,1,17,2,2,16,3,1,NULL,'20% monto indemnizable, minimo USD 1000'),(291,40,1,17,2,2,16,3,1,NULL,'20% monto indemnizable, minimo USD 2000'),(292,14,1,17,2,2,16,3,1,NULL,'10% monto indemnizable, minimo USD 150'),(293,16,1,17,2,2,16,3,1,NULL,'10% monto indemnizable, minimo USD 250'),(294,7,1,17,8,2,16,3,1,NULL,'15% monto indemnizable, minimo USD 500'),(295,7,1,17,18,2,16,3,1,NULL,'15% monto indemnizable, minimo USD 500'),(296,19,1,17,8,2,16,3,1,NULL,'15% monto indemnizable, minimo USD 500'),(297,19,1,17,18,2,16,3,1,NULL,'15% monto indemnizable, minimo USD 500'),(298,20,1,17,8,2,16,3,1,NULL,'20% monto indemnizable, minimo USD 750'),(299,20,1,17,18,2,16,3,1,NULL,'20% monto indemnizable, minimo USD 750'),(300,8,1,17,8,2,16,3,1,NULL,'20% monto indemnizable, minimo USD 1000'),(301,8,1,17,18,2,16,3,1,NULL,'20% monto indemnizable, minimo USD 1000'),(302,24,1,17,8,2,16,3,1,NULL,'20% monto indemnizable,'),(303,24,1,17,18,2,16,3,1,NULL,'20% monto indemnizable,'),(306,12,1,17,8,2,16,3,1,NULL,'20% monto indemnizable, minimo USD 1000'),(307,12,1,17,18,2,16,3,1,NULL,'20% monto indemnizable, minimo USD 1000'),(310,40,1,17,8,2,16,3,1,NULL,'20% monto indemnizable, minimo USD 2000'),(311,40,1,17,18,2,16,3,1,NULL,'20% monto indemnizable, minimo USD 2000'),(312,14,1,17,8,2,16,3,1,NULL,'10% monto indemnizable, minimo USD 150'),(313,14,1,17,18,2,16,3,1,NULL,'10% monto indemnizable, minimo USD 150'),(315,7,1,17,4,2,16,3,1,NULL,'15% monto indemnizable, minimo USD 2500'),(316,1,1,17,4,2,16,3,1,NULL,'15% monto indemnizable, minimo USD 2500'),(317,12,1,17,4,2,16,3,1,NULL,'20% monto indemnizable, minimo USD 5000'),(318,8,1,17,4,2,16,3,1,NULL,'20% monto indemnizable, minimo USD 5000'),(319,26,1,17,4,2,16,3,1,NULL,'20% monto indemnizable, minimo USD 10000'),(320,5,1,17,4,2,16,3,1,NULL,'20% monto indemnizable, minimo USD 5000'),(321,14,1,17,4,2,16,3,1,NULL,'10% monto indemnizable, minimo USD 150'),(324,16,1,17,4,2,16,3,1,NULL,'USD 600'),(325,7,1,5,3,2,16,3,1,NULL,'15% monto indemnizable, minimo USD 350'),(326,7,1,5,4,2,16,3,1,NULL,'15% monto indemnizable, minimo USD 1000'),(327,7,1,5,5,2,16,3,1,NULL,'15% monto indemnizable, minimo USD 500'),(328,1,1,5,3,2,16,3,1,NULL,'15% monto indemnizable, minimo USD 350'),(329,1,1,5,4,2,16,3,1,NULL,'15% monto indemnizable, minimo USD 1000'),(330,1,1,5,5,2,16,3,1,NULL,'15% monto indemnizable, minimo USD 500'),(331,12,1,5,3,2,16,3,1,NULL,'20% monto indemnizable, minimo USD 500'),(332,12,1,5,4,2,16,3,1,NULL,'20% monto indemnizable, minimo USD 2000'),(333,12,1,5,5,2,16,3,1,NULL,'20% monto indemnizable, minimo USD 1500'),(334,8,1,5,3,2,16,3,1,NULL,'20% monto indemnizable, minimo USD 500'),(335,8,1,5,4,2,16,3,1,NULL,'20% monto indemnizable, minimo USD 2000'),(336,8,1,5,5,2,16,3,1,NULL,'20% monto indemnizable, minimo USD 1500'),(338,26,1,5,4,2,16,3,1,NULL,'20% monto indemnizable, minimo USD 2500'),(339,26,1,5,5,2,16,3,1,NULL,'20% monto indemnizable, minimo USD 1500'),(340,14,1,5,3,2,16,3,1,NULL,'10% monto indemnizable, minimo USD 150'),(341,14,1,5,4,2,16,3,1,NULL,'10% monto indemnizable, minimo USD 150'),(342,14,1,5,5,2,16,3,1,NULL,'10% monto indemnizable, minimo USD 150'),(346,16,1,5,3,2,16,3,1,NULL,'USD 300'),(347,16,1,5,4,2,16,3,1,NULL,'USD 300'),(348,16,1,5,5,2,16,3,1,NULL,'USD 300'),(356,7,1,17,1,3,16,3,1,NULL,'10% monto indemnizable, minimo USD 450'),(357,7,1,17,17,3,16,3,1,NULL,'10% monto indemnizable, minimo USD 450'),(358,7,1,17,7,3,16,3,1,NULL,'10% monto indemnizable, minimo USD 450'),(359,7,1,17,3,3,16,3,1,NULL,'10% monto indemnizable, minimo USD 450'),(360,7,1,17,6,3,16,3,1,NULL,'10% monto indemnizable, minimo USD 450'),(368,7,1,17,2,3,16,3,1,NULL,'15% monto indemnizable, minimo USD 900'),(369,7,1,17,18,3,16,3,1,NULL,'15% monto indemnizable, minimo USD 900'),(411,21,4,17,1,3,16,1,4,NULL,'10% del monto indemnizable, mínimo US$150.00\0'),(412,57,4,17,1,3,16,1,4,NULL,'15% del monto indemnizable, mínimo US$150.00\0'),(413,58,4,17,1,3,16,1,4,NULL,'20% del monto indemnizable, mínimo US$300.00\0'),(416,61,4,17,1,3,16,1,4,NULL,'20% del monto indemnizable, mínimo US$ 300. \0'),(417,21,4,17,1,3,16,2,4,NULL,'15% del monto indemnizable, mínimo US$150.00\0'),(418,57,4,17,1,3,16,2,4,NULL,'20% del monto indemnizable, mínimo US$200.00\0'),(419,58,4,17,1,3,16,1,4,NULL,'20% del monto indemnizable, mínimo US$300.00\0'),(422,4,4,17,1,3,16,1,4,NULL,'20% del monto indemnizable (Chevrolet Aveo y Sail para unidades que circulan en Lima).\0'),(423,61,4,17,1,3,16,1,4,NULL,'20% del monto indemnizable, mínimo US$ 300\0'),(424,21,4,17,1,3,16,2,4,NULL,'15% del monto indemnizable, mínimo US$150.00\0'),(425,57,4,17,1,3,16,2,4,NULL,'20% del monto indemnizable, mínimo US$200.00\0'),(426,58,4,17,1,3,16,2,4,NULL,'20% del monto indemnizable, mínimo US$300.00\0'),(429,4,4,17,1,3,16,2,4,NULL,'20% del monto indemnizable (Chevrolet Aveo y Sail para unidades que circulan en Lima)\0'),(430,61,4,17,1,3,16,2,4,NULL,'20% del monto indemnizable, mínimo US$ 300.\0'),(431,21,4,17,6,3,16,2,4,NULL,'20% del monto indemnizable, mínimo US$ 250.00\0'),(432,57,4,17,6,3,16,2,4,NULL,'20% del monto indemnizable, mínimo US$ 250.00\0'),(433,58,4,17,6,3,16,2,4,NULL,'20% del monto indemnizable, mínimo US$ 400.00\0'),(434,12,4,17,6,3,16,2,4,NULL,'20% del monto indemnizable, mínimo US$ 500.00\0'),(435,4,4,17,6,3,16,2,4,NULL,'30% del monto indemnizable.\0'),(438,21,4,17,6,3,16,3,7,NULL,'10% del monto indemnizable, mínimo US$150.00\0'),(439,57,4,17,6,3,16,3,7,NULL,'15% del monto indemnizable, mínimo US$150.00\0'),(440,58,4,17,6,3,16,3,7,NULL,'20% del monto indemnizable, mínimo US$300.00\0'),(443,61,4,17,6,3,16,3,7,NULL,'20% del monto indemnizable, mínimo US$ 300. \0'),(446,21,4,17,6,3,16,1,7,NULL,'15% del monto indemnizable, mínimo US$150.00\0'),(447,57,4,17,6,3,16,1,7,NULL,'20% del monto indemnizable, mínimo US$200.00\0'),(448,58,4,17,6,3,16,1,7,NULL,'20% del monto indemnizable, mínimo US$300.00\0'),(451,4,4,17,6,3,16,1,7,NULL,'20% del monto indemnizable (Chevrolet Aveo y Sail para unidades que circulan en Lima)\0'),(452,61,4,17,6,3,16,1,7,NULL,'20% del monto indemnizable, mínimo US$ 300\0'),(453,21,4,17,6,3,16,2,7,NULL,'15% del monto indemnizable, mínimo US$150.00\0'),(454,57,4,17,6,3,16,2,7,NULL,'20% del monto indemnizable, mínimo US$200.00\0'),(455,58,4,17,6,3,16,2,7,NULL,'20% del monto indemnizable, mínimo US$300.00\0'),(458,61,4,17,6,3,16,2,7,NULL,'20% del monto indemnizable, mínimo US$ 300.\0'),(459,21,4,17,6,3,16,4,7,NULL,'20% del monto indemnizable, mínimo US$ 250.00\0'),(460,57,4,17,6,3,16,4,7,NULL,'20% del monto indemnizable, mínimo US$ 250.00\0'),(461,58,4,17,6,3,16,4,7,NULL,'20% del monto indemnizable, mínimo US$ 400.00\0'),(462,58,4,17,6,3,16,4,7,NULL,'20% del monto indemnizable, mínimo US$ 500.00\0'),(463,4,4,17,6,3,16,4,7,NULL,'30% del monto indemnizable.\0'),(464,4,4,17,6,3,16,4,7,NULL,'20% del monto indemnizable.\0'),(465,21,4,17,6,3,16,3,2,NULL,'10% del monto indemnizable, mínimo US$200.00\0'),(466,14,4,17,6,3,16,3,2,NULL,'20% del monto indemnizable, mínimo US$350.00\0'),(467,58,4,17,6,3,16,3,2,NULL,'25% del monto indemnizable, mínimo US$350.00\0'),(470,61,4,17,6,3,16,3,2,NULL,'25% del monto indemnizable, mínimo US$ 350. \0'),(471,14,4,17,6,3,16,3,2,NULL,'10% del monto indemnizable, mínimo US$100.00\0'),(472,100,4,17,6,3,16,3,2,NULL,'Nacional: US$ 20.00 Importada: 10% del monto indemnizable, mínimo $200.00\0'),(475,4,4,17,6,3,16,3,2,NULL,'15% del monto indemnizable\0'),(476,21,4,17,6,3,16,2,2,NULL,'15% del monto indemnizable, mínimo US$250.00\0'),(477,57,4,17,6,3,16,2,2,NULL,'20% del monto indemnizable, mínimo US$350.00\0'),(478,58,4,17,6,3,16,2,2,NULL,'25% del monto indemnizable, mínimo US$350.00\0'),(481,61,4,17,6,3,16,2,2,NULL,'25% del monto indemnizable, mínimo US$ 350.\0'),(482,14,4,17,6,3,16,2,2,NULL,'10% del monto indemnizable, mínimo US$100.00\0'),(483,100,4,17,6,3,16,2,2,NULL,'Nacional: US$ 20.00 Importada: 15% del monto indemnizable, mínimo $250.00\0'),(484,2,4,17,6,3,16,2,2,NULL,'15% del monto indemnizable\0'),(485,4,4,17,6,3,16,2,2,NULL,'15% del monto indemnizable \0'),(487,1,4,17,1,3,16,4,6,NULL,'20% del monto indemnizable, mínimo US$ 400.00\0'),(488,1,4,17,3,3,16,4,6,NULL,'20% del monto indemnizable, mínimo US$ 400.00\0'),(489,1,4,17,17,3,16,4,6,NULL,'20% del monto indemnizable, mínimo US$ 400.00\0'),(490,12,4,17,1,3,16,2,6,NULL,'20% del monto indemnizable, mínimo US$ 500.00\0'),(491,12,4,17,3,3,16,2,6,NULL,'20% del monto indemnizable, mínimo US$ 500.00\0'),(492,12,4,17,17,3,16,2,6,NULL,'20% del monto indemnizable, mínimo US$ 500.00\0'),(499,8,4,17,1,3,16,2,6,NULL,'20% del monto indemnizable, mínimo US$ 500.00\0'),(500,8,4,17,3,3,16,2,6,NULL,'20% del monto indemnizable, mínimo US$ 500.00\0'),(501,8,4,17,17,3,16,2,6,NULL,'20% del monto indemnizable, mínimo US$ 500.00\0'),(505,100,4,17,1,3,16,2,6,NULL,'Lunas Nacionales - Sin deducible 	Lunas Importadas - Monto fijo US$ 200.00\0'),(506,100,4,17,3,3,16,2,6,NULL,'Lunas Nacionales - Sin deducible 	Lunas Importadas - Monto fijo US$ 200.00\0'),(507,100,4,17,17,3,16,2,6,NULL,'Lunas Nacionales - Sin deducible 	Lunas Importadas - Monto fijo US$ 200.00\0'),(508,14,4,17,1,3,16,2,6,NULL,'10% del monto indemnizable, mínimo US$ 200.00\0'),(509,14,4,17,3,3,16,2,6,NULL,'10% del monto indemnizable, mínimo US$ 200.00\0'),(510,14,4,17,17,3,16,2,6,NULL,'10% del monto indemnizable, mínimo US$ 200.00\0'),(519,21,4,17,17,3,16,3,1,NULL,'10% del monto indemnizable, mínimo US$150.00\0'),(520,57,4,17,1,3,16,3,1,NULL,'15% del monto indemnizable, mínimo US$150.00\0'),(521,58,4,17,1,3,16,3,1,NULL,'20% del monto indemnizable, mínimo US$300.00\0'),(524,61,4,17,1,3,16,3,1,NULL,'20% del monto indemnizable, mínimo US$ 300.00\0'),(525,14,4,17,1,3,16,3,1,NULL,'10% del monto indemnizable, mínimo US$150.00\0'),(526,61,4,17,1,3,16,3,1,NULL,'20% del monto indemnizable, mínimo US$ 300.00\0'),(527,21,4,17,1,3,16,2,1,NULL,'15% del monto indemnizable, mínimo US$150.00\0'),(528,57,4,17,1,3,16,2,1,NULL,'20% del monto indemnizable, mínimo US$200.00\0'),(529,58,4,17,1,3,16,2,1,NULL,'20% del monto indemnizable, mínimo US$300.00\0'),(532,4,4,17,1,3,16,2,1,NULL,'20% del monto indemnizable (Chevrolet Aveo y Sail para unidades que circulan en Lima).\0'),(533,61,4,17,1,3,16,2,1,NULL,'20% del monto indemnizable, mínimo US$ 300.00\0'),(534,14,4,17,1,3,16,2,1,NULL,'10% del monto indemnizable, mínimo US$150.00\0'),(535,62,4,17,1,3,16,2,1,NULL,'20% del monto indemnizable, mínimo US$ 300.00\0'),(536,21,4,17,1,3,16,1,1,NULL,'15% del monto indemnizable, mínimo US$150.00\0'),(537,57,4,17,1,3,16,1,1,NULL,'20% del monto indemnizable, mínimo US$200.00\0'),(538,58,4,17,1,3,16,1,1,NULL,'20% del monto indemnizable, mínimo US$300.00\0'),(541,4,4,17,1,3,16,1,1,NULL,'20% del monto indemnizable (Chevrolet Aveo y Sail para unidades que circulan en Lima).\0'),(542,61,4,17,1,3,16,1,1,NULL,'20% del monto indemnizable, mínimo US$ 300.00\0'),(543,14,4,17,1,3,16,1,1,NULL,'10% del monto indemnizable, mínimo US$150.00\0'),(545,21,2,17,1,4,16,1,1,NULL,'10 % del monto minimo US$ 150\0'),(546,19,2,17,1,3,16,1,1,NULL,'15 % del monto minimo US$ 200'),(547,20,2,17,1,3,16,1,1,NULL,'10 % del monto minimo US$ 150'),(548,14,2,17,1,3,16,1,1,NULL,'10 % del monto minimo US$ 150'),(549,7,2,17,1,3,16,1,1,NULL,'10 % del monto minimo US$ 150'),(550,12,2,17,1,3,16,1,1,NULL,'20 % del monto minimo US$ 500'),(552,8,2,17,1,3,16,1,1,NULL,'20 % del monto minimo US$ 500'),(555,21,2,17,6,3,16,1,1,NULL,'15 % del monto minimo US$ 300'),(556,19,2,17,6,3,16,1,1,NULL,'20 % del monto minimo US$ 500'),(557,20,2,17,6,3,16,1,1,NULL,'25 % del monto minimo US$ 750'),(558,24,2,17,6,3,16,1,1,NULL,'25 % del monto minimo US$ 500'),(559,14,2,17,6,3,16,1,1,NULL,'10 % del monto minimo US$ 150'),(560,7,2,17,6,3,16,1,1,NULL,'10 % del monto minimo US$ 150'),(561,12,2,17,6,3,16,1,1,NULL,'20 % del monto minimo US$ 500'),(563,8,2,17,6,3,16,1,1,NULL,'25 % del monto minimo US$ 500'),(564,19,5,1,1,3,16,3,1,6,'15.00% del monto a indemnizar, mínimo US$ 150.00'),(565,22,5,1,1,3,16,3,1,6,'15.00% del monto a indemnizar, mínimo US$ 150.00'),(566,3,5,1,1,3,16,3,1,6,'20% del monto a indemnizar, mínimo US$ 200.00'),(567,14,5,1,1,3,16,3,1,6,'10% del monto del siniestro, mínimo US$ 150.00'),(569,61,5,1,1,3,16,3,1,6,'20% del monto del siniestro mínimo US$ 500'),(570,12,5,1,1,3,16,1,2,6,'Imprudencia culposa 25% del monto a indemnizar, mínimo US$ 500.00'),(573,19,5,3,1,3,16,3,1,7,'15.00% del monto a indemnizar, mínimo US$ 150.00'),(574,22,5,3,1,3,16,3,1,7,'10.00% del monto a indemnizar, mínimo US$ 150.00'),(575,3,5,3,1,3,16,3,1,7,'15% del monto a indemnizar, mínimo US$ 150.00'),(576,14,5,3,1,3,16,3,1,7,'10% del monto del siniestro, mínimo US$ 150.00'),(578,61,5,3,1,3,16,3,1,7,'20% del monto del siniestro mínimo US$ 500'),(579,12,5,3,1,3,16,3,1,7,'25% del monto a indemnizar, mínimo US$ 500.00'),(580,19,5,3,1,3,16,3,1,4,'15.00% del monto a indemnizar, mínimo US$ 150.00'),(581,22,5,3,1,3,16,3,1,4,'10.00% del monto a indemnizar, mínimo US$ 150.00'),(582,3,5,3,1,3,16,3,1,5,'20% del monto a indemnizar, mínimo US$ 200.00'),(585,61,5,3,1,3,16,3,1,5,'20% del monto del siniestro mínimo US$ 500'),(586,12,5,3,1,3,16,3,1,5,'25% del monto a indemnizar, mínimo US$ 500.00'),(588,12,5,3,1,3,16,3,1,8,'25% del monto a indemnizar, mínimo US$ 500.00'),(589,16,5,3,1,3,16,3,1,8,'10% del monto mínimo US$ 150.00'),(590,8,5,3,1,3,16,3,1,8,'20% del monto a indemnizar, mínimo US$ 500'),(591,61,5,3,1,3,16,3,1,8,'25% del monto a indemnizar, mínimo US$ 500.00'),(593,43,5,17,1,3,16,3,1,8,'15% del monto del siniestro, mínimo US$ 300.00'),(594,5,5,17,1,3,16,3,1,8,'15% del monto del siniestro, mínimo US$ 300.00'),(595,12,5,17,1,3,16,3,1,8,'25% del monto del siniestro, mínimo USS 400.00'),(596,14,5,17,1,3,16,3,1,8,'10% del monto del siniestro mínimo US$ 150.00'),(598,61,5,17,1,3,16,3,1,8,'20% el monto a indemnizar mínimo US$ 400.00 para todo y cada evento incluido pérdida total');
/*!40000 ALTER TABLE `deduc_asegur` ENABLE KEYS */;
UNLOCK TABLES;

--
-- Table structure for table `deducibles`
--

DROP TABLE IF EXISTS `deducibles`;
/*!40101 SET @saved_cs_client     = @@character_set_client */;
/*!40101 SET character_set_client = utf8 */;
CREATE TABLE `deducibles` (
  `id_deduc` int(11) NOT NULL AUTO_INCREMENT,
  `deducible` varchar(400) NOT NULL,
  PRIMARY KEY (`id_deduc`)
) ENGINE=InnoDB AUTO_INCREMENT=105 DEFAULT CHARSET=latin1;
/*!40101 SET character_set_client = @saved_cs_client */;

--
-- Dumping data for table `deducibles`
--

LOCK TABLES `deducibles` WRITE;
/*!40000 ALTER TABLE `deducibles` DISABLE KEYS */;
INSERT INTO `deducibles` VALUES (1,'Daño propio'),(2,'Pérdida total por daños'),(3,'Robo parcial'),(4,'Robo total'),(5,'Riesgos de la naturaleza'),(6,'Riesgos políticos (HCCDMVT)'),(7,'Responsabilidad Civil'),(8,'Uso de vías no autorizadas'),(9,'Menor de 25 años'),(10,'Imprudencia culposa'),(12,'Ausencia de control'),(13,'RC por Ausencia de Control'),(14,'Accesorios musicales'),(16,'Lunas importadas o nacionales'),(17,'Chofer de reemplazo'),(19,'Talleres afiliados'),(20,'Talleres no Afiliados'),(21,'Talleres Preferentes'),(22,'Talleres Multimarca'),(24,'Volcadura/Despite/Desbarrancamiento'),(26,'Desbarrancamiento'),(27,'Daños Materiales'),(31,'Vías no autorizadas'),(40,'Daños a la cámara isotérmica'),(43,'Huelga, conmoción civil, daño malicioso, vandalismo y terrorismo'),(56,'Rehabilitación automática de la suma asegurada sin costo de prima, no aplicable a accesorios musicales'),(57,'Afiliado concesionario'),(58,'No afiliado'),(60,'Vehículos de Reemplazo'),(61,'Deducible para menor de 25 años'),(62,'Deducible por conductor de sexo masculino'),(67,'Perdida Parcial o Total por ausencia del control y REsponsabilidad civil por ausencia de control'),(68,'Circulación en vías y caminos fuera del uso regular y frecuente'),(69,'Roturas de lunas con reposición por lunas nacionales'),(75,'Pérdidas parcial por imprudencia culposa o ausencia de control, 20% del monto del siniestro, con un recargo del 50% del mínimo que corresponda'),(79,'Pérdida Total por Off Road coaseguro de 30%'),(80,'Conductor varón menor  de 29 años, Por todo y cada evento'),(81,'Deducible por pérdida total'),(82,'Deducible por volcadura'),(83,'Daños por caida de piedras'),(85,'Evento (Siniestros atendidos solo en red de talleres afiliados no incluidos en listado de talleres Movilplan)'),(87,'Daño por robo o hurto no autorizado'),(88,'Robo o hurto de partes y piezas'),(89,'Muerte e invalidez permanente'),(90,'Gastos de curacion '),(92,'Defensa judicial'),(93,'Sepelio'),(94,'Cirugia estética para el piloto y copiloto'),(95,'Asistencia en viaje'),(96,'Robo de accesorios'),(98,'Reclamacion de daños'),(99,'Cobertura internacional'),(100,'Rotura de lunas'),(101,'Toda rural hasta 9 asientos y paneles'),(102,'Microbus hasta 16 asientos'),(103,'Minibus hasta 33 asientos'),(104,'Ómnibus mayor de 33 asientos');
/*!40000 ALTER TABLE `deducibles` ENABLE KEYS */;
UNLOCK TABLES;

--
-- Table structure for table `django_admin_log`
--

DROP TABLE IF EXISTS `django_admin_log`;
/*!40101 SET @saved_cs_client     = @@character_set_client */;
/*!40101 SET character_set_client = utf8 */;
CREATE TABLE `django_admin_log` (
  `id` int(11) NOT NULL AUTO_INCREMENT,
  `action_time` datetime NOT NULL,
  `object_id` longtext,
  `object_repr` varchar(200) NOT NULL,
  `action_flag` smallint(5) unsigned NOT NULL,
  `change_message` longtext NOT NULL,
  `content_type_id` int(11) DEFAULT NULL,
  `user_id` int(11) NOT NULL,
  PRIMARY KEY (`id`),
  KEY `django_admin_log_417f1b1c` (`content_type_id`),
  KEY `django_admin_log_e8701ad4` (`user_id`),
  CONSTRAINT `django_admin_log_user_id_52fdd58701c5f563_fk_auth_user_id` FOREIGN KEY (`user_id`) REFERENCES `auth_user` (`id`),
  CONSTRAINT `djang_content_type_id_697914295151027a_fk_django_content_type_id` FOREIGN KEY (`content_type_id`) REFERENCES `django_content_type` (`id`)
) ENGINE=InnoDB DEFAULT CHARSET=latin1;
/*!40101 SET character_set_client = @saved_cs_client */;

--
-- Dumping data for table `django_admin_log`
--

LOCK TABLES `django_admin_log` WRITE;
/*!40000 ALTER TABLE `django_admin_log` DISABLE KEYS */;
/*!40000 ALTER TABLE `django_admin_log` ENABLE KEYS */;
UNLOCK TABLES;

--
-- Table structure for table `django_content_type`
--

DROP TABLE IF EXISTS `django_content_type`;
/*!40101 SET @saved_cs_client     = @@character_set_client */;
/*!40101 SET character_set_client = utf8 */;
CREATE TABLE `django_content_type` (
  `id` int(11) NOT NULL AUTO_INCREMENT,
  `name` varchar(100) NOT NULL,
  `app_label` varchar(100) NOT NULL,
  `model` varchar(100) NOT NULL,
  PRIMARY KEY (`id`),
  UNIQUE KEY `django_content_type_app_label_45f3b1d93ec8c61c_uniq` (`app_label`,`model`)
) ENGINE=InnoDB AUTO_INCREMENT=41 DEFAULT CHARSET=latin1;
/*!40101 SET character_set_client = @saved_cs_client */;

--
-- Dumping data for table `django_content_type`
--

LOCK TABLES `django_content_type` WRITE;
/*!40000 ALTER TABLE `django_content_type` DISABLE KEYS */;
INSERT INTO `django_content_type` VALUES (1,'log entry','admin','logentry'),(2,'permission','auth','permission'),(3,'group','auth','group'),(4,'user','auth','user'),(5,'content type','contenttypes','contenttype'),(6,'session','sessions','session'),(7,'anio','cotizar','anio'),(8,'aseguradora','cotizar','aseguradora'),(9,'auth group','cotizar','authgroup'),(10,'auth group permissions','cotizar','authgrouppermissions'),(11,'auth permission','cotizar','authpermission'),(12,'auth user','cotizar','authuser'),(13,'auth user groups','cotizar','authusergroups'),(14,'auth user user permissions','cotizar','authuseruserpermissions'),(15,'categorias','cotizar','categorias'),(16,'clase','cotizar','clase'),(17,'clase modelo','cotizar','clasemodelo'),(18,'clientes','cotizar','clientes'),(19,'cobert asegur','cotizar','cobertasegur'),(20,'cobertura','cotizar','cobertura'),(21,'deduc asegur','cotizar','deducasegur'),(22,'deducibles','cotizar','deducibles'),(23,'django admin log','cotizar','djangoadminlog'),(24,'django content type','cotizar','djangocontenttype'),(25,'django migrations','cotizar','djangomigrations'),(26,'django session','cotizar','djangosession'),(27,'financiamiento','cotizar','financiamiento'),(28,'hermes autos','cotizar','hermesautos'),(29,'marca','cotizar','marca'),(30,'modalidad','cotizar','modalidad'),(31,'modelo','cotizar','modelo'),(32,'parametros','cotizar','parametros'),(33,'programa','cotizar','programa'),(34,'riesg aseg','cotizar','riesgaseg'),(35,'riesgo','cotizar','riesgo'),(36,'servic asegur','cotizar','servicasegur'),(37,'servicios','cotizar','servicios'),(38,'tasa asegur','cotizar','tasaasegur'),(39,'timon','cotizar','timon'),(40,'uso','cotizar','uso');
/*!40000 ALTER TABLE `django_content_type` ENABLE KEYS */;
UNLOCK TABLES;

--
-- Table structure for table `django_migrations`
--

DROP TABLE IF EXISTS `django_migrations`;
/*!40101 SET @saved_cs_client     = @@character_set_client */;
/*!40101 SET character_set_client = utf8 */;
CREATE TABLE `django_migrations` (
  `id` int(11) NOT NULL AUTO_INCREMENT,
  `app` varchar(255) NOT NULL,
  `name` varchar(255) NOT NULL,
  `applied` datetime NOT NULL,
  PRIMARY KEY (`id`)
) ENGINE=InnoDB AUTO_INCREMENT=5 DEFAULT CHARSET=latin1;
/*!40101 SET character_set_client = @saved_cs_client */;

--
-- Dumping data for table `django_migrations`
--

LOCK TABLES `django_migrations` WRITE;
/*!40000 ALTER TABLE `django_migrations` DISABLE KEYS */;
INSERT INTO `django_migrations` VALUES (1,'contenttypes','0001_initial','2016-03-08 17:27:50'),(2,'auth','0001_initial','2016-03-08 17:27:54'),(3,'admin','0001_initial','2016-03-08 17:27:55'),(4,'sessions','0001_initial','2016-03-08 17:27:56');
/*!40000 ALTER TABLE `django_migrations` ENABLE KEYS */;
UNLOCK TABLES;

--
-- Table structure for table `django_session`
--

DROP TABLE IF EXISTS `django_session`;
/*!40101 SET @saved_cs_client     = @@character_set_client */;
/*!40101 SET character_set_client = utf8 */;
CREATE TABLE `django_session` (
  `session_key` varchar(40) NOT NULL,
  `session_data` longtext NOT NULL,
  `expire_date` datetime NOT NULL,
  PRIMARY KEY (`session_key`),
  KEY `django_session_de54fa62` (`expire_date`)
) ENGINE=InnoDB DEFAULT CHARSET=latin1;
/*!40101 SET character_set_client = @saved_cs_client */;

--
-- Dumping data for table `django_session`
--

LOCK TABLES `django_session` WRITE;
/*!40000 ALTER TABLE `django_session` DISABLE KEYS */;
/*!40000 ALTER TABLE `django_session` ENABLE KEYS */;
UNLOCK TABLES;

--
-- Table structure for table `financiamiento`
--

DROP TABLE IF EXISTS `financiamiento`;
/*!40101 SET @saved_cs_client     = @@character_set_client */;
/*!40101 SET character_set_client = utf8 */;
CREATE TABLE `financiamiento` (
  `id_financ` int(11) NOT NULL AUTO_INCREMENT,
  `finaciamiento` varchar(100) NOT NULL,
  PRIMARY KEY (`id_financ`)
) ENGINE=InnoDB AUTO_INCREMENT=4 DEFAULT CHARSET=latin1;
/*!40101 SET character_set_client = @saved_cs_client */;

--
-- Dumping data for table `financiamiento`
--

LOCK TABLES `financiamiento` WRITE;
/*!40000 ALTER TABLE `financiamiento` DISABLE KEYS */;
INSERT INTO `financiamiento` VALUES (1,'CUOTAS SIN INTERESES'),(2,'CUOTAS CON INTERESES SIN CARGO EN CUENTA'),(3,'SOLO CARGO EN CUENTA (TASA PREFERENCIAL)');
/*!40000 ALTER TABLE `financiamiento` ENABLE KEYS */;
UNLOCK TABLES;

--
-- Table structure for table `marca`
--

DROP TABLE IF EXISTS `marca`;
/*!40101 SET @saved_cs_client     = @@character_set_client */;
/*!40101 SET character_set_client = utf8 */;
CREATE TABLE `marca` (
  `id_marca` int(11) NOT NULL AUTO_INCREMENT,
  `name_marca` varchar(20) NOT NULL,
  PRIMARY KEY (`id_marca`)
) ENGINE=InnoDB AUTO_INCREMENT=148 DEFAULT CHARSET=latin1;
/*!40101 SET character_set_client = @saved_cs_client */;

--
-- Dumping data for table `marca`
--

LOCK TABLES `marca` WRITE;
/*!40000 ALTER TABLE `marca` DISABLE KEYS */;
INSERT INTO `marca` VALUES (1,'ZOTYE'),(3,'DODGE'),(4,'DONG FENG'),(5,'DAIHATSU'),(7,'ZXAUTO'),(9,'BMW'),(11,'FAW'),(15,'FIAT'),(20,'FORD'),(30,'ALFA ROMEO'),(33,'AUDI'),(37,'BAIC'),(40,'BRILLIANCE'),(42,'BYD'),(45,'CHANGAN'),(47,'CHERY'),(49,'CHRYSLER'),(51,'CITROEN'),(55,'VOLVO'),(61,'FOTON'),(63,'GEELY'),(68,'GREAT WALL'),(69,'HAFEI'),(70,'HAIMA'),(74,'HONDA'),(80,'JAC'),(82,'JEEP'),(86,'JONWAY'),(90,'KIA'),(94,'LAND ROVER'),(96,'LEXUS'),(97,'LIFAN'),(100,'MAHINDRA'),(103,'MAZDA'),(104,'MERCEDES BENZ'),(106,'MG'),(107,'MINI'),(108,'MITSUBISHI'),(111,'NISSAN'),(112,'OLDSMOBILE'),(114,'PEUGEOT'),(117,'PORSCHE'),(118,'RENAULT'),(122,'SEAT'),(127,'SMA'),(128,'SSANG YONG'),(130,'SUBARU'),(131,'SUZUKI'),(133,'TOYOTA'),(134,'VOLKSWAGEN'),(138,'CHEVROLET'),(140,'HYUNDAI'),(146,'KENBO BAIC YX'),(147,'YEMA');
/*!40000 ALTER TABLE `marca` ENABLE KEYS */;
UNLOCK TABLES;

--
-- Table structure for table `modalidad`
--

DROP TABLE IF EXISTS `modalidad`;
/*!40101 SET @saved_cs_client     = @@character_set_client */;
/*!40101 SET character_set_client = utf8 */;
CREATE TABLE `modalidad` (
  `id_modalidad` int(11) NOT NULL AUTO_INCREMENT,
  `name_modalidad` varchar(50) NOT NULL,
  PRIMARY KEY (`id_modalidad`)
) ENGINE=InnoDB AUTO_INCREMENT=5 DEFAULT CHARSET=latin1;
/*!40101 SET character_set_client = @saved_cs_client */;

--
-- Dumping data for table `modalidad`
--

LOCK TABLES `modalidad` WRITE;
/*!40000 ALTER TABLE `modalidad` DISABLE KEYS */;
INSERT INTO `modalidad` VALUES (1,'Pérdida Total'),(2,'Todo Riesgo'),(3,'Responsabilidad Civil'),(4,'NA');
/*!40000 ALTER TABLE `modalidad` ENABLE KEYS */;
UNLOCK TABLES;

--
-- Table structure for table `modelo`
--

DROP TABLE IF EXISTS `modelo`;
/*!40101 SET @saved_cs_client     = @@character_set_client */;
/*!40101 SET character_set_client = utf8 */;
CREATE TABLE `modelo` (
  `id_model` int(11) NOT NULL AUTO_INCREMENT,
  `name_model` varchar(50) NOT NULL,
  PRIMARY KEY (`id_model`),
  KEY `id_model` (`id_model`)
) ENGINE=InnoDB AUTO_INCREMENT=5010 DEFAULT CHARSET=latin1;
/*!40101 SET character_set_client = @saved_cs_client */;

--
-- Dumping data for table `modelo`
--

LOCK TABLES `modelo` WRITE;
/*!40000 ALTER TABLE `modelo` DISABLE KEYS */;
INSERT INTO `modelo` VALUES (2189,'YARIS'),(4129,'A1 1.4 TFSI S TRONIC'),(4130,'A1 SPORTBACK PI 1.4 TFSI S TRONIC'),(4131,'A3 1.8 TFSI S TRONIC'),(4132,'A3 SEDAN 1.2 TFSI S TRONIC'),(4133,'A3 SEDAN 1.8 TFSI S TRONIC'),(4134,'A3 SPORTBACK 1.2 TFSI S TRONIC'),(4135,'A3 SPORTBACK 1.8 TFSI S TRONIC'),(4136,'S3 QUATTRO S TRONIC'),(4137,'S3 SEDAN QUATTRO S TRONIC'),(4138,'A4 1.8 TFSI (120 HP) MULTITRONIC'),(4139,'14 1.8 TFSI (170 HP) MULTITRONIC'),(4140,'A4 ALLROAD 2.0 TFSI (170 HP) S TRONIC'),(4141,'A4 2.0 TFSI QUATTRO S TRONIC'),(4142,'S4 3.0T FSI QUATTRO S TRONIC'),(4143,'A5 1.8 TFSI MULTITRONIC'),(4144,'A5 2.0 TFSI QUATTRO S TRONIC'),(4145,'A5 3.0 TFSI QUATTRO TIPTRONIC'),(4146,'A5 CABRIOLET 2.0T FSI QUATTRO S TRONIC'),(4147,'A5 SPORTBACK 1.8 TFSI MULTITRONIC'),(4148,'A5 SPORTBACK 2.0 TFSI QUATTRO S TRONIC'),(4149,'A5 SPORTBACK 3.0 TFSI QUATTRO S TRONIC'),(4150,'S5 COUPE 3.0T FSI QUATTRO S TRONIC'),(4151,'RS5 4.2 FSI QUATTRO S TRONIC'),(4152,'A6 1.8 TFSI S TRONIC'),(4153,'A6 3.0 TFSI QUATTRO S TRONIC'),(4154,'A7 3.0 TFSI QUATTRO S TRONIC'),(4155,'A8 3.0 TFSI QUATTRO'),(4156,'A8 L 4.0 TFSI QUATTRO'),(4157,'S8 4.0 TFSI QUATTRO'),(4158,'TT 2.0 TFSI S TRONIC'),(4159,'TT 2.0 TFSI QUATTRO S TRONIC'),(4160,'R8 5.2 V10 S TRONIC'),(4161,'Q3 1.4 TFSI S TRONIC'),(4162,'Q3 2.0 TFSI QUATTRO S TRONIC'),(4163,'Q5 2.0 TFSI QUATTRO TIPTRONIC'),(4164,'Q5 3.0 TFSI QUATTRO TIPTRONIC'),(4165,'Q7 3.0 TFSI QUATTRO TIPTRONIC (272 HP)'),(4166,'Q7 3.0 TFSI QUATTRO TIPTRONIC (333 HP)'),(4167,'UP HB 1.3 MT COMFORTABLE'),(4168,'UP HB 1.5 AT FASHION'),(4169,'UP SEDAN 1.5 MT COMFORTABLE'),(4170,'ZOOM 2.4L MT BASIC'),(4171,'RANGE ROVER EVOQUE PURE'),(4172,'RANGE ROVER EVOQUE DYNAMIC'),(4173,'DISCOVERY4 HSE '),(4177,'120i JOY'),(4178,'120i URBAN'),(4179,'M135i'),(4180,'220i COUPE'),(4181,'M235i COUPE'),(4182,'M3 SEDAN'),(4183,'320i GT LUXURY'),(4184,'328i GT LUXURY'),(4185,'420i COUPE'),(4186,'428i COUPE LUXURY'),(4187,'435i COUPE M'),(4188,'M4 BASE'),(4189,'520i JOY'),(4190,'528i EXECUTIVE'),(4191,'535i EXECUTIVE'),(4192,'550i M'),(4193,'M5 HIGHEND'),(4194,'640i COUPE HIGHEND'),(4195,'650i COUPE HIGHEND'),(4196,'M6 COUPE HIGHEND'),(4197,'640i GRAN COUPE HIGHEND'),(4198,'650i GRAN COUPE HIGHEND'),(4199,'M6 GRAN COUPE HIGHEND'),(4200,'Z4 S20i JOY'),(4201,'Z4 S35i EXECUTIVE'),(4202,'X3 S20i JOY'),(4203,'X3 S28i JOY'),(4204,'X3 X35i XLINE'),(4205,'X3 X20d JOY'),(4206,'X3 X30d EXECUTIVE'),(4207,'X4 X20i EXECUTIVE'),(4208,'X4 X28i EXECUTIVE'),(4209,'X5 X35i EXECUTIVE'),(4210,'X5 X50i PURE EXPERIENCE'),(4211,'X5 X30d EXECUTIVE'),(4212,'X6 X35i EXECUTIVE'),(4213,'X6 X50i EXTRAVAGANCE'),(4214,'X6 X30d EXECUTIVE'),(4215,'X6 M HIGHEND'),(4216,'H230 1.5MT COMFORTABLE'),(4217,'H230 1.5MT DELUXE'),(4218,'H220 1.5 MT DELUXE'),(4219,'H220 1.5 AMT DELUXE'),(4220,'FRV CROSS 1.5 MT DELUXE'),(4221,'FRV CROSS 1.5 AT DELUXE'),(4222,'V5 1.6 MT COMFORTABLE'),(4223,'F3 GNV GL-i'),(4224,'F3 GL-i'),(4225,'NEW F3 GS-i'),(4226,'S6 GLX-i'),(4227,'S6 GS-i'),(4228,'BENNI ADVANTAGE'),(4229,'BENNI BASIC'),(4230,'NEW CX20 CROSS RAMBLER'),(4231,'EADO XT 1.6L MT LUXURY'),(4232,'CS35 1.6L AT LUXURY'),(4233,'CS35 1.6L MT COMFORTABLE'),(4234,'CS35 1.6L MT LUXURY'),(4235,'CS75 COMFORTABLE 2.0MT 6MT'),(4236,'CS75 DISTINGUISHED 1.8T 6AT'),(4237,'CS75 ELITE 1.8T 6AT'),(4238,'CT200h'),(4239,'CT200h PLUS'),(4240,'IS 250'),(4241,'IS 250 F SPORT'),(4242,'ES 350'),(4243,'GS 350'),(4244,'GS 350 F SPORT'),(4245,'RC F'),(4246,'LS 460L'),(4247,'NX 200T PLUS'),(4248,'NX 200T F SPORT'),(4249,'RX 350'),(4250,'RX 350 F SPORT'),(4251,'GX 460'),(4252,'LX 570'),(4253,'LX 570 PLUS'),(4254,'QQ 0.8 MT'),(4255,'NEW QQ 1.0 MT'),(4256,'FACE 1.3 MT FULL'),(4257,'NEW FULWIN SEDAN 1.5 MT'),(4258,'NEW FULWIN SEDAN 1.5 MT FULL'),(4259,'NEW FULWIN HATCHBACK 1.5 MT FULL'),(4260,'NEW BEAT 1.5 MT'),(4261,'NEW TIGGO 1.6 MT'),(4262,'NEW TIGGO 1.8 AMT'),(4263,'TIGGO 3.1.6 MT'),(4264,'TIGGO 3.1.6 AT FULL'),(4265,'TIGGO 5.2.0 MT'),(4266,'TIGGO 5.2.0 MT FULL'),(4267,'TIGGO 5.2.0 AT FULL'),(4268,'SPARK LITE LS 0.8 MT BASE'),(4269,'SPARK LITE LS 0.8 MT'),(4270,'SPARK LITE LT 1.0 MT'),(4271,'SPARK GT 1.2 LT MT BASE'),(4272,'SPARK GT 1.2 LT MT'),(4273,'SAIL SEDAN 1.4 MT BASE'),(4274,'SAIL SEDAN 1.4 MT '),(4275,'SAIL SEDAN 1.4 LT MT FULL'),(4276,'SAIL SEDAN 1.4 LT MT SPORT'),(4277,'SAIL HATCHBACK 1.4 LT MT FULL'),(4278,'AVEO SEDAN 1.4 LS MT BASE'),(4279,'AVEO SEDAN 1.4 LT MT'),(4280,'AVEO SEDAN 1.4 LT AT'),(4281,'AVEO HATCHBACK 1.4 LT MT FULL'),(4282,'AVEO HATCHBACK 1.4 LT AT FULL'),(4283,'SONIC SEDAN 1.6 LS MT'),(4284,'SONIC SEDAN 1.6 LT MT'),(4285,'SONIC SEDAN 1.6 LT AT FULL'),(4286,'SONIC HATCHBACK 1.6 LS MT'),(4287,'SONIC HATCHBACK 1.6 LT MT'),(4288,'SONIC HATCHBACK 1.6 LT AT FULL'),(4289,'CRUZE SEDAN 1.8 LS MT'),(4290,'CRUZE SEDAN 1.8 LS AT FULL'),(4291,'CRUZE HATCHBACK 1.8 LT MT FULL'),(4292,'CRUZE HATCHBACK 1.8 LT AT FULL'),(4293,'CAMARO COUPE 3.6 V6 RS MT'),(4294,'CAMARO COUPE 6.2 V8 SS MT'),(4295,'CAMARO COUPE 6.2 V8 SS AT'),(4296,'CAMARO CONVERTIBLE 6.2 V8 SS AT'),(4297,'CAMARO COUPE 6.2 V8 ZL1 AT'),(4298,'MALIBU 3.0 LTZ AT FULL'),(4299,'TRACKER 1.8 LS MT 2WD'),(4300,'TRACKER 1.8 LT MT 2WD'),(4301,'TRACKER 1.8 LT AT FULL AWD'),(4302,'ORLANDO 2.4 LT AT'),(4303,'ORLANDO 2.4 LT AT FULL'),(4304,'CAPTIVA 2.4 LS MT 2WD'),(4305,'CAPTIVA 2.4 LS AT 2WD'),(4306,'CAPTIVA 2.4 LT MT AWD'),(4307,'CAPTIVA 2.4 LT AT AWD FULL'),(4308,'TRAILBLAZER 3.6 LTZ AT FULL 4WD'),(4309,'TAHOE 5.3 V8 LT AT 4WD'),(4310,'SUBURBAN 5.3 V8 LT AT 4WD'),(4311,'TOWN & COUNTRY TOURING'),(4312,'C3 PURE TECH 82 BVM5 SEDUCTION PLUS'),(4313,'C-ELYSEE PURETECH 72 BVM EXCLUSIVE'),(4314,'C-ELYSEE SEDUCTION VTI 115 BVM'),(4315,'C-ELYSEE SEDUCTION VTI 115 BVA'),(4316,'DS3 120 VTI BVM SO CHIC'),(4317,'DS3 120 VTI BVA SO CHIC'),(4318,'DS3 THP 155 BMV6 SPORT CHIC'),(4319,'C4 VTI 120 BVM SEDUCTION'),(4320,'C4 VTI 120 BVA FEEL FULL EDITION'),(4321,'DS4 THP 155 BVA6 SO CHIC'),(4322,'C5 THP 160 BVA6 SEDUCTION'),(4323,'TERIOS CITY 4X2 MEC.'),(4324,'TERIOS CITY 4X2 AUT.'),(4325,'TERIOS ADVENTURE 4X4 MEC.'),(4326,'TERIOS ADVENTURE 4X4 AUT.'),(4327,'TERIOS LONG FAMILY 4X2 MEC.'),(4328,'TERIOS LONG FAMILY 4X2 AUT.'),(4329,'JOURNEY SE FWD MODELO 2015'),(4330,'JOURNEY SXT 4X2 2.4L AT MODELO 2015'),(4331,'DURANGO EXPRESS 4X2 3.6LAT'),(4332,'DURANGO LIMITED 4X4 3.6L AT'),(4333,'DURANGO CITADEL 4X4 3.6L'),(4334,'S-30 SEDAN ELEGANT'),(4335,'S-30 SEDAN ELEGANT GNV'),(4336,'S-30 SEDAN NOBLE MT'),(4337,'H30 CROSS ELEGANT'),(4338,'H30 CROSS NOBLE'),(4339,'X5 CONFORT 1.6L'),(4340,'X5 LUXURY 1.6L'),(4341,'SIRIUS 1.5'),(4342,'VIDA 1.3'),(4343,'500 POP MT'),(4344,'500 POP DUALOGIC'),(4345,'PUNTO 1.4 POP MT'),(4346,'PUNTO 1.4 POP DUALOGIC'),(4347,'SIENA EL 1.4'),(4348,'GRAND SIENA 1.4'),(4349,'PALIO WEEKEND ADVENTURE 1.6'),(4350,'FIESTA SEDAN SE 1.6L MT'),(4351,'FIESTA HATCH SE 1.6L MT'),(4352,'FOCUS SEDAN SE PLUS 2.0L MT'),(4353,'FOCUS SEDAN SE TITANIUM 2.0L AT'),(4354,'FOCUS HATCH SE PLUS 2.0L MT'),(4355,'FOCUS HATCH TITANIUM 2.0L AT'),(4356,'FUSION SE 2.0 ECOBOOST AT'),(4357,'MUSTANG GT PREMIUM MT'),(4358,'ECOSPORT SE 1.6 MT'),(4359,'ECOSPORT FREESTYLE 1.6 MT'),(4360,'ECOSPORT TITANIUM 1.6 MT'),(4361,'ESCAPE S 2.5L'),(4362,'ESCAPE SE 2.0L 4X2'),(4363,'ESCAPE SE 2.0L 4X4'),(4364,'EXPLORER XLT 3.5 4X2'),(4365,'EXPLORER XLT 3.5 4WD'),(4366,'EXPLORER LIMITED 3.5 4WD'),(4367,'EXPEDITION LIMITED'),(4368,'NUEVA MIDI PASAJEROS'),(4369,'NEW 330'),(4370,'520i HB'),(4371,'NEW 530 1.3'),(4372,'NEW 530 1.5'),(4373,'NEW 530 1.5 SUNROOF'),(4374,'NEW 530 1.5 AT'),(4375,'NEW 630 1.6'),(4376,'NEW 720 1.8'),(4377,'X60 LX 1.8'),(4378,'LC CROSS'),(4379,'CK GS 1300'),(4380,'GC6 1.5L GS'),(4381,'GC7 1.5L GS'),(4382,'EC7 SEDAN GS'),(4383,'EC7 SEDAN GL'),(4384,'SL GT'),(4385,'GX7 2.0L MT GL'),(4386,'GX7 2.4L AT GS'),(4387,'SCORPIO 2.2 CRDI 4X4 DSL E3 2AB'),(4388,'XUV 500 W6 2.2 4X2 FULL'),(4389,'XUV 500 W8 2.2 TDI AWD'),(4390,'VOOLEX C30 COMFORT'),(4391,'VOOLEX C30 LUXURY'),(4392,'VOOLEX C30 ELITE'),(4393,'VOOLEX C50 LUXURY DARK'),(4394,'VOOLEX C50 DIGNITY DARK'),(4395,'GREAT WALL M4 COMFORT 4X2'),(4396,'GREAT WALL M4 LUXURY 4X2'),(4397,'GREAT WALL H3 CITY 4X2'),(4398,'GREAT WALL H3 CITY 4X4'),(4399,'GREAT WALL H3 PILOT 4X2'),(4400,'GREAT WALL H5 CITY 4X2'),(4401,'GREAT WALL H5 CITY 4X4'),(4402,'GREAT WALL H5 PILOT 4X2'),(4403,'GREAT WALL H5 PILOT 4X4'),(4404,'GREAT WALL H6 CITY 4X2'),(4405,'GREAT WALL H6 CITY 4X4'),(4406,'GREAT WALL H6 ELITE 4X2'),(4407,'GREAT WALL H6 ELITE 4X4'),(4408,'LOBO 1.0'),(4409,'HAIMA1 1.0 MT COMFORT'),(4410,'HAIMA1 1.0 MT STANDART'),(4411,'HAIMA1 1.0 T DELUXE'),(4412,'HAIMA2 GL 1.3 MT STANDARD'),(4413,'HAIMA7 GLX 2.0 MT COMFORT'),(4414,'FIT LX 1.5 MT'),(4415,'FIT LX 1.5 CVT'),(4416,'FIT EX 1.5 CVT'),(4417,'CIVIC LX 1.8 AUT.'),(4418,'CIVIC DE LUXE 1.8 AUT.'),(4419,'CIVIC COUPE EX 1.8 AUT.'),(4420,'CIVIC SI 2.4 AUT.'),(4421,'CIVIC COUPE SI 2.4 AUT.'),(4422,'ACCORD EX 2.4 AUT.'),(4423,'ACCORD EX-L 2.4 AUT.'),(4424,'ACCORD 3.5 V6 AUT.'),(4425,'ACCORD COUPE 3.5 V6 AUT.'),(4426,'CR-V UP-GRADE LX CVT 2WD'),(4427,'CR-V UP-GRADE LX AT 4WD'),(4428,'CR-V UP-GRADE DELUXE CVT 2WD'),(4429,'CR-V UP-GRADE TOURING CVT 4WD'),(4430,'PILOT LX UP-GRADE 3.5 V6'),(4431,'PILOT EXL UP-GRADE 3.5 V6'),(4432,'PILOT TOURING UP-GRADE 3.5 V6'),(4433,'ODYSSEY EXL 3.5 V6'),(4434,'EON 0.8 GL BASE'),(4435,'GRAND I10 1.0 GL MT'),(4436,'GRAND I10 1.0 GL PLUS MT'),(4437,'GRAND I10 1.0 GLS FULL MT'),(4438,'GRAND I10 1.25 GLS FULL AT'),(4439,'NEW GRAND I10 SEDAN 1.25 GL MT'),(4440,'NEW GRAND I10 SEDAN 1.25 GL PLUS MT'),(4441,'NEW GRAND I10 SEDAN 1.25 GL PLUS AT'),(4442,'NEW ACCENT 1.4 GL 4DR MT BASICO'),(4443,'NEW ACCENT 1.4 GL 4DR MT BASICO + AC'),(4444,'NEW ACCENT 1.4 GL 4DRMT BASICO K6 GLP'),(4445,'NEW ACCENT 1.4 GL 4DRMT BASICO + AC GLP'),(4446,'NEW ACCENT 1.4 GL 4DRMT BASICO K6 GNV'),(4447,'NEW ACCENT 1.4 GL 4DRMT BASICO + AC GNV'),(4448,'NEW ACCENT 1.4 GL 4DRMTAC LE PE EE 2ABK6'),(4449,'NEW ACCENT 1.4 GL 4DR FULL CVT'),(4450,'NEW ACCENT 1.4 GL 4DR SPORT MT K6'),(4451,'NEW ACCENT 1.4 GL 4DR SPORT CVT'),(4452,'NEW ACCENT 1.4 GL 5HB ESTANDAR MT K6'),(4453,'ACCENT 1.4 GL 5HB MT K6'),(4454,'ACCENT 1.4 GL 5HB CVT'),(4455,'ACCENT 1.4 GL 5HB SPORT MT K6'),(4456,'ACCENT 1.4 GL 5HB SPORT AT'),(4457,'VELOSTER 1.6 GLS AT'),(4458,'VELOSTER 1.6 GLS MT'),(4459,'NEW I30 1.6 GL MT'),(4460,'NEW I30 1.6 GL AT'),(4461,'NEW I30 1.8 GLS SPORT MT SR'),(4462,'NEW I30 1.8 GLS SPORT AT SR'),(4463,'NEW ELANTRA FL 1.6 GL MT STD'),(4464,'NEW ELANTRA FL 1.6 GL MT'),(4465,'NEW ELANTRA FL 1.6 GL AT'),(4466,'NEW ELANTRA FL 1.6 GLS MT FULL'),(4467,'NEW ELANTRA  FL 1.6 GLS AT FULL'),(4468,'NEW SONATA LF 2.0 GL AT'),(4469,'NEW SONATA F/L 2.4 GLS AT'),(4470,'NEW SONATA HEV 2.4 FWDAT FULL (HIBRIDO)'),(4471,'GENESIS COUPE 2.0T 6MT'),(4472,'NEW AZERA 3.0 V6 GLS AT'),(4473,'NEW TUCSON 2.0 GL 2WD MT'),(4474,'NEW TUCSON 2.0 GL 2WD MT FULL PE'),(4475,'NEW TUCSON 2.0 GL 2WD AT FULL'),(4476,'NEW TUCSON 2.0 GL 2WD MT SPORT FULL'),(4477,'NEW TUCSON 2.0 GL 2WD  AT SPORT FULL'),(4478,'NEW TUCSON 2.0 GL 4WD  MT SPORT FULL'),(4479,'NEW TUCSON 2.0 GL 4WD  AT SPORT FULL'),(4480,'SANTA FE 7S GL 2WD MT'),(4481,'SANTA FE 7S GL 2WD AT'),(4482,'SANTA FE 7S GL 2WD MT FULL'),(4483,'SANTA FE 7S GL 2WD AT FULL'),(4484,'SANTA FE 7S GLS 2WD MT FULL'),(4485,'SANTA FE 7S GLS 2WD AT FULL'),(4486,'SANTA FE 7S GLS 4WD MT'),(4487,'SANTA FE 7S 4WD AT'),(4488,'GRAND SANTA FE 7S GLS 3.3 4WD AT FULL'),(4489,'GRAND SANTA FE 7S GLS 3.3 4WD AT DELUXE'),(4490,'J2 BASICO'),(4491,'J2 STANDARD'),(4492,'J2 COMFORT'),(4493,'J3 TURIN SEDAN BASICO'),(4494,'J3 HATCHBACK COMFORT'),(4495,'J3 CROSS'),(4496,'J4 1.5 MT COMFORT VVT'),(4497,'J4 1.5 MT LUXURY VVT'),(4498,'S3 1.5 MT. COMFORT'),(4499,'S3 1.5 MT. LUXURY'),(4500,'S3 1.5 AT. LUXURY'),(4501,'S5 2.0L TURBO 6MT'),(4502,'J6 1.5L VVT 7 ASIENTOS MT COMFORT'),(4503,'J6 1.5L VVT 7 ASIENTOS MT LUXURY'),(4504,'J6 1.8 AT 7 ASIENTOS LUXURY'),(4505,'COMPASS SPORT 4X2 2.0L MT MODELO 2015'),(4506,'COMPASS SPORT 4X2 2.0L CVT MODELO 2015'),(4507,'COMPASS LIMITE 4X4 MODELO 2015'),(4508,'PATRIOT LIMITED 4X4 MODELO 2014'),(4509,'CHEROKEE SPORT'),(4510,'CHEROKEE LONGITUDE'),(4511,'CHEROKEE LIMITED'),(4512,'CHEROKEE TRAILHAWK'),(4513,'GRAND CHEROKEE LAREDO 4X2 MODELO 2015'),(4514,'GRAND CHEROKEE LAREDO 4X4 MODELO 2015'),(4515,'GRAND CHEROKEE LAREDO 4X4 MODELO 2015 DIESEL'),(4516,'GRAND CHEROKEE LIMITED MODELO 2015'),(4517,'GRAND CHEROKEE LIMITED MODELO 2015 DIESEL'),(4518,'GRAND CHEROKEE OVERLAND 3.6 MODELO 2015'),(4519,'GRAND CHEROKEE SRTB'),(4520,'WRANGLER SPORT MT 3.6L MODELO 2015'),(4521,'WRANGLER RUBICON 3.6L AT MODELO 2015'),(4522,'WRANGLER UNLIMITED RUBICON AT 3.6L MODELO 2015'),(4523,'A380 1.6 FULL'),(4524,'FALCON 1.6 FULL'),(4525,'KENBO S2'),(4526,'KENBO S3'),(4527,'206 FULL'),(4528,'MIRAGE 1.2 GLX MT STD'),(4529,'MIRAGE 1.2 GLX MT'),(4530,'MIRAGE 1.2 GLS MT'),(4531,'MIRAGE 1.2 GLS CVT'),(4532,'MIRAGE G4 1.2 GLX MT'),(4533,'MIRAGE G4 1.2 GLS MT'),(4534,'MIRAGE G4 1.2 GLS CVT'),(4535,'LANCER 1.6 GLX MT'),(4536,'LANCER 1.6 GLS MT'),(4537,'LANCER 1.6 GLS AT'),(4538,'LANCER 2.0 GT CVT'),(4539,'LANCER EVOLUTION X'),(4540,'ASX 2WD 2.0 GLX MT'),(4541,'ASX 2WD 2.0 GLS MT'),(4542,'ASX 2WD 2.0 GLS CVT'),(4543,'ASX 4WD 2.0 GLS CVT'),(4544,'OUTLANDER 2WD 2.0 GLX CVT'),(4545,'OUTLANDER 2WD 2.0 GLS CVT'),(4546,'OUTLANDER 4WD 7S 2.4 GLS CVT'),(4547,'MONTERO SPORT 4X4 2.5 HP MT'),(4548,'MONTERO SPORT 4X4 2.5 HP AT'),(4549,'MONTERO SPORT 4X4 3.5 V6 AT'),(4550,'MONTERO LARGA 4X4 3.2 GLS AT'),(4551,'V16I CLASICO'),(4552,'TILDA SEDAN DECO 1.6 MT'),(4553,'TILDA SEDAN CONFORT 1.6 MT'),(4554,'VERSA SENSE 1.6 MT'),(4555,'VERSA SENSE 1.6 AT'),(4556,'VERSA ADVANCE 1.6 MT'),(4557,'VERSA ADVANCE 1.6 AT'),(4558,'SENTRA FULL 1.8 MT'),(4559,'SENTRA FULL 1.8 CVT'),(4560,'SENTRA FULL EXCLUSIVE 1.8 CVT'),(4561,'SENTRA FULL 1.8 MT + CUERO AUTOMOTRIZ'),(4562,'SENTRA FULL 1.8 CVT + CUERO AUTOMOTRIZ'),(4563,'JUKE FULL 1.6 CVT'),(4564,'JUKE SPORT 4X4 1.6 TURBO CVT'),(4565,'QASHQAI SENSE 4X2 MT 2.0 GSL'),(4566,'QASHQAI FULL 4X2 MT 2.0 GSL'),(4567,'QASHQAI FULL 4X2 CVT 2.0 GSL'),(4568,'QASHQAI FULL EXCLUSIVE 4X4 CVT 2.0 GSL'),(4569,'X-TRAIL SENSE 4X2 CVT 2.5 GSL'),(4570,'X-TRAIL FULL 4X2 CVT 2.5 GSL'),(4571,'X-TRAIL FULL EXCLUSIVE 4X4 CVT 2.5 GSL'),(4572,'MURANO LE 4WD 4X4 CVT'),(4573,'PATHFINDER FULL EXCLUSIVE CVT 3.5 GSL'),(4574,'PATROL SW LE 5.6 GSL AUT.'),(4575,'208 ACCESS 1.2 PURETECH MT5 82'),(4576,'209 ACTIVE 1.2 PURETECH MT5 82'),(4577,'208 ALLURE 1.6 VTI MT5 120'),(4578,'208 ALLURE 1.6 VTI AT 120'),(4579,'208 GTI TURBO 1.6 THP MT6 200'),(4580,'207 CC 1.6 THP MT6 150'),(4581,'301 ACTIVE 1.6 VTI  MT5 115'),(4582,'301 ACTIVE 1.6 VTI AT 115'),(4583,'301 ALLURE 1.6 VTI MT5 115'),(4584,'NUEVO 308 1.6 VTI MT5 115'),(4585,'308 CC 1.6 THP MT6 156'),(4586,'308 CC 1.6 THP EAT6 163'),(4587,'508 ALLURE 1.6 THP EAT6 163'),(4588,'RCZ 1.6 THP MT6 200'),(4589,'RCZ 1.6 THP EAT6 163'),(4590,'3008 ACTIVE 1.6 THP MT6 156'),(4591,'3008 ACTIVE 1.6 THP EAT6 163'),(4592,'NUEVA 2008 ACTIVE 1.6 VTI MT5 120'),(4593,'NUEVA 2008 ACTIVE 1.6 VTI AT 120'),(4594,'NUEVO 2008 ALLURE 1.6 VTI MT5 120'),(4595,'NUEVO 2008 ALLURE 1.6 VTI AT 120'),(4596,'BOXSTER (981)'),(4597,'BOXSTER S (981)'),(4598,'BOXSTER GTS (981)'),(4599,'BOXSTER SPYDER (981)'),(4600,'CAYMAN (981)'),(4601,'CAYMAN S (981)'),(4602,'CAYMAN GTS (981)'),(4603,'CAYMAN GT4 (981)'),(4604,'911 CARRERA (991)'),(4605,'911 CARRERA CABRIOLET (991)'),(4606,'911 CARRERA S (991)'),(4607,'911 CARRERA S CABRIOLET (991)'),(4608,'911 CARRERA 4 (991)'),(4609,'911 CARRERA 4 CABRIOLET (991)'),(4610,'911 CARRERA 4 S (991)'),(4611,'911 CARRERA 4 S CABRIOLET (991)'),(4612,'991 GT3'),(4613,'911 TURBO'),(4614,'911 TURBO CABRIOLET'),(4615,'911 TURBO S'),(4616,'911 TURBO S CABRIOLET'),(4617,'911 TARGA 4'),(4618,'911 TARGA 4 S'),(4619,'911 GT3 RS'),(4620,'911 CARRERA GTS'),(4621,'911 CARRERA 4 GTS'),(4622,'911 CARRERA GTS CABRIOLET'),(4623,'911 CARRERA 4 GTS CABRIOLET'),(4624,'911 TARGA 4 GTS'),(4625,'PANAMERA'),(4626,'PANAMERA 4'),(4627,'PANAMERA S E HYBRID'),(4628,'PANAMERA S'),(4629,'PANAMERA 4S'),(4630,'PANAMERA GTS'),(4631,'PANAMERA 4S EXECUTIVE'),(4632,'PANAMERA TURBO'),(4633,'PANAMERA TURBO EXECUTIVE'),(4634,'PANAMERA TURBO S'),(4635,'PANAMERA TURBO S EXECUTIVE'),(4636,'CAYENNE'),(4637,'CAYENNE S'),(4638,'CAYENNE S HYBRID'),(4639,'CAYENNE GTS'),(4640,'CAYENNE TURBO'),(4641,'CAYENNE TURBO S'),(4642,'MACAN'),(4643,'MACAN S'),(4644,'MACAN TURBO'),(4645,'LOGAN SEDAN FAMILIER 1.4 MT'),(4646,'LOGAN SEDAN EXPRESSION 1.6 MT'),(4647,'LOGAN SEDAN DYNAMIQUE 1.6 MT'),(4648,'SANDERO HB DYNAMIQUE 1.6 MT'),(4649,'FLUENCE SEDAN DYNAMIQUE 2.0 CVT'),(4650,'MEGANE RS NBI 2.0 TURBO MT '),(4651,'STEPWAY EXPRESSION 4X2 1.6 MT'),(4652,'STEPWAY DYNAMIQUE 4X2 1.6 MT'),(4653,'STEPWAY PRIVILEGE 4X2 1.6 MT'),(4654,'DUSTER EXPRESSION 4X2 1.6 MT'),(4655,'DUSTER EXPRESSION TEC 4X2 1.6 MT'),(4656,'DUSTER CONFORT PLUS 4X2 1.6 MT'),(4657,'DUSTER DYNAMIQUE 4X2 1.6 MT'),(4658,'DUSTER DYNAMIQUE TEC 4X2 1.6 MT'),(4659,'DUSTER DYNAMIQUE 4X2  2.0 MT'),(4660,'DUSTER DYNAMIQUE TEC 4X2 2.0 MT'),(4661,'DUSTER DYNAMIQUE 4X2 2.0 AT'),(4662,'DUSTER DYNAMIQUE TEC 4X2 2.0 AT'),(4663,'DUSTER DYNAMIQUE 4X4 2.0 MT'),(4664,'DUSTER DYNAMIQUE TEC 4X4 2.0 MT'),(4665,'KOLEOS EXPRESSION 4X2 2.5 MT'),(4666,'KOLEOS DYNAMIQUE 4X2 2.5 CVT'),(4667,'KOLEOS DYNAMIQUE ALL MODE 4X4I 2.5 CVT'),(4668,'IBIZA 5D STYLE 1.6 MEC.'),(4669,'IBIZA 5D STYLE 1.6 DSG'),(4670,'LEON 5D FR DSG'),(4671,'C32 SEDAN 1.3 FULL'),(4672,'C61 SEDAN 1.6 FULL'),(4673,'R80 HATCHBACK 1.8 FULL'),(4674,'NEW KORANDO MT 2WD'),(4675,'NEW KORANDO AT 2WD'),(4676,'NEW KORANDO AT 4WD'),(4677,'TIVOLI MT 2WD'),(4678,'TIVOLI AT 2WD'),(4679,'TIVOLI AT 2WD FULL'),(4680,'REXTON W MT 4WD'),(4681,'REXTON W AT 4WD'),(4682,'RODIOUS MT 2WD'),(4683,'RODIOUS AT 2WD'),(4684,'RODIOUS AT 4WD'),(4685,'IMPREZA MT'),(4686,'IMPREZA CVT'),(4687,'IMPREZA CVT LIMITED'),(4688,'IMPREZA SPORT MT'),(4689,'IMPREZA SPORT CVT'),(4690,'IMPREZA SPORT CVT LIMITED'),(4691,'WRX 2.0 TURBO AWD MT'),(4692,'WRX 2.0 TURBO AWD CVT'),(4693,'WRX STI 2.5 TURBO AWD MT'),(4694,'NEW LEGACY XS'),(4695,'NEW LEGACY CVT LIMITED'),(4696,'NEW LEGACY 3.6R-S CVT'),(4697,'XV MT'),(4698,'XV CVT'),(4699,'XV CVT LIMITED'),(4700,'FORESTER MT X'),(4701,'FORESTER CVT X'),(4702,'FORESTER CVT SI DRIVE XS'),(4703,'FORESTER CVT SI DRIVE DYNAMIC'),(4704,'FORESTER CVT SI DRIVE LIMITED SPORT'),(4705,'FORESTER CVT SI DRIVE TURBO'),(4706,'ALL NEW OUTBACK XS-PLUS'),(4708,'ALL NEW OUTBACK CVT LIMITED'),(4709,'ALL NEW OUTBACK 3.6R-S CVT'),(4710,'NEW ALTO 800 MEC'),(4711,'NEW ALTO 800 DX MEC.'),(4712,'NEW ALTO K10 STD'),(4713,'NEW ALTO K10 GLX'),(4714,'NEW CELERIO 1.0 GA'),(4715,'NEW CELERIO 1.0 GL MT AC'),(4716,'NEW CELERIO GL AMT AC'),(4717,'NEW CELERIO GLX AC MEC.'),(4718,'NEW CELERIO GLX AC AUT.'),(4719,'SWIFT SEDAN 1.2 GA MEC.'),(4720,'SWIFT SEDAN 1.2 GA MEC. AC'),(4721,'SWIFT SEDAN 1.2 GL MEC. AC'),(4722,'SWIFT SEDAN 1.2 GL AUT. AC'),(4723,'SWIFT HB 1.2 GA MEC. AC'),(4724,'SWIFT HB 1.2 GL MEC. AC'),(4725,'SWIFT HB 1.2 GL AUT. AC'),(4726,'SWIFT 1.4 GL MEC. AC'),(4727,'SWIFT 1.4 GL AUT. AC'),(4728,'SWIFT SPORT 1.6 MEC.'),(4729,'SWIFT SPORT 1.6 CVT'),(4730,'SX4 SEDAN GLX 1.6 MEC.'),(4731,'SX4 SEDAN GLX 1.6 AUT.'),(4732,'SX4 URBANO HB 1.6 MEC'),(4733,'SX4 CROSS OVER 2WD 1.6 MEC.'),(4734,'SX4 CROSS OVER 2WD 1.6 AUT.'),(4735,'SX4 CROSS OVER 4WD GLX 1.6 MEC.'),(4736,'SX4 CROSS OVER 4WD GLX 1.6 AUT.'),(4737,'S-CROSS GA 1.6 MEC.'),(4738,'S-CROSS GL 1.6 MEC.'),(4739,'S-CROSS GL 1.6 CVT'),(4740,'S-CROSS GL 1.6 MEC. 4WD'),(4741,'S-CROSS GL 1.6 CVT 4WD'),(4742,'CIAZ GL MT'),(4743,'CIAZ GL AT'),(4744,'CIAZ SPORT GLX MT'),(4745,'SUZUKI CIAZ GLX AT'),(4746,'KIZASHI SDLX 2.4'),(4747,'KIZASHI SPORT 2.4'),(4748,'JIMNY 1.3 JX MEC.'),(4749,'JIMNY 1.3 JLX MEC.'),(4750,'GRAND VITARA 1.6 FULL AC MEC.'),(4751,'GRAND VITARA 2.4 MEC. FULL'),(4752,'GRAND VITARA 2.4 AUT. FULL'),(4753,'GRAND NOMADE 2.0 4X2 MEC.'),(4754,'GRAND NOMADE 2.4 4X2 MEC.'),(4755,'GRAND NOMADE 2.4 4X2 AUT.'),(4756,'GRAND NOMADE 2.4 4X4 MEC.'),(4757,'GRAND NOMADE 2.4 4X4 LUX AUT.'),(4758,'ERTIGA GL MEC.'),(4759,'ERTIGA GL AUT.'),(4760,'A 200 KIT AMG AUT.'),(4761,'A 45 AMG'),(4762,'CLA 200 URBAN'),(4763,'CLA 200 KIT AMG'),(4764,'CLA 250 KIT AMG'),(4765,'CLA 45 AMG'),(4766,'NUEVO C 180 AVANTGARDE'),(4767,'NUEVO C 200 EXCLUSIVE'),(4768,'NUEVO C250 KIT AMG'),(4769,'E 200 PAQUETE DEPORTIVO'),(4770,'E 400'),(4771,'E 200 COUPE'),(4772,'E 250 COUPE'),(4773,'CLS 400'),(4774,'S 500 COUPE'),(4775,'NUEVA GLA 200 URBAN'),(4776,'NUEVA GLA 250 4-MATIC KIT AMG'),(4777,'NUEVA GLA 45 AMG'),(4778,'ML 300'),(4779,'GL 400 4MATIC'),(4780,'GL 500 4MATIC 3 FILAS FULL'),(4781,'G 500 5 PUERTAS'),(4782,'Yaris 1.3'),(4783,'Yaris XLi 1.3 MT'),(4784,'Yaris XLi 1.3 AT'),(4785,'Yaris GLi 1.3 MT'),(4786,'Yaris GLi 1.3 AT'),(4787,'Yaris GLi 1.5MT'),(4788,'Yaris GLi 1.5 AT'),(4789,'Yaris SXi 1.5 MT'),(4790,'Yaris SXi 1.5 AT'),(4791,'Yaris HB GLi 1.3 MT'),(4792,'Yaris HB GLi 1.3 AT'),(4793,'Yaris HB GLs 1.3 MT'),(4794,'Yaris HB GLs 1.3 AT'),(4795,'Corolla Semifull 1.8 MT'),(4796,'Corolla Semifull 1.8 CVT'),(4797,'Corolla Full 1.8 MT'),(4798,'Corolla Full 1.8 CVT'),(4799,'Auris 1.6 MT'),(4800,'Auris 1.6 CVT'),(4801,'Prius C'),(4802,'Avensis 2.0 AT'),(4803,'Camry 2.5L AT'),(4804,'Camry 3.5L AT'),(4805,'86 GT MT'),(4806,'86 GT-S MT'),(4807,'86 GT-S AT'),(4808,'Urban Cruise 1.3'),(4809,'RAV4 2.0 4x2 Mec'),(4810,'RAV4 2.0 4x2 CVT'),(4811,'MG3 MT CLASSIC 1.5 MT 2014'),(4812,'MG3 MT CLASSIC 1.5 MT 2015'),(4813,'MG3 MT SPORT 1.5 MT 2014'),(4814,'MG3 MT SPORT 1.5 MT 2015'),(4815,'MG3 XCROSS 1.5 STD MT'),(4816,'350 1.5L MT STD'),(4817,'350 1.5L COM AT'),(4818,'MG5 1.5 MT STD'),(4819,'MG5 1.5 AT COM'),(4820,'MG5 1.5 MT TURBO'),(4821,'MG5 1.5 AT TURBO'),(4822,'MG5 1.5 MT TURBO'),(4823,'MG5 1.5 AT TURBO'),(4824,'RAV4 2.5 4x2 Mec'),(4825,'RAV4 2.5 4x2 Aut'),(4826,'RAV4 2.5 4x2 Mec'),(4827,'RAV4 2.5 4x4 Aut'),(4828,'RAV4 2.5 4x4 Mec'),(4829,'FJ Cruiser 4.0 V6 Mec'),(4830,'FJ Cruiser 4.0 V6 Aut'),(4831,'Fortuner TD 3.0 Mec'),(4832,'Fortuner TD 3.0 Aut'),(4833,'Highlander 2.7 4x2 AT'),(4834,'4Runner 4.0 V6 SR5 Aut'),(4835,'4Runner 4.0 V6 LTD Aut'),(4836,'Land Cruiser Prado 2.7 Mec'),(4837,'Land Cruiser Prado 2.7 Aut'),(4838,'Land Cruiser Prado 4.0 Mec'),(4839,'Land Cruiser Prado 4.0 Aut'),(4840,'Land Cruiser Prado 4.0 Aut VX'),(4841,'Land Cruiser 200 4.6 V8 Aut'),(4842,'HATCH COOPER MT CLASSIC'),(4843,'HATCH COOPER AT CLASSIC'),(4844,'HATCH COOPER MT SALT'),(4845,'HATCH COOPER AT SALT'),(4846,'HATCH COOPER S MT RACING'),(4847,'HATCH COOPER S AT RACING'),(4848,'HATCH COOPER S MT PEPPER'),(4849,'HATCH COOPER S AT PEPPER'),(4850,'HATCH 5 DOOR COOPER MT SALT'),(4851,'HATCH 5 DOOR COOPER AT SALT'),(4852,'HATCH 5 DOOR COOPER AT CHILI'),(4853,'HATCH 5 DOOR COOPER S MT PEPPER'),(4854,'HATCH 5 DOOR COOPER S MT CHILI'),(4855,'HATCH 5 DOOR COOPER S AT CHILI'),(4856,'COUPE COOPER S COUPE CHILI AT'),(4857,'COUNTRYMAN COOPER SALT MT'),(4858,'COUNTRYMAN COOPER SALT AT'),(4859,'COUNTRYMAN COOPER S PEPPER AT'),(4860,'COUNTRYMAN JCW CHILI ALL 4 AT'),(4861,'PACEMAN COOPER SALT AT'),(4862,'GOL POWER 1.6'),(4863,'GOL COMFORT 1.6'),(4864,'GOL COMFORT 1.6 AUT. ASG'),(4865,'GOL ESTILO 1.6'),(4866,'GOL SEDAN CONCEPT 1.6'),(4867,'GOL SEDAN POWER 1.6'),(4868,'GOL SEDAN COMFORT 1.6 AUT. ASG'),(4869,'GOL SEDAN ESTILO 1.6'),(4870,'SPACEFOX TRENDLINE 1.6'),(4871,'SAPCEFOX TRENDLINE 1.6 AUT.'),(4872,'POLO HATCHBACK 1.6'),(4873,'POLO HATCHBACK 1.6 TIP.'),(4874,'BORA EUROPA 2.0'),(4875,'BORA EUROPA 2.0 TIP.'),(4876,'BORA TRENDLINE 2.0'),(4877,'BORA TRENDLINE 2.0 TIP.'),(4878,'JETTA TRENDLINE 2.0'),(4879,'JETTA TRENDLINE 2.0'),(4880,'JETTA HIGHLINE 2.5'),(4881,'JETTA HIGHLINE 2.5'),(4882,'BEETLE DESIGN 2.5'),(4883,'BEETLE DESIGN 2.5'),(4884,'BEETLE SPORT 2.5'),(4885,'GOLF GTI 2.0 T'),(4886,'CC 1.8 T HIGHLINE DSG'),(4887,'CROSSFOX 1.6 HIGHLINE'),(4888,'CROSSFOX 1.6 HIGHLINE'),(4889,'TIGUAN TRACK & FIELD MEC.'),(4890,'TIGUAN TRACK & FIELD TIP.'),(4891,'TIGUAN TRACK & STYLE MEC.'),(4892,'TOUAREG 3.6 V6 TIPTRONIC AUT.'),(4893,'TOUAREG 3.0 V6 TDI TIP '),(4894,'GOL SEDAN COMFORT 1.6'),(4895,'V40 T4 MT KINETIC'),(4896,'V40 T4 AT KINETIC'),(4897,'V40 T4 AT R-DESIGN'),(4898,'V40 T4 AT SUMMUM'),(4899,'V40T CC T4 AT KINETIC'),(4900,'V40 CC T4 AT SUMMUM'),(4901,'S60 T4 KINETIC MT'),(4902,'S60 T4 KINETIC-CUERPO AT'),(4903,'S60 T4 R-DESIGN'),(4904,'S60 T5 DRIVE -E SUMMUM'),(4905,'S60 T6 SUMMUM'),(4906,'XC60 T5 DRIVE-E KINETIC CUERO'),(4907,'XC60 T5 DRIVE-E R-DESIGN'),(4908,'XC60 T5 DRIVE-E SUMMUM'),(4909,'XC60 T6 SUMMUM'),(4910,'F10 1.5 M/T'),(4911,'F12 1.5 M/T'),(4912,'NEW HUNTER 1.3L FASHIONABLE'),(4913,'NEW HUNTER 1.5L FASHIONABLE'),(4914,'URBAN ARK C3'),(4915,'SPORT MT 1.5 GS ENTRY'),(4916,'SPORT MT 1.5 GS CORE'),(4917,'SPORT MT 1.5 GS HIGH'),(4918,'SPORT AT 1.5 GS CORE'),(4919,'SEDAN MT 1.6 GS CORE'),(4920,'SEDAN AT 1.6 GS CORE'),(4921,'SEDAN MT 2.0 GS CORE'),(4922,'SEDAN MT 2.0 GS CORE NR'),(4923,'SEDAN AT 2.0 GS CORE'),(4924,'SEDAN AT 2.0 GS HIGH'),(4925,'SPORT MT 2.0 GS CORE '),(4926,'SPORT AT 2.0 GS CORE'),(4927,'SPORT AT 2.0 GS HIGH'),(4928,'SEDAN AT 2.5 GS CORE'),(4929,'SEDAN AT 2.5 GS HIGH'),(4930,'MX-5 MT 2.0 GS Base'),(4931,'AR 2.0 GS V'),(4932,'CX-5 MT 2.0.2WD GS Entry'),(4933,'CX-5 MT 2.0.2WD GS Core'),(4934,'CX-5 AT 2.0.2WD GS Entry'),(4935,'CX-5 AT 2.0.2WD GS Core '),(4936,'CX-5 MT 2.0 AWD GS Core'),(4937,'CX-5 AT 2.0 AWD GS Core'),(4938,'CX-5 AT 2.0 AWD GS High'),(4939,'CX-5 AT 2.5 AWD GS High'),(4940,'CX-9 AT 3.7 AWD GS Base'),(4941,'CX-9 AT 3.7 AWD GS GT'),(4942,'CX-9 AT 3.7 AWD GS Top'),(4943,'Corolla Premium 1.8 MT'),(4944,'Corolla Premium 1.8 CVT'),(4945,'Picanto 1.0 MT -LX'),(4946,'Picanto 1.0 MT -LX + MDPS +AC'),(4947,'Picanto 1.2 AT - EX'),(4948,'Picanto 1.2 MT - EX Full'),(4949,'Picanto 1.2 AT - EX Full'),(4950,'Rio Sedan 1.2 MT - LX'),(4951,'Rio Sedan 1.2 MT - LX + MDPS +AC'),(4952,'Rio Sedan 1.4 MT - LX'),(4953,'Rio Sedan 1.4 MT - EX'),(4954,'Rio Sedan 1.4 AT - EX'),(4955,'Rio Sedan 1.4 MT - EX Full'),(4956,'Rio Sedan 1.4 AT - EX Full'),(4957,'Rio Sedan 1.4 AT - EX Full De Luxe'),(4958,'Rio HB 1.4 MT - Ex Full'),(4959,'Rio HB 1.4 AT - Ex Full'),(4960,'Rio HB 1.4 MT - Ex Full De Luxe'),(4961,'Rio HB 3DR 1.4 MT - Ex Full De Luxe'),(4962,'New Cerato Sedan 1.6 MT - L'),(4963,'New Cerato Sedan 1.6 MT - LX'),(4964,'New Cerato Sedan 1.6 AT - LX'),(4965,'New Cerato Sedan 1.6 MT - EX'),(4966,'New Cerato Sedan 1.6 AT - EX'),(4967,'New Cerato Sedan 1.6 MT - SX'),(4968,'New Cerato Sedan 1.6 AT - SX'),(4969,'New Cerato Sedan 1.6 MT - EX'),(4970,'New Cerato HB 1.6 MT - EX'),(4971,'New Cerato HB 1.6 AT - EX'),(4972,'New Cerato HB 1.6 MT - SX sport'),(4973,'New Cerato HB 1.6 AT - SX sport'),(4974,'New Cerato Koup 2.0 MT - SX'),(4975,'New Cerato Koup 2.0 AT - SX'),(4976,'Optima 2.0 AT - LX'),(4977,'Optima 2.0 AT - EX'),(4978,'Optima 2.4 AT - EX'),(4979,'Cadenza 3.5 AT - EX'),(4980,'Quoris 3.8 V6 Aut'),(4981,'New Soul 1.6 MT - LX'),(4982,'New Soul 1.6 MT - EX'),(4983,'New Soul 1.6 AT - EX'),(4984,'Sportage 2.0 MT -LX 4x2 - Aro 17'),(4985,'Sportage 2.0 AT -LX 4x2 - Aro 17'),(4986,'Sportage 2.0 MT -LX 4x2'),(4987,'Sportage 2.0 AT -LX 4x2'),(4988,'Sportage 2.0 MT - EX 4x2'),(4989,'Sportage 2.0 AT - EX 4x2'),(4990,'Sportage 2.0 MT - EX 4x4 Full De Luxe'),(4991,'Sportage 2.0 AT - EX 4x4 Full De Luxe'),(4992,'Sportage 2.4 MT - LX 4x2 (5 asientos)'),(4993,'Sportage 2.4 AT - LX 4x2 (5 asientos)'),(4994,'Sorento 2.4 MT -LX 4x2 (5 asientos)'),(4995,'Sorento 2.4 AT - EX 4x2 ( 5 asientos)'),(4996,'Sorento 2.4 MT - EX 4x2 (7 asientos)'),(4997,'Sorento 2.4 AT - EX 4x2 (7 asientos)'),(4998,'Sorento 2.4 MT - EX 4x4 (7 asientos)'),(4999,'Sorento 2.4 AT - EX 4x4 (7 asientos)'),(5000,'Sorento 2.4 AT - EX 4x4 Full De Luxe (7 asientos)'),(5001,'Sorento 3.5 AT - EX 4x4 Full De Luxe (7 asientos)'),(5002,'Mohave 3.8 AT - EX'),(5003,'New Carens 2.0 MT - EX'),(5004,'New Carens 2.0 MT - EX Full De Luxe'),(5005,'New Carens 2.0 AT - EX Full De Luxe'),(5006,'Carnival 2.9 AT EX Full De luxe'),(5007,'Rio HB 1.4 AT - Ex Full De Luxe'),(5008,'Rio Sedan 1.4 MT - Ex Full de Luxe'),(5009,'New Soul 1.6 AT -LX');
/*!40000 ALTER TABLE `modelo` ENABLE KEYS */;
UNLOCK TABLES;

--
-- Table structure for table `parametros`
--

DROP TABLE IF EXISTS `parametros`;
/*!40101 SET @saved_cs_client     = @@character_set_client */;
/*!40101 SET character_set_client = utf8 */;
CREATE TABLE `parametros` (
  `id` int(11) NOT NULL AUTO_INCREMENT,
  `igv` int(11) DEFAULT NULL,
  `d_emision` int(11) DEFAULT NULL,
  PRIMARY KEY (`id`)
) ENGINE=InnoDB AUTO_INCREMENT=2 DEFAULT CHARSET=latin1;
/*!40101 SET character_set_client = @saved_cs_client */;

--
-- Dumping data for table `parametros`
--

LOCK TABLES `parametros` WRITE;
/*!40000 ALTER TABLE `parametros` DISABLE KEYS */;
INSERT INTO `parametros` VALUES (1,878,78);
/*!40000 ALTER TABLE `parametros` ENABLE KEYS */;
UNLOCK TABLES;

--
-- Table structure for table `programa`
--

DROP TABLE IF EXISTS `programa`;
/*!40101 SET @saved_cs_client     = @@character_set_client */;
/*!40101 SET character_set_client = utf8 */;
CREATE TABLE `programa` (
  `id_program` int(11) NOT NULL AUTO_INCREMENT,
  `program` varchar(100) NOT NULL,
  PRIMARY KEY (`id_program`)
) ENGINE=InnoDB AUTO_INCREMENT=14 DEFAULT CHARSET=latin1;
/*!40101 SET character_set_client = @saved_cs_client */;

--
-- Dumping data for table `programa`
--

LOCK TABLES `programa` WRITE;
/*!40000 ALTER TABLE `programa` DISABLE KEYS */;
INSERT INTO `programa` VALUES (1,'VIP Mujer'),(2,'Dorada Economica'),(3,'Perdida Total Liviano'),(4,'Auto 0 Km'),(5,'Segmento A'),(6,'Taxi Individual'),(7,'Auto 0 Km x2'),(8,'Dorada Economica'),(9,'Slip Poliza Mujer'),(10,'NA'),(11,'Timón cambiado y versión americana'),(12,'Poliza Dorada'),(13,'Responsabilidad Civil Livianos');
/*!40000 ALTER TABLE `programa` ENABLE KEYS */;
UNLOCK TABLES;

--
-- Table structure for table `riesg_aseg`
--

DROP TABLE IF EXISTS `riesg_aseg`;
/*!40101 SET @saved_cs_client     = @@character_set_client */;
/*!40101 SET character_set_client = utf8 */;
CREATE TABLE `riesg_aseg` (
  `id` int(11) NOT NULL AUTO_INCREMENT,
  `id_riesg` int(11) NOT NULL,
  `id_model` int(11) NOT NULL,
  `aseguradora` int(11) DEFAULT NULL,
  PRIMARY KEY (`id`),
  KEY `riesg_aseg_96186b39` (`id_riesg`),
  KEY `riesg_aseg_5241f204` (`id_model`),
  KEY `riesg_aseg_be12c95b` (`aseguradora`),
  CONSTRAINT `aseguradora_refs_id_asegurad_cfc34c06` FOREIGN KEY (`aseguradora`) REFERENCES `aseguradora` (`id_asegurad`),
  CONSTRAINT `id_model_refs_id_904104cf` FOREIGN KEY (`id_model`) REFERENCES `auto_valor` (`id`),
  CONSTRAINT `id_riesg_refs_id_riesgo_2f7fd283` FOREIGN KEY (`id_riesg`) REFERENCES `riesgo` (`id_riesgo`)
) ENGINE=InnoDB AUTO_INCREMENT=826 DEFAULT CHARSET=latin1;
/*!40101 SET character_set_client = @saved_cs_client */;

--
-- Dumping data for table `riesg_aseg`
--

LOCK TABLES `riesg_aseg` WRITE;
/*!40000 ALTER TABLE `riesg_aseg` DISABLE KEYS */;
INSERT INTO `riesg_aseg` VALUES (3,2,842,4),(4,2,843,4),(5,2,845,4),(6,2,846,4),(7,2,853,4),(8,2,854,4),(9,2,852,4),(10,2,855,4),(12,2,856,4),(13,2,858,4),(14,2,859,4),(15,2,857,4),(16,2,847,4),(17,2,848,4),(18,2,850,4),(19,2,849,4),(20,2,863,4),(21,2,864,4),(22,2,865,4),(23,2,866,4),(24,2,1593,4),(25,2,1592,4),(26,2,1594,4),(27,2,1594,4),(28,2,1595,4),(29,2,1596,4),(30,2,1589,4),(31,2,1584,4),(32,2,1582,4),(33,2,1586,4),(34,2,1588,4),(35,2,1583,4),(36,2,1585,4),(37,2,1587,4),(38,2,1590,4),(39,2,1591,4),(40,2,1577,4),(41,2,1580,4),(42,2,1579,4),(43,2,1581,4),(44,2,1571,4),(45,2,1575,4),(46,2,1576,4),(47,2,1573,4),(48,2,1570,4),(49,2,1574,4),(50,2,1572,4),(51,2,1565,4),(52,2,1564,4),(53,2,1567,4),(54,2,1569,4),(55,2,1566,4),(56,2,1566,4),(57,2,1568,4),(58,2,1012,4),(59,2,1011,4),(60,2,1010,4),(61,2,1009,4),(62,2,1026,4),(63,2,1022,4),(64,2,1020,4),(65,2,1018,4),(66,2,1021,4),(67,2,1019,4),(68,2,1024,4),(69,2,1025,4),(70,2,1017,4),(71,2,1016,4),(72,2,1023,4),(73,2,1029,4),(74,2,1030,4),(75,2,1027,4),(76,2,1028,4),(77,2,1008,4),(78,2,1032,4),(79,2,1031,4),(80,2,1040,4),(81,2,1037,4),(82,2,1038,4),(83,2,1039,4),(84,2,1041,4),(85,2,1035,4),(86,2,1036,4),(87,2,1033,4),(88,2,1034,4),(89,2,1162,4),(90,2,1163,4),(91,2,1158,4),(92,2,1168,4),(93,2,1169,4),(94,2,1166,4),(95,2,1167,4),(96,2,1161,4),(97,2,1159,4),(98,2,1157,4),(99,2,1156,4),(100,2,1155,4),(101,2,1156,4),(102,2,1155,4),(103,2,1164,4),(104,2,1165,4),(105,2,1150,4),(106,2,1153,4),(107,2,1151,4),(108,2,1152,4),(109,2,1149,4),(110,2,1154,4),(111,2,1219,4),(112,2,1220,4),(113,2,1221,4),(114,2,1222,4),(115,2,1223,4),(116,2,1285,4),(117,2,1286,4),(118,2,1283,4),(119,2,1284,4),(120,2,1301,4),(121,2,1302,4),(122,2,1294,4),(123,2,1295,4),(124,2,1293,4),(125,2,1292,4),(126,2,1297,4),(127,2,1298,4),(128,2,1296,4),(129,2,1299,4),(130,2,1300,4),(131,2,1305,4),(132,2,1303,4),(133,2,1304,4),(134,2,1308,4),(135,2,1309,4),(136,2,1306,4),(137,2,1307,4),(138,2,1290,4),(139,2,1291,4),(140,2,1289,4),(141,2,1288,4),(142,2,1287,4),(143,2,1406,4),(144,2,1409,4),(145,2,1405,4),(146,2,1408,4),(147,2,1407,4),(148,2,1401,4),(149,2,1404,4),(150,2,1403,4),(151,2,1402,4),(152,2,1417,4),(153,1,1037,1),(154,1,1038,1),(155,1,1039,1),(156,1,1040,1),(157,1,1041,1),(158,2,1416,4),(159,2,1416,4),(160,2,1415,4),(161,2,1414,4),(162,2,1417,4),(163,1,1126,4),(164,1,1127,4),(165,1,1130,4),(166,1,1131,4),(167,1,1134,4),(168,1,1135,4),(169,1,1132,4),(170,1,1136,4),(171,1,1133,4),(172,1,1125,4),(173,1,1244,4),(200,1,1369,NULL),(201,1,1370,1),(202,1,1371,1),(203,1,1372,1),(204,1,1454,1),(205,1,1455,1),(206,1,1456,1),(207,1,1457,1),(208,1,1493,1),(209,1,1495,1),(210,1,1519,1),(211,1,1520,1),(212,1,1521,1),(213,1,1267,4),(214,1,1265,4),(215,1,1266,4),(216,1,1262,4),(217,1,1264,4),(218,1,1263,4),(219,1,1259,4),(220,1,1261,4),(221,1,1260,4),(222,1,1369,4),(223,1,1370,4),(224,1,1455,4),(225,1,1457,4),(226,1,1521,4),(227,1,1520,4),(228,1,1493,4),(229,1,1520,4),(230,1,1493,4),(231,1,1495,4),(232,1,1454,4),(233,1,1456,4),(234,1,1371,4),(235,1,1372,4),(236,1,1519,4),(237,1,1434,4),(238,1,1435,4),(239,1,1497,4),(240,1,1496,4),(241,1,1436,4),(242,1,1437,4),(243,1,1259,1),(244,1,1260,1),(245,1,1261,1),(246,1,1262,1),(247,1,1263,1),(248,1,1264,1),(249,1,1265,1),(250,1,1266,1),(251,1,1267,1),(252,1,1268,1),(253,1,1269,1),(254,1,1270,1),(255,1,1271,1),(256,1,1272,1),(257,1,1273,1),(258,1,1274,1),(259,1,1275,1),(260,1,1276,1),(261,1,1277,1),(262,1,1278,1),(263,1,1279,1),(264,1,1280,1),(265,1,1281,1),(266,1,1282,1),(267,1,1592,1),(268,1,1593,1),(269,1,1594,1),(270,1,1595,1),(271,1,1596,1),(272,1,1577,1),(273,1,1580,1),(274,1,1581,1),(275,1,1582,1),(276,1,1583,1),(277,1,1585,1),(278,1,1586,1),(279,1,1587,1),(280,1,1588,1),(281,1,1589,1),(282,1,1590,1),(283,1,1591,1),(284,1,1584,1),(285,1,1579,1),(286,6,646,2),(287,6,636,2),(288,6,637,2),(289,6,638,2),(290,6,639,2),(291,6,640,2),(292,6,645,2),(293,6,647,2),(294,6,650,2),(295,6,651,2),(296,6,654,2),(297,6,655,2),(298,6,659,2),(299,6,660,2),(300,6,661,2),(301,6,662,2),(302,6,668,2),(303,6,669,2),(304,6,670,2),(305,6,671,2),(306,6,643,2),(307,6,644,2),(308,6,649,2),(309,6,657,2),(310,6,714,2),(311,6,713,2),(312,6,715,2),(313,6,716,2),(314,6,711,2),(315,6,710,2),(316,6,712,2),(317,6,709,2),(318,6,708,2),(319,6,705,2),(320,6,707,2),(321,6,706,2),(322,6,704,2),(323,6,703,2),(325,6,699,2),(326,6,696,2),(327,6,698,2),(328,6,695,2),(329,6,693,2),(330,6,692,2),(331,6,691,2),(332,6,690,2),(333,6,688,2),(334,6,687,2),(335,1,1401,1),(336,1,1402,1),(337,1,1403,1),(338,1,1404,1),(339,1,1405,1),(340,1,1406,1),(341,1,1408,1),(342,1,1409,1),(343,6,686,2),(344,6,685,2),(345,6,684,2),(346,6,681,2),(347,6,679,2),(348,6,678,2),(349,6,880,2),(350,6,881,2),(351,6,878,2),(352,6,879,2),(353,6,877,2),(354,6,876,2),(355,6,883,2),(356,6,874,2),(357,6,875,2),(358,6,873,2),(359,6,882,2),(360,6,885,2),(361,6,895,2),(362,6,892,2),(363,6,890,2),(364,6,891,2),(365,1,1414,1),(366,1,1415,1),(367,1,1416,1),(368,1,1417,1),(369,6,896,2),(370,6,896,2),(371,6,893,2),(372,6,894,2),(373,6,886,2),(374,6,888,2),(375,6,889,2),(376,6,887,2),(377,6,901,2),(378,6,902,2),(379,6,897,2),(380,6,898,2),(381,6,899,2),(382,6,900,2),(383,1,1425,1),(384,1,1407,1),(385,6,906,2),(386,6,905,2),(387,6,907,2),(388,6,904,2),(389,6,903,2),(390,6,921,2),(391,6,923,2),(392,6,922,2),(393,6,917,2),(394,6,918,2),(395,6,931,2),(396,6,930,2),(397,6,927,2),(398,6,926,2),(399,6,929,2),(400,6,928,2),(401,6,938,2),(402,6,939,2),(403,6,1006,2),(404,6,1004,2),(405,6,1005,2),(406,6,1007,2),(407,6,988,2),(408,6,989,2),(409,6,990,2),(410,6,1003,2),(411,6,1000,2),(412,6,1001,2),(413,6,1002,2),(414,6,994,2),(415,6,991,2),(416,6,992,2),(417,6,995,2),(418,6,993,2),(419,6,995,2),(420,6,993,2),(421,6,997,2),(422,6,996,2),(423,6,999,2),(424,6,1032,2),(425,6,1031,2),(426,6,1060,2),(427,6,1058,2),(428,6,1059,2),(429,6,1056,2),(430,6,1057,2),(431,6,1061,2),(432,6,1052,2),(433,6,1053,2),(434,6,1050,2),(435,6,1048,2),(436,6,1047,2),(437,6,1049,2),(438,6,1051,2),(439,6,1042,2),(440,6,1044,2),(441,6,1043,2),(442,6,1035,2),(443,6,1036,2),(444,6,1033,2),(445,6,1034,2),(446,6,1014,2),(447,6,1015,2),(448,6,1013,2),(449,1,1131,1),(450,1,1132,1),(451,1,1133,1),(452,1,1134,1),(453,1,1135,1),(454,1,1136,1),(455,6,1046,2),(456,6,1062,2),(457,6,1063,2),(458,6,1616,2),(459,6,1607,2),(460,6,1609,2),(461,6,1613,2),(462,6,1617,2),(463,6,1611,2),(464,6,1608,2),(465,6,1610,2),(466,6,1611,2),(467,6,1608,2),(468,6,1610,2),(469,6,1610,2),(470,6,1608,2),(471,6,1610,2),(472,6,1614,2),(473,6,1612,2),(474,6,1621,2),(475,6,1615,2),(476,6,1619,2),(477,6,1620,2),(478,6,1618,2),(479,6,1601,2),(480,6,1599,2),(481,6,1597,2),(482,6,1598,2),(483,6,1602,2),(484,6,1605,2),(485,6,1604,2),(486,6,1606,2),(487,6,1624,2),(488,6,1623,2),(489,6,1625,2),(490,6,1622,2),(491,6,1626,2),(492,6,1600,2),(493,1,1482,1),(494,1,1517,1),(495,1,1516,1),(496,1,1515,1),(497,1,1514,1),(498,1,1513,1),(499,1,1512,1),(500,1,1502,1),(501,1,1503,1),(502,1,1483,1),(503,1,1518,1),(534,2,842,1),(535,2,843,1),(536,2,845,1),(537,2,846,1),(538,2,847,1),(539,2,848,1),(540,2,849,1),(541,2,850,1),(542,2,851,1),(543,2,852,1),(544,2,853,1),(545,2,854,1),(546,2,855,1),(547,2,856,1),(548,2,857,1),(549,2,858,1),(550,2,859,1),(551,2,860,1),(552,2,861,1),(553,2,862,1),(554,2,863,1),(555,2,864,1),(556,2,865,1),(557,2,866,1),(558,2,867,1),(559,2,868,1),(560,2,869,1),(561,2,870,1),(562,2,871,1),(563,2,872,1),(564,6,748,2),(565,6,749,2),(566,6,750,2),(567,6,838,2),(568,6,837,2),(569,6,833,2),(570,6,835,2),(571,6,836,2),(572,6,841,2),(573,6,840,2),(574,6,834,2),(575,6,829,2),(576,6,828,2),(577,6,839,2),(578,6,832,2),(579,6,831,2),(580,6,830,2),(581,2,873,1),(582,2,874,1),(583,2,875,1),(584,2,876,1),(585,2,877,1),(586,2,878,1),(587,2,879,1),(588,2,880,1),(589,2,881,1),(590,2,882,1),(591,2,883,1),(592,2,884,1),(593,2,1149,1),(594,2,1150,1),(595,2,1151,1),(596,2,1152,1),(597,2,1153,1),(598,2,1154,1),(599,2,1155,1),(600,2,1156,1),(601,2,1157,1),(602,2,1158,1),(603,2,1159,1),(604,2,1160,1),(605,2,1161,1),(606,2,1162,1),(607,2,1163,1),(608,2,1164,1),(609,2,1165,1),(610,2,1166,1),(611,2,1167,1),(612,2,1168,1),(613,2,1169,1),(614,2,1219,1),(615,2,1220,1),(616,2,1221,1),(617,2,1222,1),(618,2,1223,1),(619,2,1224,1),(620,2,1225,1),(621,2,1226,1),(622,2,1227,1),(623,2,1228,1),(624,2,1229,1),(625,2,1230,1),(626,2,1231,1),(627,2,1232,1),(628,2,1233,1),(629,2,1234,1),(630,2,1235,1),(631,2,1236,1),(632,2,1237,1),(633,2,1238,1),(634,2,1239,1),(635,2,1240,1),(636,2,1241,1),(637,6,827,2),(638,6,826,2),(639,6,1514,2),(640,6,1480,2),(641,6,1478,2),(642,6,1479,2),(643,6,1516,2),(644,6,1515,2),(645,6,1481,2),(646,6,1516,2),(647,6,1515,2),(648,6,1481,2),(649,6,1503,2),(650,6,1502,2),(651,6,1482,2),(652,6,1498,2),(653,6,1501,2),(654,6,1500,2),(655,6,1492,2),(656,6,1484,2),(657,6,1485,2),(658,6,1488,2),(659,6,1483,2),(660,6,1498,2),(661,6,1490,2),(662,6,1489,2),(663,6,1499,2),(664,6,1347,2),(665,6,1341,2),(666,6,1340,2),(667,6,1339,2),(668,6,1350,2),(669,6,1349,2),(670,6,1348,2),(671,6,1351,2),(672,6,1353,2),(673,6,1352,2),(674,6,1354,2),(675,6,1343,2),(676,6,1345,2),(677,6,1342,2),(678,6,1344,2),(679,6,1346,2),(680,6,1338,2),(681,6,1337,2),(682,6,1335,2),(683,6,1336,2),(684,6,1335,2),(685,6,1336,2),(686,6,1335,2),(687,6,1336,2),(688,6,1335,2),(689,6,1336,2),(690,6,1335,2),(691,6,1336,2),(692,6,1335,2),(693,6,1336,2),(694,6,1334,2),(695,6,1333,2),(696,6,1120,2),(697,6,1118,2),(698,6,1119,2),(699,6,1123,2),(700,6,1121,2),(701,6,1122,2),(702,6,1124,2),(703,6,1106,2),(704,6,1107,2),(705,6,1108,2),(706,6,1102,2),(707,6,1103,2),(708,6,1104,2),(709,6,1108,2),(710,6,1102,2),(711,6,1107,2),(713,6,1117,2),(714,6,1114,2),(715,6,1110,2),(716,6,1111,2),(717,6,1117,2),(718,6,1114,2),(719,6,1115,2),(720,6,1116,2),(721,6,1143,2),(722,6,1145,2),(723,6,1144,2),(724,6,1130,2),(725,6,1125,2),(726,6,1148,2),(727,6,1147,2),(728,6,1146,2),(729,6,1138,2),(730,6,1137,2),(731,6,1158,2),(732,6,1168,2),(733,6,1166,2),(734,6,1167,2),(735,6,1167,2),(736,6,1161,2),(737,6,1159,2),(738,6,1160,2),(739,6,1157,2),(740,6,1156,2),(741,6,1164,2),(742,6,1165,2),(743,6,1150,2),(744,6,1153,2),(745,6,1151,2),(746,6,1152,2),(747,6,1149,2),(748,6,1154,2),(749,6,1209,2),(750,6,1208,2),(751,6,1207,2),(752,6,1206,2),(753,6,1201,2),(754,6,1202,2),(755,6,1204,2),(756,6,1205,2),(757,6,1203,2),(758,6,1200,2),(759,6,1199,2),(760,6,1400,2),(761,6,1400,2),(762,6,1400,2),(763,6,1385,2),(764,6,1387,2),(765,6,1386,2),(766,6,1387,2),(767,6,1386,2),(768,6,1388,2),(769,6,1383,2),(770,6,1384,2),(771,6,1392,2),(772,6,1393,2),(773,6,1394,2),(774,6,1395,2),(775,6,1399,2),(776,6,1396,2),(777,6,1397,2),(778,6,1398,2),(779,6,1212,2),(780,6,1211,2),(781,6,1210,2),(782,6,1210,2),(783,6,1186,2),(784,6,1189,2),(785,6,1207,2),(786,6,1188,2),(787,6,1187,2),(788,6,1192,2),(789,6,1198,2),(790,6,1191,2),(791,6,1193,2),(792,6,1181,2),(793,6,1185,2),(794,6,1184,2),(795,6,1197,2),(796,6,1195,2),(797,6,1183,2),(798,6,1182,2),(799,6,1178,2),(800,6,1227,2),(801,6,1225,2),(802,6,1226,2),(803,6,1222,2),(804,6,1224,2),(805,6,1219,2),(806,6,1220,2),(807,6,1221,2),(808,6,1239,2),(809,6,1241,2),(810,6,1223,2),(811,6,1229,2),(813,6,1228,2),(814,6,1238,2),(815,6,1234,2),(816,6,1236,2),(817,6,1232,2),(818,6,1237,2),(819,6,1234,2),(820,6,1235,2),(822,6,1231,2),(823,6,1233,2),(824,6,1237,2),(825,6,1230,2);
/*!40000 ALTER TABLE `riesg_aseg` ENABLE KEYS */;
UNLOCK TABLES;

--
-- Table structure for table `riesgo`
--

DROP TABLE IF EXISTS `riesgo`;
/*!40101 SET @saved_cs_client     = @@character_set_client */;
/*!40101 SET character_set_client = utf8 */;
CREATE TABLE `riesgo` (
  `id_riesgo` int(11) NOT NULL AUTO_INCREMENT,
  `tipo_riesgo` varchar(20) NOT NULL,
  PRIMARY KEY (`id_riesgo`)
) ENGINE=InnoDB AUTO_INCREMENT=9 DEFAULT CHARSET=latin1;
/*!40101 SET character_set_client = @saved_cs_client */;

--
-- Dumping data for table `riesgo`
--

LOCK TABLES `riesgo` WRITE;
/*!40000 ALTER TABLE `riesgo` DISABLE KEYS */;
INSERT INTO `riesgo` VALUES (1,'Alto'),(2,'Medio'),(3,'Bajo'),(4,'Alto Riesgo I'),(5,'Alto Riesgo II'),(6,'Bajo Riesgo I'),(7,'Bajo Riesgo II'),(8,'NA');
/*!40000 ALTER TABLE `riesgo` ENABLE KEYS */;
UNLOCK TABLES;

--
-- Table structure for table `servic_asegur`
--

DROP TABLE IF EXISTS `servic_asegur`;
/*!40101 SET @saved_cs_client     = @@character_set_client */;
/*!40101 SET character_set_client = utf8 */;
CREATE TABLE `servic_asegur` (
  `id` int(11) NOT NULL AUTO_INCREMENT,
  `id_serv` int(11) NOT NULL,
  `id_aseg` int(11) NOT NULL,
  `id_uso` int(11) NOT NULL,
  `modalidad` int(11) DEFAULT NULL,
  `tipo` int(11) DEFAULT NULL,
  `anio` int(11) DEFAULT NULL,
  `categoria` int(11) DEFAULT NULL,
  `programa` int(11) DEFAULT NULL,
  PRIMARY KEY (`id`),
  KEY `servic_asegur_a7aa5a12` (`id_serv`),
  KEY `servic_asegur_2411b467` (`id_aseg`),
  KEY `servic_asegur_90ad2a19` (`id_uso`),
  KEY `servic_asegur_0daa027a` (`modalidad`),
  KEY `servic_asegur_acf1eac4` (`tipo`),
  KEY `servic_asegur_284c9549` (`anio`),
  KEY `servic_asegur_5f2644f7` (`categoria`),
  KEY `servic_asegur_23fb0883` (`programa`),
  CONSTRAINT `anio_refs_id_anio_62fbc3fa` FOREIGN KEY (`anio`) REFERENCES `anio` (`id_anio`),
  CONSTRAINT `categoria_refs_id_categ_3f7e2a00` FOREIGN KEY (`categoria`) REFERENCES `categorias` (`id_categ`),
  CONSTRAINT `id_aseg_refs_id_asegurad_fa59c27e` FOREIGN KEY (`id_aseg`) REFERENCES `aseguradora` (`id_asegurad`),
  CONSTRAINT `id_serv_refs_id_serv_cd7a3c77` FOREIGN KEY (`id_serv`) REFERENCES `servicios` (`id_serv`),
  CONSTRAINT `id_uso_refs_id_uso_6219b783` FOREIGN KEY (`id_uso`) REFERENCES `uso` (`id_uso`),
  CONSTRAINT `modalidad_refs_id_modalidad_8f4087bb` FOREIGN KEY (`modalidad`) REFERENCES `modalidad` (`id_modalidad`),
  CONSTRAINT `programa_refs_id_program_2ae3898c` FOREIGN KEY (`programa`) REFERENCES `programa` (`id_program`),
  CONSTRAINT `tipo_refs_id_clase_1847352b` FOREIGN KEY (`tipo`) REFERENCES `clase` (`id_clase`)
) ENGINE=InnoDB AUTO_INCREMENT=362 DEFAULT CHARSET=latin1;
/*!40101 SET character_set_client = @saved_cs_client */;

--
-- Dumping data for table `servic_asegur`
--

LOCK TABLES `servic_asegur` WRITE;
/*!40000 ALTER TABLE `servic_asegur` DISABLE KEYS */;
INSERT INTO `servic_asegur` VALUES (2,12,4,9,4,1,24,3,4),(4,14,4,9,4,1,24,3,4),(6,16,4,9,4,1,24,3,4),(15,8,1,1,2,1,21,3,10),(16,8,1,1,2,17,21,3,10),(17,8,1,1,2,7,21,3,10),(19,8,1,1,2,3,21,3,10),(20,8,1,1,2,6,21,3,10),(21,7,1,1,2,1,21,3,10),(22,7,1,1,2,17,21,3,10),(23,7,1,1,2,7,21,3,10),(24,7,1,1,2,3,21,3,10),(25,7,1,1,2,6,21,3,10),(26,11,1,1,2,1,21,3,10),(27,11,1,1,2,17,21,3,10),(28,11,1,1,2,7,21,3,10),(29,11,1,1,2,3,21,3,10),(30,11,1,1,2,6,21,3,10),(32,7,1,3,2,1,3,3,10),(33,7,1,3,2,17,3,3,10),(34,7,1,3,2,3,3,3,10),(35,8,1,3,2,1,3,3,10),(36,8,1,3,2,17,3,3,10),(37,8,1,3,2,3,3,3,10),(38,7,1,3,2,4,16,3,10),(39,7,1,3,2,5,16,3,10),(40,7,1,6,2,1,3,3,10),(41,7,1,6,2,17,3,3,10),(42,7,1,6,2,3,3,3,10),(43,7,1,6,2,6,3,3,10),(44,7,1,15,2,7,3,3,10),(45,7,1,15,2,6,3,3,10),(46,7,1,16,2,1,21,3,10),(47,7,1,16,2,17,21,3,10),(48,7,1,16,2,7,21,3,10),(49,7,1,16,2,3,21,3,10),(50,7,1,16,2,6,21,3,10),(51,7,1,7,2,1,3,3,10),(52,7,1,7,2,17,3,3,10),(53,7,1,7,2,7,3,3,10),(54,7,1,7,2,3,3,3,10),(55,7,1,7,2,6,3,3,10),(56,7,1,8,2,1,24,3,10),(57,7,1,8,2,17,24,3,10),(58,7,1,8,2,7,24,3,10),(59,7,1,8,2,3,24,3,10),(60,7,1,8,2,6,24,3,10),(61,7,1,8,2,2,24,3,10),(62,7,1,8,2,8,24,3,10),(63,7,1,17,2,2,16,3,10),(64,7,1,17,2,8,16,3,10),(65,7,1,17,2,18,16,3,10),(66,7,1,17,2,19,16,3,10),(67,7,1,4,2,4,3,3,10),(68,7,1,5,2,4,16,3,10),(69,7,1,5,2,5,16,3,10),(71,7,1,1,3,1,21,3,10),(72,7,1,1,3,17,21,3,10),(73,7,1,1,3,7,21,3,10),(74,7,1,1,3,3,21,3,10),(75,7,1,1,3,6,21,3,10),(76,7,1,17,3,2,21,3,10),(77,7,1,17,3,8,21,3,10),(78,7,1,17,3,18,21,3,10),(79,7,1,1,1,1,21,3,10),(80,7,1,1,1,17,21,3,10),(81,7,1,1,2,7,21,3,10),(82,7,1,1,1,3,21,3,10),(83,7,1,1,1,6,21,3,10),(84,7,1,17,1,2,21,3,10),(85,7,1,17,1,8,21,3,10),(86,7,1,17,1,18,21,3,10),(87,8,1,1,1,1,21,3,10),(88,8,1,1,1,17,21,3,10),(89,8,1,1,1,7,21,3,10),(90,8,1,1,1,3,21,3,10),(91,8,1,1,1,6,21,3,10),(92,8,1,17,1,2,21,3,10),(93,8,1,17,1,18,21,3,10),(94,8,1,17,1,8,21,3,10),(95,11,1,1,1,1,21,3,10),(96,11,1,1,1,17,21,3,10),(97,11,1,1,1,7,21,3,10),(98,11,1,1,1,3,21,3,10),(99,11,1,1,1,6,21,3,10),(100,11,1,17,1,2,21,3,10),(101,11,1,17,1,8,21,3,10),(102,11,1,17,1,18,21,3,10),(103,12,4,1,4,1,24,3,4),(105,12,4,1,4,6,24,3,4),(106,13,4,1,4,1,24,3,4),(108,13,4,1,4,6,24,3,4),(109,14,4,1,4,1,24,3,4),(111,14,4,1,4,6,24,3,4),(112,15,4,1,4,1,24,3,4),(114,15,4,1,4,6,24,3,4),(115,16,4,1,4,1,24,3,4),(117,16,4,1,4,6,24,3,4),(118,12,4,1,4,1,24,3,7),(120,12,4,1,4,6,24,3,7),(122,14,4,1,4,1,24,3,7),(124,14,4,1,4,6,24,3,7),(125,13,4,1,4,1,24,3,7),(127,13,4,1,4,6,24,3,7),(128,21,4,1,4,17,24,3,2),(130,12,4,1,4,17,24,3,2),(132,14,4,1,4,17,24,3,2),(134,13,4,1,4,17,24,3,2),(136,12,4,1,4,1,24,3,5),(138,14,4,1,4,1,24,3,5),(140,13,4,1,4,1,24,3,5),(142,15,4,1,4,1,24,3,5),(144,16,4,1,4,1,24,3,5),(146,12,4,1,4,1,24,3,3),(147,12,4,1,4,17,24,3,3),(149,12,4,2,4,1,24,3,3),(150,12,4,2,4,17,24,3,3),(152,13,4,1,4,1,24,3,3),(153,13,4,1,4,17,24,3,3),(156,13,4,2,4,1,24,3,3),(157,13,4,2,4,17,24,3,3),(159,14,4,1,4,1,24,3,3),(160,14,4,1,4,17,24,3,3),(162,14,4,2,4,1,24,3,3),(163,14,4,2,4,17,24,3,3),(166,22,4,1,4,1,24,3,3),(167,22,4,1,4,17,24,3,3),(169,22,4,2,4,1,24,3,3),(170,22,4,2,4,17,24,3,3),(172,13,4,3,4,1,24,3,6),(173,13,4,3,4,17,24,3,6),(175,16,4,3,4,1,24,3,6),(176,16,4,3,4,17,24,3,6),(178,12,4,1,4,1,24,3,9),(179,12,4,1,4,17,24,3,9),(181,13,4,1,4,1,24,3,9),(182,13,4,1,4,17,24,3,9),(184,14,4,1,4,1,24,3,9),(185,14,4,1,4,17,24,3,9),(187,15,4,1,4,1,24,3,9),(188,15,4,1,4,17,24,3,9),(190,16,4,1,4,1,24,3,9),(191,16,4,1,4,17,24,3,9),(193,21,4,1,4,1,24,3,9),(194,21,4,1,4,17,24,3,9),(196,2,2,2,2,1,24,1,10),(199,24,2,2,2,1,24,1,10),(209,4,2,2,2,1,24,1,10),(212,3,2,2,2,1,24,1,10),(215,26,2,2,2,1,24,1,10),(246,1,2,1,2,1,24,1,10),(249,25,2,1,2,1,24,1,10),(282,25,5,1,4,1,24,1,4),(283,25,5,1,4,17,24,1,4),(285,26,5,1,4,1,24,1,4),(286,26,5,1,4,17,24,1,4),(288,21,5,1,4,1,24,1,4),(289,21,5,1,4,17,24,1,4),(293,2,5,1,4,17,24,1,4),(295,24,5,1,4,1,24,1,4),(296,24,5,1,4,17,24,1,4),(298,14,5,1,4,1,24,1,4),(299,14,5,1,4,17,24,1,4),(301,25,5,1,4,1,24,2,4),(302,25,5,1,4,17,24,2,4),(304,26,5,1,4,1,24,2,4),(305,26,5,1,4,17,24,2,4),(307,21,5,1,4,1,24,2,4),(308,21,5,1,4,17,24,2,4),(310,2,5,1,4,1,24,2,4),(311,2,5,1,4,17,24,2,4),(313,24,5,1,4,1,24,2,4),(314,24,5,1,4,17,24,2,4),(317,14,5,1,4,1,24,2,4),(318,14,5,1,4,1,24,2,4),(320,25,5,1,4,12,24,2,10),(321,26,5,1,4,12,24,2,4),(322,21,5,1,4,12,24,2,4),(323,24,5,1,4,12,24,2,4),(324,2,5,1,4,12,24,2,4),(325,14,5,1,4,12,24,2,4),(326,25,5,5,4,10,24,3,10),(328,25,5,5,4,5,24,3,10),(329,25,5,5,4,4,24,3,10),(330,26,5,5,4,10,24,3,10),(332,26,5,5,4,5,24,3,10),(333,26,5,5,4,4,24,3,10),(334,2,5,5,4,10,24,3,10),(336,2,5,5,4,5,24,3,10),(337,2,5,5,4,4,24,3,10),(338,24,5,5,4,10,24,3,10),(340,24,5,5,4,5,24,3,10),(341,24,5,5,4,4,24,3,10),(342,25,5,2,4,1,24,2,6),(345,26,5,2,4,1,24,1,6),(346,26,5,2,4,17,24,2,6),(348,21,5,2,4,1,24,1,6),(349,21,5,2,4,17,24,1,6),(351,2,5,2,4,1,24,1,6),(352,2,5,2,4,17,24,1,6),(354,24,5,2,4,1,24,1,6),(355,24,5,2,4,17,24,1,6),(357,25,5,1,4,6,24,3,10),(358,26,5,1,4,6,24,3,10),(359,2,5,1,4,6,24,3,10),(360,14,5,1,4,6,24,3,10),(361,24,5,1,4,6,24,3,10);
/*!40000 ALTER TABLE `servic_asegur` ENABLE KEYS */;
UNLOCK TABLES;

--
-- Table structure for table `servicios`
--

DROP TABLE IF EXISTS `servicios`;
/*!40101 SET @saved_cs_client     = @@character_set_client */;
/*!40101 SET character_set_client = utf8 */;
CREATE TABLE `servicios` (
  `id_serv` int(11) NOT NULL AUTO_INCREMENT,
  `services` varchar(10000) NOT NULL,
  PRIMARY KEY (`id_serv`)
) ENGINE=InnoDB AUTO_INCREMENT=27 DEFAULT CHARSET=latin1;
/*!40101 SET character_set_client = @saved_cs_client */;

--
-- Dumping data for table `servicios`
--

LOCK TABLES `servicios` WRITE;
/*!40000 ALTER TABLE `servicios` DISABLE KEYS */;
INSERT INTO `servicios` VALUES (1,'Central de Asistencia las 24 Horas'),(2,'Auxilio mecánico y grúa'),(3,'Chofer de reemplazo'),(4,'Vehículo de reemplazo'),(5,'Servicios adicionales'),(6,'123'),(7,'Asistencia Personal en caso de siniestro, servicio al cliente - Linea Positiva'),(8,'Chofer de Reemplazo (Solo en Lima, 3 veces al año)'),(9,'Completar'),(11,'Vehiculo de reemplazo (solo en Lima), se otorga por un maximo de 15 dias al año por choque y 30 dias por robo totalcon deducible de USD 100 +IGV'),(12,'Peritación y Pago Rápido  -  PAR o PPR (Lima)\0'),(13,'Centro de Diagnosis (Lima)\0'),(14,'Servicio de Grabado de Lunas (Lima)\0'),(15,'Cargo en Cuenta Bancaria o Tarjeta de Crédito\0'),(16,'Limpieza del automóvil por traslado de heridos\0'),(17,'Servicio 10X'),(18,'pago accidente'),(19,'Peritación y Pago Rápido  -  PAR o PPR'),(20,'Centro de Diagnosis'),(21,'Exoneración de Denuncia Policial'),(22,'Procuraduría Personalizada'),(23,'Grua en caso de SInisestro'),(24,'Ambulancia en caso de SIniestro'),(25,'Asesoría en caso de accidentes de transito - Procuraduria'),(26,'Asesoria en defensa jurídica Penal con abogados');
/*!40000 ALTER TABLE `servicios` ENABLE KEYS */;
UNLOCK TABLES;

--
-- Table structure for table `tasa_asegur`
--

DROP TABLE IF EXISTS `tasa_asegur`;
/*!40101 SET @saved_cs_client     = @@character_set_client */;
/*!40101 SET character_set_client = utf8 */;
CREATE TABLE `tasa_asegur` (
  `id` int(11) NOT NULL AUTO_INCREMENT,
  `id_aseg` int(11) NOT NULL,
  `categoria` int(11) DEFAULT NULL,
  `id_uso` int(11) NOT NULL,
  `Value` varchar(150) NOT NULL,
  `tipo` int(11) DEFAULT NULL,
  `modalidad` int(11) DEFAULT NULL,
  `riesgo` int(11) DEFAULT NULL,
  `programa` int(11) DEFAULT NULL,
  `anio` int(11) DEFAULT NULL,
  `ubicacion` int(11) DEFAULT NULL,
  PRIMARY KEY (`id`),
  KEY `id_aseg` (`id_aseg`),
  KEY `categoria` (`categoria`),
  KEY `uso_id` (`id_uso`),
  KEY `id_modalidad` (`modalidad`),
  KEY `id_riesgo` (`riesgo`),
  KEY `id_progama` (`programa`),
  KEY `id_anio` (`anio`),
  KEY `id_clase` (`tipo`),
  CONSTRAINT `tasa_asegur_ibfk_1` FOREIGN KEY (`id_aseg`) REFERENCES `aseguradora` (`id_asegurad`),
  CONSTRAINT `tasa_asegur_ibfk_2` FOREIGN KEY (`categoria`) REFERENCES `categorias` (`id_categ`),
  CONSTRAINT `tasa_asegur_ibfk_3` FOREIGN KEY (`id_uso`) REFERENCES `uso` (`id_uso`),
  CONSTRAINT `tasa_asegur_ibfk_4` FOREIGN KEY (`modalidad`) REFERENCES `modalidad` (`id_modalidad`),
  CONSTRAINT `tasa_asegur_ibfk_5` FOREIGN KEY (`riesgo`) REFERENCES `riesgo` (`id_riesgo`),
  CONSTRAINT `tasa_asegur_ibfk_6` FOREIGN KEY (`programa`) REFERENCES `programa` (`id_program`),
  CONSTRAINT `tasa_asegur_ibfk_7` FOREIGN KEY (`anio`) REFERENCES `anio` (`id_anio`),
  CONSTRAINT `tasa_asegur_ibfk_8` FOREIGN KEY (`tipo`) REFERENCES `clase` (`id_clase`)
) ENGINE=InnoDB AUTO_INCREMENT=457 DEFAULT CHARSET=latin1;
/*!40101 SET character_set_client = @saved_cs_client */;

--
-- Dumping data for table `tasa_asegur`
--

LOCK TABLES `tasa_asegur` WRITE;
/*!40000 ALTER TABLE `tasa_asegur` DISABLE KEYS */;
INSERT INTO `tasa_asegur` VALUES (19,3,3,17,'4.1%',1,3,3,1,13,1),(20,3,3,17,'4.3%',1,3,3,1,12,1),(21,3,3,17,'4.5%',1,3,3,1,11,1),(22,3,3,17,'4.7%',1,3,3,1,10,1),(23,3,3,17,'4.9%',1,3,3,1,9,1),(24,3,3,17,'5.3%',1,3,3,1,8,1),(25,3,3,17,'5.5%',1,3,3,1,7,1),(26,3,3,17,'5.8%',1,3,3,1,6,1),(27,3,3,17,'6.2%',1,3,3,1,5,1),(28,3,3,17,'6.6%',1,3,3,1,4,1),(29,3,3,17,'4.7%',1,3,1,1,16,1),(30,3,3,17,'4.9%',1,3,1,1,16,1),(31,3,3,17,'5.1%',1,3,1,1,16,1),(32,3,3,17,'5.4%',1,3,1,1,16,1),(33,3,3,17,'6.0%',1,3,1,1,16,1),(34,3,3,17,'6.1%',1,3,1,1,16,1),(35,3,3,17,'6.5%',1,3,1,1,16,1),(37,3,3,17,'7.2%',1,3,1,1,16,1),(38,1,3,1,'3.8',1,2,1,1,11,1),(39,1,3,1,'3.8',17,2,1,1,16,1),(40,1,3,1,'3.8',7,2,1,1,16,1),(41,1,3,1,'3.8',3,2,1,1,16,1),(42,1,3,1,'3.8',1,2,1,1,16,1),(43,1,3,1,'3.8',17,2,1,1,16,1),(44,1,3,1,'3.8',7,2,1,1,16,1),(45,1,3,1,'3.8',3,2,1,1,16,1),(46,1,3,1,'3.9',1,2,1,1,16,1),(47,1,3,1,'3.9',17,2,1,1,16,1),(48,1,3,1,'3.9',7,2,1,1,16,1),(49,1,3,1,'3.9',3,2,1,1,16,1),(50,1,3,1,'4.1',1,2,1,1,16,1),(51,1,3,1,'4.1',17,2,1,1,16,1),(52,1,3,1,'4.1',7,2,1,1,16,1),(53,1,3,1,'4.1',3,2,1,1,16,1),(54,1,3,1,'4.4',1,2,1,1,16,1),(55,1,3,1,'4.4',17,2,1,1,16,1),(56,1,3,1,'4.4',7,2,1,1,16,1),(57,1,3,1,'4.4',3,2,1,1,16,1),(58,1,3,1,'4.6',1,2,1,1,16,1),(59,1,3,1,'4.6',17,2,1,1,16,1),(60,1,3,1,'4.6',7,2,1,1,16,1),(61,1,3,1,'4.6',3,2,1,1,16,1),(62,1,3,1,'5',1,2,1,1,16,1),(63,1,3,1,'5',17,2,1,1,16,1),(64,1,3,1,'5',7,2,1,1,16,1),(65,1,3,1,'5',3,2,1,1,16,1),(66,1,3,1,'5.3',1,2,1,1,16,1),(67,1,3,1,'5.3',17,2,1,1,16,1),(68,1,3,1,'5.3',7,2,1,1,16,1),(69,1,3,1,'5.3',3,2,1,1,16,1),(70,1,3,1,'5.6',1,2,1,1,16,1),(71,1,3,1,'5.6',17,2,1,1,16,1),(72,1,3,1,'5.6',7,2,1,1,16,1),(73,1,3,1,'5.6',3,2,1,1,16,1),(74,1,3,1,'6',1,2,1,1,16,1),(75,1,3,1,'6',17,2,1,1,16,1),(76,1,3,1,'6',7,2,1,1,16,1),(77,1,3,1,'6',3,2,1,1,16,1),(78,1,3,1,'6.4',1,2,1,1,16,1),(79,1,3,1,'6.4',17,2,1,1,16,1),(80,1,3,1,'6.4',7,2,1,1,16,1),(81,1,3,1,'6.4',3,2,1,1,16,1),(82,1,3,1,'66.7',1,2,1,1,16,1),(83,1,3,1,'66.7',17,2,1,1,16,1),(84,1,3,1,'66.7',7,2,1,1,16,1),(85,1,3,1,'66.7',3,2,1,1,16,1),(86,1,3,1,'6.8',1,2,1,1,16,1),(87,1,3,1,'6.8',17,2,1,1,16,1),(88,1,3,1,'6.8',7,2,1,1,16,1),(89,1,3,1,'6.8',3,2,1,1,16,1),(90,1,3,1,'6.8',1,2,1,1,16,1),(91,1,3,1,'6.8',17,2,1,1,16,1),(92,1,3,1,'6.8',7,2,1,1,16,1),(93,1,3,1,'6.8',3,2,1,1,16,1),(94,1,3,1,'6.8',1,2,1,1,16,1),(95,1,3,1,'6.8',17,2,1,1,16,1),(96,1,3,1,'6.8',7,2,1,1,16,1),(97,1,3,1,'6.8',3,2,1,1,16,1),(98,1,3,1,'6.8',1,2,1,1,16,1),(99,1,3,1,'6.8',17,2,1,1,16,1),(100,1,3,1,'6.8',7,2,1,1,16,1),(101,1,3,1,'6.8',3,2,1,1,16,1),(102,1,3,1,'3.8',1,2,1,1,11,1),(103,1,3,1,'3.8',17,2,1,1,11,1),(104,1,3,1,'3.8',7,2,1,1,11,1),(105,1,3,1,'3.8',3,2,1,1,11,1),(106,1,3,1,'3.8',1,2,1,1,10,1),(107,1,3,1,'3.8',17,2,1,1,10,1),(108,1,3,1,'3.8',7,2,1,1,10,1),(109,1,3,1,'3.8',3,2,1,1,10,1),(110,1,3,1,'3.9',1,2,1,1,9,1),(111,1,3,1,'3.9',17,2,1,1,9,1),(112,1,3,1,'3.9',7,2,1,1,9,1),(113,1,3,1,'3.9',3,2,1,1,9,1),(114,1,3,1,'4.1',1,2,1,1,9,1),(115,1,3,1,'4.1',17,2,1,1,9,1),(116,1,3,1,'4.1',7,2,1,1,9,1),(117,1,3,1,'4.1',3,2,1,1,9,1),(118,1,3,1,'4.6',1,2,1,1,6,1),(119,1,3,1,'4.6',17,2,1,1,6,1),(120,1,3,1,'4.6',7,2,1,1,6,1),(121,1,3,1,'4.6',3,2,1,1,6,1),(122,1,3,1,'5',1,2,1,1,5,1),(123,1,3,1,'5',17,2,1,1,5,1),(124,1,3,1,'5',7,2,1,1,5,1),(125,1,3,1,'5',3,2,1,1,5,1),(126,1,3,1,'5.3',1,2,1,1,4,1),(127,1,3,1,'5.3',17,2,1,1,4,1),(128,1,3,1,'5.3',7,2,1,1,4,1),(129,1,3,1,'5.3',3,2,1,1,4,1),(130,1,3,1,'5.6',1,2,1,1,3,1),(131,1,3,1,'5.6',17,2,1,1,3,1),(132,1,3,1,'5.6',7,2,1,1,3,1),(133,1,3,1,'5.6',3,2,1,1,3,1),(134,1,3,1,'6',1,2,1,1,3,1),(135,1,3,1,'6',17,2,1,1,3,1),(136,1,3,1,'6',7,2,1,1,3,1),(137,1,3,1,'6',3,2,1,1,3,1),(138,1,3,1,'6',1,2,1,1,2,1),(139,1,3,1,'6',17,2,1,1,2,1),(140,1,3,1,'6',7,2,1,1,2,1),(141,1,3,1,'6',3,2,1,1,2,1),(142,1,3,1,'6.4',1,2,1,1,1,1),(143,1,3,1,'6.4',17,2,1,1,1,1),(144,1,3,1,'6.4',7,2,1,1,1,1),(145,1,3,1,'6.4',3,2,1,1,1,1),(146,1,3,1,'6.7',1,2,1,1,14,1),(147,1,3,1,'6.7',17,2,1,1,14,1),(148,1,3,1,'6.7',7,2,1,1,14,1),(149,1,3,1,'6.7',3,2,1,1,14,1),(150,1,3,1,'6.8',1,2,1,1,15,1),(151,1,3,1,'6.8',17,2,1,1,15,1),(152,1,3,1,'6.8',7,2,1,1,15,1),(153,1,3,1,'6.8',3,2,1,1,15,1),(154,1,3,1,'6.8',1,2,1,1,16,1),(155,1,3,1,'6.8',17,2,1,1,16,1),(156,1,3,1,'6.8',7,2,1,1,16,1),(157,1,3,1,'6.8',3,2,1,1,16,1),(158,1,3,1,'6.8',1,2,1,1,17,1),(159,1,3,1,'6.8',17,2,1,1,17,1),(160,1,3,1,'6.8',7,2,1,1,17,1),(161,1,3,1,'6.8',3,2,1,1,17,1),(162,1,3,1,'6.8',1,2,1,1,18,1),(163,1,3,1,'6.8',17,2,1,1,18,1),(164,1,3,1,'6.8',7,2,1,1,18,1),(165,1,3,1,'6.8',3,2,1,1,18,1),(166,1,3,1,'6.8',1,2,1,1,19,1),(167,1,3,1,'6.8',17,2,1,1,19,1),(168,1,3,1,'6.8',7,2,1,1,19,1),(169,1,3,1,'6.8',3,2,1,1,19,1),(170,1,3,1,'5.5',6,2,1,1,11,1),(171,1,3,1,'5.5',6,2,1,1,10,1),(172,1,3,1,'6.1',6,2,1,1,9,1),(173,1,3,1,'6.2',6,2,1,1,8,1),(174,1,3,1,'6.4',6,2,1,1,7,1),(175,1,3,1,'6.7',6,2,1,1,6,1),(176,1,3,1,'6.8',6,2,1,1,5,1),(177,1,3,1,'7',6,2,1,1,4,1),(178,1,3,1,'7.2',6,2,1,1,3,1),(179,1,3,1,'7.4',6,2,1,1,2,1),(180,1,3,1,'7.5',6,2,1,1,1,1),(181,1,3,1,'7.7',6,2,1,1,14,1),(182,1,3,1,'7.8',6,2,1,1,15,1),(183,1,3,1,'7.8',6,2,1,1,16,1),(185,1,3,3,'5',1,2,1,1,11,1),(186,1,3,3,'5',3,2,1,1,11,1),(187,1,3,3,'5',17,2,1,1,11,1),(188,1,3,3,'5.3',1,2,1,1,10,1),(189,1,3,3,'5.3',3,2,1,1,10,1),(190,1,3,3,'5.3',17,2,1,1,10,1),(191,1,3,3,'5.6',1,2,1,1,9,1),(192,1,3,3,'5.6',3,2,1,1,9,1),(193,1,3,3,'5.6',17,2,1,1,9,1),(194,1,3,3,'5.9',1,2,1,1,8,1),(195,1,3,3,'5.9',3,2,1,1,8,1),(196,1,3,3,'5.9',17,2,1,1,8,1),(197,1,3,3,'6.2',1,2,1,1,7,1),(198,1,3,3,'6.2',3,2,1,1,7,1),(199,1,3,3,'6.2',17,2,1,1,7,1),(200,1,3,3,'6.5',1,2,1,1,6,1),(201,1,3,3,'6.5',3,2,1,1,6,1),(202,1,3,3,'6.5',17,2,1,1,6,1),(203,1,3,3,'6.8',1,2,1,1,5,1),(204,1,3,3,'6.8',3,2,1,1,5,1),(205,1,3,3,'6.8',17,2,1,1,5,1),(206,1,3,3,'7.2',1,2,1,1,4,1),(207,1,3,3,'7.2',3,2,1,1,4,1),(208,1,3,3,'7.2',17,2,1,1,4,1),(209,1,3,3,'7.6',1,2,1,1,3,1),(210,1,3,3,'7.6',3,2,1,1,3,1),(211,1,3,3,'7.6',17,2,1,1,3,1),(212,1,3,3,'8',1,2,1,1,2,1),(213,1,3,3,'8',3,2,1,1,2,1),(214,1,3,3,'8',17,2,1,1,2,1),(215,1,3,3,'8.5',1,2,1,1,1,1),(216,1,3,3,'8.5',3,2,1,1,1,1),(217,1,3,3,'8.5',17,2,1,1,1,1),(222,1,3,3,'1.2',4,2,1,1,11,1),(223,1,3,3,'1.2',5,2,1,1,11,1),(224,1,3,3,'1.2',4,2,1,1,10,1),(225,1,3,3,'1.2',5,2,1,1,10,1),(226,1,3,3,'1.2',4,2,1,1,9,1),(227,1,3,3,'1.2',5,2,1,1,9,1),(228,1,3,3,'1.2',4,2,1,1,8,1),(229,1,3,3,'1.2',5,2,1,1,8,1),(230,1,3,3,'1.5',4,2,1,1,7,1),(231,1,3,3,'1.5',5,2,1,1,7,1),(232,1,3,3,'1.5',4,2,1,1,6,1),(233,1,3,3,'1.5',5,2,1,1,6,1),(234,1,3,3,'1.5',4,2,1,1,5,1),(235,1,3,3,'1.5',5,2,1,1,5,1),(236,1,3,3,'1.5',4,2,1,1,4,1),(237,1,3,3,'1.5',5,2,1,1,4,1),(238,1,3,3,'2.1',4,2,1,1,3,1),(239,1,3,3,'2.1',5,2,1,1,3,1),(240,1,3,3,'2.1',4,2,1,1,1,1),(241,1,3,3,'2.1',5,2,1,1,1,1),(242,1,3,3,'2.1',4,2,1,1,24,1),(243,1,3,3,'2.1',5,2,1,1,24,1),(244,1,3,17,'2.4',2,2,1,1,11,1),(245,1,3,17,'2.4',21,2,1,1,11,1),(246,1,3,17,'2.4',2,2,1,1,10,1),(247,1,3,17,'2.4',21,2,1,1,10,1),(248,1,3,17,'2.6',2,2,1,1,9,1),(249,1,3,17,'2.6',21,2,1,1,9,1),(250,1,3,17,'3',2,2,1,1,7,1),(251,1,3,17,'3',21,2,1,1,7,1),(252,1,3,17,'3.2',2,2,1,1,6,1),(253,1,3,17,'3.2',21,2,1,1,6,1),(254,1,3,17,'3.5',2,2,1,1,5,1),(255,1,3,17,'3.5',21,2,1,1,5,1),(256,1,3,17,'3.8',2,2,1,1,4,1),(257,1,3,17,'3.8',21,2,1,1,4,1),(258,1,3,17,'4',2,2,1,1,3,1),(259,1,3,17,'4',21,2,1,1,3,1),(260,1,3,17,'4.2',2,2,1,1,2,1),(261,1,3,17,'4.2',21,2,1,1,2,1),(262,1,3,17,'4.5',2,2,1,1,1,1),(263,1,3,17,'4.5',21,2,1,1,1,1),(264,1,3,17,'4.8',2,2,1,1,14,1),(265,1,3,17,'4.8',21,2,1,1,14,1),(266,1,3,17,'2.6',18,2,1,1,11,1),(267,1,3,17,'2.6',20,2,1,1,11,1),(268,1,3,17,'2.8',18,2,1,1,9,1),(269,1,3,17,'2.8',20,2,1,1,9,1),(270,1,3,17,'3',18,2,1,1,9,1),(271,1,3,17,'3',20,2,1,1,9,1),(272,1,3,17,'3',18,2,1,1,8,1),(273,1,3,17,'3',20,2,1,1,8,1),(274,1,3,17,'3.5',18,2,1,1,7,1),(275,1,3,17,'3.5',20,2,1,1,7,1),(276,1,3,17,'3.6',18,2,1,1,7,1),(277,1,3,17,'3.6',20,2,1,1,7,1),(278,1,3,17,'3.6',18,2,1,1,6,1),(279,1,3,17,'3.6',20,2,1,1,6,1),(280,1,3,17,'3.8',18,2,1,1,5,1),(281,1,3,17,'3.8',20,2,1,1,5,1),(282,1,3,17,'3.8',18,2,1,1,4,1),(283,1,3,17,'3.8',20,2,1,1,4,1),(284,1,3,17,'4',18,2,1,1,3,1),(285,1,3,17,'4',20,2,1,1,3,1),(286,1,3,17,'4.2',18,2,1,1,2,1),(287,1,3,17,'4.2',20,2,1,1,2,1),(288,1,3,17,'4.5',18,2,1,1,1,1),(289,1,3,17,'4.5',20,2,1,1,1,1),(290,1,3,17,'4.5',18,2,1,1,14,1),(291,1,3,17,'4.5',20,2,1,1,14,1),(292,1,3,17,'5',18,2,1,1,24,1),(293,1,3,17,'5',20,2,1,1,24,1),(294,1,3,17,'2',8,2,1,1,24,1),(295,1,3,17,'2',19,2,1,1,24,1),(296,1,3,4,'3',4,2,1,1,11,1),(297,1,3,4,'3',4,2,1,1,10,1),(298,1,3,4,'3',4,2,1,1,9,1),(299,1,3,4,'3',4,2,1,1,8,1),(300,1,3,4,'3.2',4,2,1,1,7,1),(301,1,3,4,'3.2',4,2,1,1,6,1),(302,1,3,4,'3.2',4,2,1,1,5,1),(303,1,3,4,'3.2',4,2,1,1,4,1),(304,1,3,4,'3.5',4,2,1,1,3,1),(305,1,3,4,'3.5',4,2,1,1,2,1),(306,1,3,4,'3.5',4,2,1,1,1,1),(307,1,3,6,'8',4,2,1,1,24,1),(308,1,3,4,'3',4,2,1,1,11,1),(309,1,3,4,'3.2',4,2,1,1,10,1),(310,1,3,4,'3.4',4,2,1,1,9,1),(311,1,3,4,'3.6',4,2,1,1,8,1),(312,1,3,4,'4',4,2,1,1,7,1),(313,1,3,4,'4.4',4,2,1,1,6,1),(314,1,3,4,'4.8',4,2,1,1,5,1),(315,1,3,4,'5.2',4,2,1,1,4,1),(316,1,3,4,'5.6',4,2,1,1,3,1),(317,1,3,4,'6',4,2,1,1,2,1),(318,1,3,4,'6.5',4,2,1,1,1,1),(327,1,3,5,'3',3,2,1,1,11,1),(328,1,3,5,'3',4,2,1,1,11,1),(329,1,3,5,'3',5,2,1,1,11,1),(330,1,3,5,'3.2',3,2,1,1,10,1),(331,1,3,5,'3.2',4,2,1,1,10,1),(332,1,3,5,'3.2',5,2,1,1,10,1),(333,1,3,5,'3.4',3,2,1,1,9,1),(334,1,3,5,'3.4',4,2,1,1,9,1),(335,1,3,5,'3.4',5,2,1,1,9,1),(336,1,3,5,'3.6',3,2,1,1,8,1),(337,1,3,5,'3.6',4,2,1,1,8,1),(338,1,3,5,'3.6',5,2,1,1,8,1),(339,1,3,5,'4',3,2,1,1,7,1),(340,1,3,5,'4',4,2,1,1,7,1),(341,1,3,5,'4',5,2,1,1,7,1),(342,1,3,5,'4.4',3,2,1,1,6,1),(343,1,3,5,'4.4',4,2,1,1,6,1),(344,1,3,5,'4.4',5,2,1,1,6,1),(345,1,3,5,'4.8',3,2,1,1,6,1),(346,1,3,5,'4.8',4,2,1,1,6,1),(347,1,3,5,'4.8',5,2,1,1,6,1),(348,1,3,5,'5.2',3,2,1,1,4,1),(349,1,3,5,'5.2',4,2,1,1,4,1),(350,1,3,5,'5.2',5,2,1,1,4,1),(351,1,3,5,'5.6',3,2,1,1,3,1),(352,1,3,5,'5.6',4,2,1,1,3,1),(353,1,3,5,'5.6',5,2,1,1,3,1),(354,1,3,5,'6',3,2,1,1,2,1),(355,1,3,5,'6',4,2,1,1,2,1),(356,1,3,5,'6',5,2,1,1,2,1),(357,1,3,5,'6.5',3,2,1,1,1,1),(358,1,3,5,'6.5',4,2,1,1,1,1),(359,1,3,5,'6.5',5,2,1,1,1,1),(360,1,3,5,'7',3,2,1,1,14,1),(361,1,3,5,'7',4,2,1,1,14,1),(362,1,3,5,'7',5,2,1,1,14,1),(363,1,3,15,'Aplicar 20% de recargo segun corresponda la clase',6,2,1,1,16,1),(364,1,3,15,'Aplicar 20% de recargo segun corresponda la clase',7,2,1,1,16,1),(365,1,3,15,'3.2',6,2,1,1,24,1),(368,1,3,7,'3.2',6,2,1,1,16,1),(369,1,3,7,'3.2',1,2,1,1,16,1),(370,1,3,7,'3.2',17,2,1,1,16,1),(371,1,3,8,'USD 25 ',7,2,1,1,16,1),(372,1,3,8,'USD 25 ',1,2,1,1,16,1),(373,1,3,8,'USD 25 ',17,2,1,1,16,1),(374,1,3,8,'USD 25 ',3,2,1,1,16,1),(375,1,3,8,'USD 25 ',6,2,1,1,16,1),(376,4,3,15,'3.8',1,3,3,4,16,1),(377,4,3,15,'4',1,3,2,4,16,1),(378,4,3,15,'4.4',1,3,1,4,16,1),(379,4,3,15,'5.2',6,3,1,4,16,1),(380,4,3,15,'3.2',6,3,3,4,16,2),(381,4,3,15,'3.2',6,3,2,4,16,2),(382,4,3,15,'3.75',6,3,1,4,16,1),(383,4,3,15,'7.2',6,3,3,7,16,1),(384,4,3,15,'7.8',6,3,2,7,16,1),(385,4,3,15,'8.6',6,3,1,7,16,1),(386,4,3,15,'6.2',6,3,3,7,16,2),(387,4,3,15,'6.2',6,3,2,7,16,1),(388,4,3,15,'7.2',6,3,1,7,16,1),(389,4,3,15,'4.5',6,3,3,6,16,1),(390,4,3,15,'5.0',6,3,1,6,16,1),(391,4,3,15,'3.75',1,3,3,1,16,1),(392,4,3,15,'4.14',1,3,2,1,16,1),(393,4,3,15,'4.54',1,3,1,1,16,1),(398,5,3,18,'4.2',1,3,3,1,16,1),(399,5,3,18,'3.6',1,3,4,1,16,1),(400,5,3,18,'4.6',1,3,1,1,16,1),(401,5,3,5,'2.95',1,3,6,1,16,1),(402,5,3,5,'3.1',1,3,6,1,16,1),(403,5,3,5,'3.3',1,3,6,1,16,1),(404,5,3,5,'3.5',1,3,6,1,16,1),(405,5,3,5,'3.7',1,3,6,1,16,1),(406,5,3,5,'3.9',1,3,6,1,16,1),(407,5,3,5,'4.05',1,3,6,1,16,1),(408,5,3,5,'4.25',1,3,6,1,16,1),(409,5,3,5,'4.45',1,3,6,1,16,1),(410,5,3,3,'5.4',1,3,6,1,13,1),(411,5,3,3,'5.85',1,3,6,1,12,1),(412,5,3,3,'6.3',1,3,6,1,11,1),(413,5,3,3,'6.8',1,3,6,1,10,1),(414,5,3,3,'7.35',1,3,6,1,9,1),(415,5,3,3,'7.65',1,3,6,1,8,1),(416,5,3,17,'2.1',1,3,6,1,16,1),(417,5,3,17,'2.35',1,3,6,1,16,1),(418,5,3,17,'2.5',1,3,6,1,16,1),(419,5,3,17,'2.7',1,3,6,1,16,1),(420,5,3,17,'2.9',1,3,6,1,16,1),(421,5,3,17,'3.1',1,3,6,1,16,1),(422,5,3,17,'3.3',1,3,6,1,16,1),(423,5,3,17,'3.5',1,3,6,1,16,1),(424,5,3,17,'3.7',1,3,6,1,16,1),(425,5,3,17,'3.7',1,3,6,1,16,1),(428,3,2,6,'4.7',7,3,1,1,13,1),(431,3,2,6,'4.9',1,3,1,1,12,1),(432,3,2,6,'5.1',1,3,1,1,11,1),(433,3,2,6,'5.4',1,3,1,1,10,1),(434,3,2,6,'6',1,3,1,1,9,1),(435,3,2,6,'6.1',1,3,1,1,8,1),(436,3,2,6,'6.5',1,3,1,1,7,1),(437,3,2,6,'6.8',1,3,1,1,6,1),(438,3,2,6,'7.2',1,3,1,1,5,1),(439,3,1,6,'4.7',1,3,1,1,13,1),(440,3,1,6,'4.7',1,3,1,1,12,1),(441,3,1,6,'4.9',1,3,1,1,11,1),(442,3,1,6,'5.1',1,3,1,1,10,1),(443,3,1,6,'5.4',1,3,1,1,9,1),(444,3,1,6,'5.6',1,3,1,1,7,1),(445,3,1,6,'6',1,3,1,1,6,1),(446,3,1,6,'6.5',1,3,1,1,5,1),(447,3,1,6,'6.8',1,3,1,1,4,1),(448,3,1,6,'6.2',1,3,1,1,3,1),(449,3,1,6,'6.6',1,3,1,1,2,1),(450,3,1,6,'6.6',1,3,1,1,1,1),(451,2,1,6,'3.6',1,3,6,1,16,1),(452,2,1,6,'4.2',1,3,5,1,16,1),(453,2,1,6,'4.6',1,3,2,1,16,1),(454,2,1,6,'5.1',1,3,1,1,16,1),(455,1,1,3,'5',1,3,1,1,13,1),(456,4,1,6,'5',1,3,1,2,16,1);
/*!40000 ALTER TABLE `tasa_asegur` ENABLE KEYS */;
UNLOCK TABLES;

--
-- Table structure for table `timon`
--

DROP TABLE IF EXISTS `timon`;
/*!40101 SET @saved_cs_client     = @@character_set_client */;
/*!40101 SET character_set_client = utf8 */;
CREATE TABLE `timon` (
  `id_timon` int(11) NOT NULL AUTO_INCREMENT,
  `name_tipo` varchar(20) NOT NULL,
  PRIMARY KEY (`id_timon`)
) ENGINE=InnoDB AUTO_INCREMENT=3 DEFAULT CHARSET=latin1;
/*!40101 SET character_set_client = @saved_cs_client */;

--
-- Dumping data for table `timon`
--

LOCK TABLES `timon` WRITE;
/*!40000 ALTER TABLE `timon` DISABLE KEYS */;
INSERT INTO `timon` VALUES (1,'Original'),(2,'Cambiado');
/*!40000 ALTER TABLE `timon` ENABLE KEYS */;
UNLOCK TABLES;

--
-- Table structure for table `uso`
--

DROP TABLE IF EXISTS `uso`;
/*!40101 SET @saved_cs_client     = @@character_set_client */;
/*!40101 SET character_set_client = utf8 */;
CREATE TABLE `uso` (
  `id_uso` int(11) NOT NULL AUTO_INCREMENT,
  `uso` varchar(50) NOT NULL,
  PRIMARY KEY (`id_uso`)
) ENGINE=InnoDB AUTO_INCREMENT=19 DEFAULT CHARSET=latin1;
/*!40101 SET character_set_client = @saved_cs_client */;

--
-- Dumping data for table `uso`
--

LOCK TABLES `uso` WRITE;
/*!40000 ALTER TABLE `uso` DISABLE KEYS */;
INSERT INTO `uso` VALUES (1,'Particular'),(2,'Comercial'),(3,'Urbano'),(4,'Interprovincial'),(5,'Transporte de Personal, Turistico, Escolar'),(6,'Alquiler'),(7,'Exhibición'),(8,'Traslado'),(9,'NA'),(13,'valor en auto - pero edita USO'),(15,'Ambulancia'),(16,'Brevete'),(17,'Carga'),(18,'Auto 0 Km');
/*!40000 ALTER TABLE `uso` ENABLE KEYS */;
UNLOCK TABLES;
/*!40103 SET TIME_ZONE=@OLD_TIME_ZONE */;

/*!40101 SET SQL_MODE=@OLD_SQL_MODE */;
/*!40014 SET FOREIGN_KEY_CHECKS=@OLD_FOREIGN_KEY_CHECKS */;
/*!40014 SET UNIQUE_CHECKS=@OLD_UNIQUE_CHECKS */;
/*!40101 SET CHARACTER_SET_CLIENT=@OLD_CHARACTER_SET_CLIENT */;
/*!40101 SET CHARACTER_SET_RESULTS=@OLD_CHARACTER_SET_RESULTS */;
/*!40101 SET COLLATION_CONNECTION=@OLD_COLLATION_CONNECTION */;
/*!40111 SET SQL_NOTES=@OLD_SQL_NOTES */;

-- Dump completed on 2016-03-11 18:23:16
