-- MySQL dump 10.13  Distrib 5.5.43, for debian-linux-gnu (x86_64)
--
-- Host: localhost    Database: cotizador
-- ------------------------------------------------------
-- Server version	5.5.43-0ubuntu0.14.04.1

/*!40101 SET @OLD_CHARACTER_SET_CLIENT=@@CHARACTER_SET_CLIENT */;
/*!40101 SET @OLD_CHARACTER_SET_RESULTS=@@CHARACTER_SET_RESULTS */;
/*!40101 SET @OLD_COLLATION_CONNECTION=@@COLLATION_CONNECTION */;
/*!40101 SET NAMES utf8 */;
/*!40103 SET @OLD_TIME_ZONE=@@TIME_ZONE */;
/*!40103 SET TIME_ZONE='+00:00' */;
/*!40014 SET @OLD_UNIQUE_CHECKS=@@UNIQUE_CHECKS, UNIQUE_CHECKS=0 */;
/*!40014 SET @OLD_FOREIGN_KEY_CHECKS=@@FOREIGN_KEY_CHECKS, FOREIGN_KEY_CHECKS=0 */;
/*!40101 SET @OLD_SQL_MODE=@@SQL_MODE, SQL_MODE='NO_AUTO_VALUE_ON_ZERO' */;
/*!40111 SET @OLD_SQL_NOTES=@@SQL_NOTES, SQL_NOTES=0 */;

--
-- Table structure for table `anio`
--

DROP TABLE IF EXISTS `anio`;
/*!40101 SET @saved_cs_client     = @@character_set_client */;
/*!40101 SET character_set_client = utf8 */;
CREATE TABLE `anio` (
  `id_anio` int(11) NOT NULL AUTO_INCREMENT,
  `anio_antig` int(11) NOT NULL,
  PRIMARY KEY (`id_anio`),
  KEY `anio_antig` (`anio_antig`)
) ENGINE=InnoDB AUTO_INCREMENT=26 DEFAULT CHARSET=latin1;
/*!40101 SET character_set_client = @saved_cs_client */;

--
-- Dumping data for table `anio`
--

LOCK TABLES `anio` WRITE;
/*!40000 ALTER TABLE `anio` DISABLE KEYS */;
INSERT INTO `anio` VALUES (24,0),(25,1000),(23,1994),(22,1995),(21,1996),(20,1997),(19,1998),(18,1999),(17,2000),(16,2001),(15,2002),(14,2003),(1,2004),(2,2005),(3,2006),(4,2007),(5,2008),(6,2009),(7,2010),(8,2011),(9,2012),(10,2013),(11,2014),(12,2015),(13,2016);
/*!40000 ALTER TABLE `anio` ENABLE KEYS */;
UNLOCK TABLES;

--
-- Table structure for table `aseguradora`
--

DROP TABLE IF EXISTS `aseguradora`;
/*!40101 SET @saved_cs_client     = @@character_set_client */;
/*!40101 SET character_set_client = utf8 */;
CREATE TABLE `aseguradora` (
  `id_asegurad` int(11) NOT NULL AUTO_INCREMENT,
  `name_asegurad` varchar(20) NOT NULL,
  PRIMARY KEY (`id_asegurad`),
  KEY `name_asegurad` (`name_asegurad`)
) ENGINE=InnoDB AUTO_INCREMENT=8 DEFAULT CHARSET=latin1;
/*!40101 SET character_set_client = @saved_cs_client */;

--
-- Dumping data for table `aseguradora`
--

LOCK TABLES `aseguradora` WRITE;
/*!40000 ALTER TABLE `aseguradora` DISABLE KEYS */;
INSERT INTO `aseguradora` VALUES (3,'HDI'),(1,'La Positiva'),(4,'Mapfre'),(7,'NA'),(2,'Pacifico'),(5,'Rimac'),(6,'Sura');
/*!40000 ALTER TABLE `aseguradora` ENABLE KEYS */;
UNLOCK TABLES;

--
-- Table structure for table `auth_group`
--

DROP TABLE IF EXISTS `auth_group`;
/*!40101 SET @saved_cs_client     = @@character_set_client */;
/*!40101 SET character_set_client = utf8 */;
CREATE TABLE `auth_group` (
  `id` int(11) NOT NULL AUTO_INCREMENT,
  `name` varchar(80) NOT NULL,
  PRIMARY KEY (`id`),
  UNIQUE KEY `name` (`name`)
) ENGINE=InnoDB DEFAULT CHARSET=latin1;
/*!40101 SET character_set_client = @saved_cs_client */;

--
-- Dumping data for table `auth_group`
--

LOCK TABLES `auth_group` WRITE;
/*!40000 ALTER TABLE `auth_group` DISABLE KEYS */;
/*!40000 ALTER TABLE `auth_group` ENABLE KEYS */;
UNLOCK TABLES;

--
-- Table structure for table `auth_group_permissions`
--

DROP TABLE IF EXISTS `auth_group_permissions`;
/*!40101 SET @saved_cs_client     = @@character_set_client */;
/*!40101 SET character_set_client = utf8 */;
CREATE TABLE `auth_group_permissions` (
  `id` int(11) NOT NULL AUTO_INCREMENT,
  `group_id` int(11) NOT NULL,
  `permission_id` int(11) NOT NULL,
  PRIMARY KEY (`id`),
  UNIQUE KEY `group_id` (`group_id`,`permission_id`),
  KEY `auth_group_permissions_5f412f9a` (`group_id`),
  KEY `auth_group_permissions_83d7f98b` (`permission_id`),
  CONSTRAINT `group_id_refs_id_f4b32aac` FOREIGN KEY (`group_id`) REFERENCES `auth_group` (`id`),
  CONSTRAINT `permission_id_refs_id_6ba0f519` FOREIGN KEY (`permission_id`) REFERENCES `auth_permission` (`id`)
) ENGINE=InnoDB DEFAULT CHARSET=latin1;
/*!40101 SET character_set_client = @saved_cs_client */;

--
-- Dumping data for table `auth_group_permissions`
--

LOCK TABLES `auth_group_permissions` WRITE;
/*!40000 ALTER TABLE `auth_group_permissions` DISABLE KEYS */;
/*!40000 ALTER TABLE `auth_group_permissions` ENABLE KEYS */;
UNLOCK TABLES;

--
-- Table structure for table `auth_permission`
--

DROP TABLE IF EXISTS `auth_permission`;
/*!40101 SET @saved_cs_client     = @@character_set_client */;
/*!40101 SET character_set_client = utf8 */;
CREATE TABLE `auth_permission` (
  `id` int(11) NOT NULL AUTO_INCREMENT,
  `name` varchar(50) NOT NULL,
  `content_type_id` int(11) NOT NULL,
  `codename` varchar(100) NOT NULL,
  PRIMARY KEY (`id`),
  UNIQUE KEY `content_type_id` (`content_type_id`,`codename`),
  KEY `auth_permission_37ef4eb4` (`content_type_id`),
  KEY `name` (`name`),
  CONSTRAINT `content_type_id_refs_id_d043b34a` FOREIGN KEY (`content_type_id`) REFERENCES `django_content_type` (`id`)
) ENGINE=InnoDB AUTO_INCREMENT=19 DEFAULT CHARSET=latin1;
/*!40101 SET character_set_client = @saved_cs_client */;

--
-- Dumping data for table `auth_permission`
--

LOCK TABLES `auth_permission` WRITE;
/*!40000 ALTER TABLE `auth_permission` DISABLE KEYS */;
INSERT INTO `auth_permission` VALUES (1,'Can add log entry',1,'add_logentry'),(2,'Can change log entry',1,'change_logentry'),(3,'Can delete log entry',1,'delete_logentry'),(4,'Can add permission',2,'add_permission'),(5,'Can change permission',2,'change_permission'),(6,'Can delete permission',2,'delete_permission'),(7,'Can add group',3,'add_group'),(8,'Can change group',3,'change_group'),(9,'Can delete group',3,'delete_group'),(10,'Can add user',4,'add_user'),(11,'Can change user',4,'change_user'),(12,'Can delete user',4,'delete_user'),(13,'Can add content type',5,'add_contenttype'),(14,'Can change content type',5,'change_contenttype'),(15,'Can delete content type',5,'delete_contenttype'),(16,'Can add session',6,'add_session'),(17,'Can change session',6,'change_session'),(18,'Can delete session',6,'delete_session');
/*!40000 ALTER TABLE `auth_permission` ENABLE KEYS */;
UNLOCK TABLES;

--
-- Table structure for table `auth_user`
--

DROP TABLE IF EXISTS `auth_user`;
/*!40101 SET @saved_cs_client     = @@character_set_client */;
/*!40101 SET character_set_client = utf8 */;
CREATE TABLE `auth_user` (
  `id` int(11) NOT NULL AUTO_INCREMENT,
  `password` varchar(128) NOT NULL,
  `last_login` datetime NOT NULL,
  `is_superuser` tinyint(1) NOT NULL,
  `username` varchar(30) NOT NULL,
  `first_name` varchar(30) NOT NULL,
  `last_name` varchar(30) NOT NULL,
  `email` varchar(75) NOT NULL,
  `is_staff` tinyint(1) NOT NULL,
  `is_active` tinyint(1) NOT NULL,
  `date_joined` datetime NOT NULL,
  PRIMARY KEY (`id`),
  UNIQUE KEY `username` (`username`),
  KEY `password` (`password`),
  KEY `last_login` (`last_login`),
  KEY `is_superuser` (`is_superuser`),
  KEY `first_name` (`first_name`),
  KEY `last_name` (`last_name`),
  KEY `email` (`email`),
  KEY `is_staff` (`is_staff`),
  KEY `is_active` (`is_active`),
  KEY `date_joined` (`date_joined`)
) ENGINE=InnoDB AUTO_INCREMENT=2 DEFAULT CHARSET=latin1;
/*!40101 SET character_set_client = @saved_cs_client */;

--
-- Dumping data for table `auth_user`
--

LOCK TABLES `auth_user` WRITE;
/*!40000 ALTER TABLE `auth_user` DISABLE KEYS */;
INSERT INTO `auth_user` VALUES (1,'pbkdf2_sha256$15000$g7sG47LSqdjL$6X0ofzKSRMaGYq7RVI0EsEommHLwunWvivzvq8nAWGo=','2016-02-16 23:37:56',1,'root','','','mayra.tananta.1@gmail.com',1,1,'2016-01-07 19:09:06');
/*!40000 ALTER TABLE `auth_user` ENABLE KEYS */;
UNLOCK TABLES;

--
-- Table structure for table `auth_user_groups`
--

DROP TABLE IF EXISTS `auth_user_groups`;
/*!40101 SET @saved_cs_client     = @@character_set_client */;
/*!40101 SET character_set_client = utf8 */;
CREATE TABLE `auth_user_groups` (
  `id` int(11) NOT NULL AUTO_INCREMENT,
  `user_id` int(11) NOT NULL,
  `group_id` int(11) NOT NULL,
  PRIMARY KEY (`id`),
  UNIQUE KEY `user_id` (`user_id`,`group_id`),
  KEY `auth_user_groups_6340c63c` (`user_id`),
  KEY `auth_user_groups_5f412f9a` (`group_id`),
  CONSTRAINT `group_id_refs_id_274b862c` FOREIGN KEY (`group_id`) REFERENCES `auth_group` (`id`),
  CONSTRAINT `user_id_refs_id_40c41112` FOREIGN KEY (`user_id`) REFERENCES `auth_user` (`id`)
) ENGINE=InnoDB DEFAULT CHARSET=latin1;
/*!40101 SET character_set_client = @saved_cs_client */;

--
-- Dumping data for table `auth_user_groups`
--

LOCK TABLES `auth_user_groups` WRITE;
/*!40000 ALTER TABLE `auth_user_groups` DISABLE KEYS */;
/*!40000 ALTER TABLE `auth_user_groups` ENABLE KEYS */;
UNLOCK TABLES;

--
-- Table structure for table `auth_user_user_permissions`
--

DROP TABLE IF EXISTS `auth_user_user_permissions`;
/*!40101 SET @saved_cs_client     = @@character_set_client */;
/*!40101 SET character_set_client = utf8 */;
CREATE TABLE `auth_user_user_permissions` (
  `id` int(11) NOT NULL AUTO_INCREMENT,
  `user_id` int(11) NOT NULL,
  `permission_id` int(11) NOT NULL,
  PRIMARY KEY (`id`),
  UNIQUE KEY `user_id` (`user_id`,`permission_id`),
  KEY `auth_user_user_permissions_6340c63c` (`user_id`),
  KEY `auth_user_user_permissions_83d7f98b` (`permission_id`),
  CONSTRAINT `permission_id_refs_id_35d9ac25` FOREIGN KEY (`permission_id`) REFERENCES `auth_permission` (`id`),
  CONSTRAINT `user_id_refs_id_4dc23c39` FOREIGN KEY (`user_id`) REFERENCES `auth_user` (`id`)
) ENGINE=InnoDB DEFAULT CHARSET=latin1;
/*!40101 SET character_set_client = @saved_cs_client */;

--
-- Dumping data for table `auth_user_user_permissions`
--

LOCK TABLES `auth_user_user_permissions` WRITE;
/*!40000 ALTER TABLE `auth_user_user_permissions` DISABLE KEYS */;
/*!40000 ALTER TABLE `auth_user_user_permissions` ENABLE KEYS */;
UNLOCK TABLES;

--
-- Table structure for table `categorias`
--

DROP TABLE IF EXISTS `categorias`;
/*!40101 SET @saved_cs_client     = @@character_set_client */;
/*!40101 SET character_set_client = utf8 */;
CREATE TABLE `categorias` (
  `id_categ` int(11) NOT NULL AUTO_INCREMENT,
  `categoria` varchar(100) NOT NULL,
  PRIMARY KEY (`id_categ`),
  KEY `categoria` (`categoria`)
) ENGINE=InnoDB AUTO_INCREMENT=4 DEFAULT CHARSET=latin1;
/*!40101 SET character_set_client = @saved_cs_client */;

--
-- Dumping data for table `categorias`
--

LOCK TABLES `categorias` WRITE;
/*!40000 ALTER TABLE `categorias` DISABLE KEYS */;
INSERT INTO `categorias` VALUES (1,'I'),(2,'II'),(3,'NA');
/*!40000 ALTER TABLE `categorias` ENABLE KEYS */;
UNLOCK TABLES;

--
-- Table structure for table `clase`
--

DROP TABLE IF EXISTS `clase`;
/*!40101 SET @saved_cs_client     = @@character_set_client */;
/*!40101 SET character_set_client = utf8 */;
CREATE TABLE `clase` (
  `id_clase` int(11) NOT NULL AUTO_INCREMENT,
  `clase` varchar(40) NOT NULL,
  PRIMARY KEY (`id_clase`),
  KEY `name_submod` (`clase`)
) ENGINE=InnoDB AUTO_INCREMENT=20 DEFAULT CHARSET=latin1;
/*!40101 SET character_set_client = @saved_cs_client */;

--
-- Dumping data for table `clase`
--

LOCK TABLES `clase` WRITE;
/*!40000 ALTER TABLE `clase` DISABLE KEYS */;
INSERT INTO `clase` VALUES (1,'Auto'),(2,'Camión'),(12,'Camioneta'),(5,'Microbus'),(9,'Minivan'),(15,'Motocicleta lineal'),(13,'NA'),(4,'Omnibus'),(7,'Panel'),(6,'Pick-UP'),(8,'Remolque'),(3,'Rural'),(16,'Rural A'),(19,'Semi-Remolque (Acoplados)'),(17,'ST.WAGON'),(18,'Tracto-Camiones'),(10,'Van');
/*!40000 ALTER TABLE `clase` ENABLE KEYS */;
UNLOCK TABLES;

--
-- Table structure for table `clase_modelo`
--

DROP TABLE IF EXISTS `clase_modelo`;
/*!40101 SET @saved_cs_client     = @@character_set_client */;
/*!40101 SET character_set_client = utf8 */;
CREATE TABLE `clase_modelo` (
  `id` int(11) NOT NULL AUTO_INCREMENT,
  `id_clase` int(11) DEFAULT NULL,
  `id_modelo` int(11) DEFAULT NULL,
  `valor` float DEFAULT NULL,
  `id_marca` int(100) DEFAULT NULL,
  PRIMARY KEY (`id`),
  KEY `id_clase` (`id_clase`,`id_modelo`),
  KEY `id_modelo` (`id_modelo`),
  KEY `valor` (`valor`),
  KEY `id_marca` (`id_marca`),
  CONSTRAINT `clase_modelo_ibfk_1` FOREIGN KEY (`id_clase`) REFERENCES `clase` (`id_clase`),
  CONSTRAINT `clase_modelo_ibfk_2` FOREIGN KEY (`id_modelo`) REFERENCES `modelo` (`id_model`),
  CONSTRAINT `clase_modelo_ibfk_3` FOREIGN KEY (`id_marca`) REFERENCES `marca` (`id_marca`)
) ENGINE=InnoDB AUTO_INCREMENT=2715 DEFAULT CHARSET=latin1;
/*!40101 SET character_set_client = @saved_cs_client */;

--
-- Dumping data for table `clase_modelo`
--

LOCK TABLES `clase_modelo` WRITE;
/*!40000 ALTER TABLE `clase_modelo` DISABLE KEYS */;
INSERT INTO `clase_modelo` VALUES (50,1,2102,1000,133),(51,4,627,0,91),(52,4,628,0,91),(53,4,629,0,91),(54,4,630,0,91),(55,4,631,0,91),(56,4,632,0,91),(57,4,633,0,91),(58,4,634,0,91),(59,4,635,0,91),(60,4,636,0,91),(61,4,637,0,91),(136,10,2545,0,91),(137,5,3268,0,91),(138,5,3269,0,91),(139,5,3270,0,91),(140,4,3271,0,91),(141,5,3272,0,91),(142,4,3273,0,91),(143,4,3274,0,91),(144,4,3275,0,91),(145,4,3276,0,91),(146,4,3277,0,91),(147,4,3277,0,91),(148,4,3278,0,91),(149,4,3279,0,91),(150,4,3279,0,91),(151,4,624,0,91),(152,4,625,0,91),(216,2,3129,0,138),(217,8,3130,0,138),(218,2,3131,0,65),(219,8,222,0,65),(220,3,222,0,20),(221,6,223,0,20),(222,3,223,0,20),(223,6,223,0,20),(224,1,3132,0,43),(225,1,3133,0,53),(226,1,3134,0,112),(227,4,3135,0,104),(228,1,3135,0,130),(229,4,496,0,53),(230,1,2088,0,40),(231,1,2088,0,40),(432,4,1432,0,71),(433,3,1432,0,70),(434,3,1432,0,141),(435,3,2090,0,117),(436,2,1549,0,32),(437,1,1132,0,138),(438,4,923,0,3),(439,17,1995,0,104),(440,6,929,0,111),(441,1,929,0,116),(442,1,929,0,20),(443,1,3337,0,49),(444,4,564,0,29),(445,1,564,0,105),(446,1,564,0,111),(447,2,564,0,120),(448,3,934,0,108),(449,3,1589,0,108),(450,1,818,0,138),(451,3,3140,0,105),(452,10,3140,0,138),(453,7,3140,0,138),(454,1,3140,0,5),(455,4,3140,0,102),(456,4,1830,0,102),(457,4,1445,0,102),(458,17,1445,0,103),(459,3,1323,0,103),(460,10,935,0,61),(461,1,47,0,63),(462,1,357,0,131),(463,1,3351,0,133),(464,2,3351,0,99),(465,8,3323,0,99),(466,2,3323,0,99),(467,8,3323,0,99),(468,2,2612,0,99),(469,1,1448,0,108),(470,2,108,0,62),(471,3,725,0,78),(472,10,399,0,134),(473,7,399,0,134),(474,2,1495,0,55),(475,1,2778,0,76),(476,1,2150,0,76),(477,1,2150,0,76),(478,3,2247,0,141),(479,10,2247,0,140),(480,7,2247,0,140),(481,10,2248,0,140),(482,7,2248,0,140),(483,1,1750,0,4),(484,2,1277,0,140),(485,1,2565,0,49),(486,10,2565,0,3),(487,1,1887,0,104),(488,1,1888,0,104),(489,17,2533,0,104),(490,1,2534,0,104),(491,1,2535,0,104),(492,1,2536,0,104),(493,17,350,0,104),(494,10,1562,0,20),(495,2,2979,0,3),(496,8,1370,0,3),(497,1,1370,0,74),(498,1,517,0,53),(499,1,517,0,112),(500,4,2029,0,104),(501,1,2095,0,43),(502,1,2096,0,15),(503,2,2097,0,49),(504,8,518,0,6),(505,5,2787,0,138),(506,1,2787,0,20),(507,1,2788,0,105),(508,1,2788,0,138),(509,17,2788,0,138),(510,2,489,0,120),(511,4,489,0,120),(512,1,489,0,111),(513,6,2076,0,134),(514,1,1526,0,80),(515,1,3815,0,47),(516,17,3816,0,33),(517,17,3817,0,33),(518,1,96,0,33),(519,2,2224,0,125),(520,8,2225,0,125),(521,1,712,0,104),(522,1,713,0,80),(523,1,1525,0,33),(524,4,2216,0,20),(525,8,3814,0,99),(526,2,3510,0,20),(527,2,2217,0,83),(528,3,2218,0,20),(529,6,2219,0,20),(530,4,2219,0,20),(531,2,1522,0,20),(532,2,2633,0,20),(533,8,2294,0,20),(534,2,1523,0,20),(535,8,2634,0,20),(536,8,2214,0,20),(537,3,2215,0,20),(538,6,2215,0,20),(539,10,1519,0,20),(540,7,1520,0,20),(541,1,2632,0,111),(542,1,696,0,54),(543,2,2213,0,11),(544,8,2213,0,11),(545,5,3075,0,59),(546,4,2630,0,59),(547,10,2777,0,135),(548,3,236,0,57),(549,10,2205,0,37),(550,7,2205,0,37),(551,10,2206,0,37),(552,7,2206,0,37),(553,3,2207,0,133),(554,6,2208,0,133),(555,1,2209,0,133),(556,1,2210,0,92),(557,2,2204,0,8),(558,1,2204,0,54),(559,6,91,0,128),(560,1,2211,0,9),(561,3,2211,0,9),(562,17,1517,0,133),(563,6,2212,0,20),(564,3,91,0,128),(565,2,2199,0,134),(566,4,1869,0,134),(567,1,2201,0,115),(568,1,2201,0,116),(569,1,2202,0,117),(570,2,3689,0,134),(571,1,2626,0,111),(572,1,2196,0,112),(573,4,2194,0,32),(574,5,3688,0,90),(575,10,2628,0,134),(576,2,3150,0,134),(577,2,2192,0,120),(578,8,1862,0,120),(579,1,1862,0,134),(580,2,1863,0,120),(581,4,1863,0,120),(582,2,2193,0,120),(583,2,1866,0,120),(584,2,1866,0,62),(585,7,1867,0,49),(586,1,1868,0,49),(587,2,3149,0,32),(588,2,2195,0,53),(589,2,2191,0,134),(590,4,3509,0,75),(591,1,2839,0,15),(592,4,906,0,55),(593,1,2967,0,20),(594,1,2967,0,20),(595,1,1415,0,103),(596,1,745,0,20),(597,10,745,0,11),(598,2,745,0,11),(599,2,745,0,138),(600,2,3795,0,84),(601,1,3705,0,9),(602,7,194,0,118),(603,1,194,0,113),(604,1,194,0,134),(605,3,2050,0,111),(606,17,941,0,111),(607,1,2499,0,76),(608,3,2499,0,33),(609,1,3671,0,103),(610,2,3672,0,120),(611,1,1504,0,108),(612,17,1504,0,20),(613,1,3421,0,111),(614,17,1843,0,111),(615,10,1843,0,80),(616,8,2782,0,99),(617,3,2063,0,97),(618,1,409,0,15),(619,4,3296,0,120),(620,3,140,0,9),(621,6,842,0,111),(622,2,3617,0,4),(623,8,2837,0,118),(624,1,2441,0,53),(625,1,955,0,15),(626,1,3504,0,11),(627,2,2906,0,55),(628,3,331,0,20),(629,3,947,0,80),(630,3,947,0,138),(631,1,1965,0,33),(632,1,2375,0,134),(633,6,880,0,65),(634,4,729,0,32),(635,2,729,0,120),(636,6,729,0,68),(637,17,1252,0,133),(638,10,1252,0,67),(639,17,1252,0,43),(640,10,1252,0,128),(641,1,1252,0,3),(642,1,1252,0,140),(643,1,1252,0,49),(644,7,1252,0,138),(645,1,361,0,116),(646,1,2721,0,115),(647,1,598,0,111),(648,17,598,0,111),(649,1,1253,0,53),(650,3,1626,0,47),(651,7,3710,0,47),(652,2,1769,0,11),(653,3,3068,0,134),(654,1,2902,0,111),(655,2,2902,0,138),(656,1,2039,0,76),(657,10,1667,0,65),(658,4,2356,0,2),(659,2,932,0,133),(660,17,3827,0,20),(661,8,3827,0,20),(662,8,2136,0,20),(663,7,2136,0,53),(664,6,2136,0,53),(665,2,1826,0,118),(666,2,1826,0,140),(667,6,1826,0,108),(668,1,1826,0,105),(669,1,2049,0,103),(670,8,570,0,55),(671,8,1325,0,77),(672,10,1325,0,138),(673,7,1449,0,138),(674,10,1450,0,138),(675,6,3660,0,108),(676,5,2431,0,138),(677,2,3533,0,4),(678,2,1594,0,61),(679,7,2261,0,49),(680,7,1068,0,3),(681,1,903,0,111),(682,17,903,0,111),(683,6,1534,0,49),(684,2,1744,0,75),(685,2,1098,0,138),(686,1,2962,0,128),(687,1,2463,0,5),(688,1,3243,0,104),(689,8,3243,0,62),(690,2,3243,0,62),(691,1,2466,0,104),(692,1,2466,0,118),(693,17,1367,0,20),(694,1,1367,0,108),(695,1,225,0,103),(696,1,225,0,20),(697,17,531,0,131),(698,1,532,0,5),(699,3,2241,0,103),(700,3,2241,0,103),(701,2,2241,0,78),(702,8,2241,0,99),(703,6,1371,0,3),(704,2,1371,0,77),(705,8,1417,0,77),(706,1,3432,0,113),(707,1,3432,0,74),(708,1,2084,0,78),(709,3,2084,0,49),(710,4,1502,0,138),(711,5,1502,0,138),(712,3,588,0,100),(713,1,588,0,140),(714,3,2268,0,77),(715,3,2541,0,131),(716,8,956,0,55),(717,8,1638,0,55),(718,2,3810,0,15),(719,2,2542,0,65),(720,1,2972,0,96),(721,10,326,0,84),(722,7,326,0,84),(723,1,48,0,105),(724,8,578,0,55),(725,5,2259,0,90),(726,1,2259,0,74),(727,1,1607,0,118),(728,1,1607,0,9),(729,8,1610,0,99),(730,2,1610,0,90),(731,8,1610,0,99),(732,17,1500,0,33),(733,1,1500,0,55),(734,1,3256,0,51),(735,1,3256,0,96),(736,6,3256,0,45),(737,6,3256,0,45),(738,2,3256,0,45),(739,6,1289,0,45),(740,5,1289,0,45),(741,2,1289,0,45),(742,6,3292,0,45),(743,2,1616,0,45),(744,2,1616,0,45),(745,1,1616,0,63),(746,1,3315,0,63),(747,10,2158,0,45),(748,7,3326,0,45),(749,10,587,0,45),(750,4,3327,0,45),(751,3,1291,0,103),(752,8,1291,0,99),(753,2,3215,0,140),(754,6,3215,0,108),(755,3,3498,0,138),(756,3,618,0,78),(757,6,618,0,78),(758,6,618,0,67),(759,6,3070,0,54),(760,1,1342,0,98),(761,7,3160,0,138),(762,1,3160,0,113),(763,2,543,0,139),(764,8,543,0,139),(765,2,544,0,99),(766,1,1816,0,40),(767,1,2126,0,140),(768,2,1440,0,140),(769,1,2574,0,3),(770,17,2574,0,3),(771,1,933,0,53),(772,5,2137,0,87),(773,1,1584,0,138),(774,17,1584,0,138),(775,4,2255,0,120),(776,4,565,0,55),(777,1,3322,0,15),(778,17,3322,0,15),(779,1,1614,0,34),(780,10,2164,0,3),(781,1,3674,0,134),(782,1,522,0,104),(783,1,1275,0,138),(784,1,159,0,20),(785,3,3597,0,118),(786,6,3597,0,118),(787,7,3398,0,131),(788,2,3826,0,80),(789,3,1827,0,98),(790,1,3828,0,98),(791,3,1828,0,104),(792,3,1828,0,104),(793,3,1829,0,104),(794,3,1671,0,104),(795,3,3049,0,104),(796,3,568,0,104),(797,3,568,0,100),(798,4,3532,0,29),(799,6,131,0,90),(800,5,1656,0,103),(801,17,1656,0,74),(802,1,1792,0,134),(803,17,1609,0,118),(804,1,1609,0,118),(805,1,404,0,104),(806,1,405,0,104),(807,8,334,0,139),(808,6,2249,0,140),(809,4,2004,0,50),(810,1,2007,0,107),(811,3,3483,0,1),(812,6,2264,0,49),(813,2,2264,0,49),(814,2,3495,0,84),(815,2,3501,0,79),(816,7,2179,0,79),(817,1,3146,0,111),(818,10,50,0,104),(819,1,50,0,11),(820,10,50,0,104),(821,2,3502,0,4),(822,7,2450,0,104),(823,10,2450,0,104),(824,2,2784,0,38),(825,7,322,0,104),(826,4,322,0,104),(827,1,322,0,138),(828,1,322,0,126),(829,4,322,0,75),(830,1,322,0,74),(831,5,3155,0,79),(832,4,3155,0,79),(833,5,2031,0,3),(834,2,2031,0,3),(835,8,2117,0,108),(836,6,499,0,65),(837,1,499,0,68),(838,2,499,0,120),(839,8,499,0,120),(840,8,1276,0,79),(841,10,1276,0,3),(842,2,2033,0,77),(843,3,3284,0,104),(844,3,3284,0,104),(845,8,3284,0,55),(846,1,3285,0,111),(847,3,3285,0,4),(848,1,3285,0,134),(849,6,2119,0,134),(850,1,2119,0,134),(851,17,1818,0,134),(852,1,1429,0,134),(853,10,1429,0,140),(854,7,1430,0,140),(855,4,1431,0,102),(856,1,3029,0,20),(857,17,41,0,20),(858,3,41,0,108),(859,1,719,0,116),(860,5,3445,0,75),(861,1,386,0,52),(862,1,388,0,131),(863,1,1719,0,138),(864,2,2009,0,120),(865,8,2009,0,120),(866,2,2572,0,120),(867,3,1825,0,104),(868,17,328,0,33),(869,1,2895,0,33),(870,1,2895,0,33),(871,3,3808,0,108),(872,8,1793,0,101),(873,3,619,0,138),(874,2,2085,0,75),(875,3,122,0,100),(876,1,3392,0,104),(877,2,3158,0,62),(878,8,3158,0,62),(879,8,2106,0,99),(880,2,2106,0,78),(881,2,164,0,120),(882,8,164,0,120),(883,2,164,0,129),(884,8,164,0,129),(885,8,1755,0,79),(886,1,2055,0,104),(887,1,2898,0,104),(888,1,2162,0,104),(889,1,3062,0,104),(890,1,3062,0,104),(891,1,3062,0,104),(892,2,2616,0,4),(893,1,2814,0,131),(894,2,2780,0,65),(895,2,2780,0,3),(896,8,1267,0,89),(897,1,1531,0,51),(898,2,3112,0,38),(899,1,346,0,104),(900,2,2876,0,84),(901,5,2693,0,133),(902,2,2693,0,133),(903,17,545,0,104),(904,1,545,0,104),(905,5,703,0,108),(906,3,3338,0,104),(907,3,3339,0,104),(908,1,2040,0,40),(909,6,3652,0,82),(910,3,559,0,4),(911,2,723,0,90),(912,2,42,0,110),(913,3,42,0,34),(914,1,42,0,118),(915,2,1791,0,84),(916,3,3706,0,118),(917,1,2705,0,118),(918,1,2705,0,113),(919,1,2575,0,20),(920,1,3914,0,138),(921,1,567,0,64),(922,4,567,0,75),(923,4,43,0,75),(924,2,1281,0,99),(925,5,1587,0,32),(926,1,1913,0,108),(927,4,1913,0,108),(928,8,1913,0,99),(929,8,1282,0,99),(930,2,2138,0,99),(931,8,2139,0,99),(932,2,2139,0,99),(933,1,791,0,103),(934,1,788,0,111),(935,2,789,0,99),(936,17,790,0,61),(937,10,2140,0,61),(938,7,2048,0,61),(939,10,2048,0,78),(940,7,44,0,78),(941,4,2576,0,29),(942,17,566,0,43),(943,1,707,0,72),(944,17,2141,0,72),(945,10,2141,0,69),(946,7,46,0,69),(947,2,3047,0,69),(948,1,1588,0,5),(949,1,1588,0,108),(950,4,2432,0,104),(951,4,2433,0,104),(952,4,2051,0,104),(953,6,2890,0,140),(954,1,2890,0,133),(955,7,2890,0,140),(956,1,943,0,90),(957,1,2263,0,33),(958,1,2263,0,127),(959,4,711,0,45),(960,1,1503,0,104),(961,5,1503,0,32),(962,7,3259,0,104),(963,1,2173,0,12),(964,6,2584,0,78),(965,10,2440,0,90),(966,2,2440,0,65),(967,1,2440,0,108),(968,7,197,0,69),(969,7,1447,0,45),(970,5,1447,0,45),(971,7,1546,0,38),(972,3,1341,0,78),(973,1,158,0,133),(974,17,1547,0,133),(975,8,717,0,77),(976,1,1960,0,20),(977,2,1960,0,73),(978,2,452,0,78),(979,1,2252,0,54),(980,1,2569,0,133),(981,2,2569,0,6),(982,8,2569,0,6),(983,1,2265,0,131),(984,3,2265,0,90),(985,6,1927,0,138),(986,2,1927,0,138),(987,1,1251,0,3),(988,1,333,0,133),(989,17,333,0,133),(990,10,614,0,140),(991,6,2720,0,133),(992,2,1622,0,84),(993,1,444,0,78),(994,1,196,0,3),(995,2,196,0,139),(996,2,446,0,120),(997,2,2723,0,49),(998,2,2275,0,101),(999,2,2376,0,73),(1000,6,868,0,103),(1001,1,869,0,105),(1002,3,870,0,32),(1003,7,870,0,32),(1004,6,872,0,32),(1005,5,872,0,32),(1006,4,477,0,55),(1007,6,477,0,103),(1008,1,2815,0,74),(1009,1,2277,0,112),(1010,6,1631,0,32),(1011,3,2278,0,138),(1012,17,2178,0,140),(1013,1,1257,0,55),(1014,17,1257,0,55),(1015,1,1265,0,133),(1016,1,884,0,68),(1017,10,39,0,115),(1018,1,39,0,104),(1019,1,39,0,104),(1020,1,2451,0,104),(1021,17,2451,0,104),(1022,3,1332,0,3),(1023,6,1332,0,3),(1024,2,2284,0,65),(1025,8,1741,0,65),(1026,2,1741,0,55),(1027,1,1639,0,121),(1028,4,626,0,91),(1029,2,946,0,99),(1030,3,3417,0,128),(1031,1,741,0,41),(1032,1,1613,0,103),(1033,1,1613,0,107),(1034,3,1613,0,5),(1035,3,1613,0,32),(1036,10,1613,0,32),(1037,1,1657,0,33),(1038,1,838,0,104),(1039,17,839,0,104),(1040,7,1615,0,45),(1041,17,2503,0,74),(1042,1,3380,0,111),(1043,1,400,0,63),(1044,6,2672,0,103),(1045,4,2672,0,55),(1046,2,2524,0,61),(1047,2,2524,0,61),(1048,2,2524,0,61),(1049,6,345,0,65),(1050,6,345,0,138),(1051,10,345,0,54),(1052,8,1091,0,89),(1053,1,1091,0,68),(1054,1,1093,0,51),(1055,2,1094,0,138),(1056,2,1094,0,65),(1057,1,1095,0,127),(1058,1,1096,0,57),(1059,2,1096,0,138),(1060,4,3389,0,79),(1061,1,620,0,90),(1062,2,3434,0,90),(1063,1,224,0,133),(1064,10,3852,0,45),(1065,6,1362,0,82),(1066,3,1362,0,82),(1067,1,1959,0,104),(1068,1,3727,0,104),(1069,1,1112,0,108),(1070,8,1131,0,111),(1071,2,1131,0,85),(1072,1,376,0,52),(1073,2,1452,0,73),(1074,10,2698,0,20),(1075,7,2698,0,20),(1076,17,1150,0,15),(1077,3,1151,0,74),(1078,2,1151,0,53),(1079,1,2987,0,93),(1080,1,3282,0,93),(1081,1,3282,0,108),(1082,1,1652,0,81),(1083,10,3196,0,114),(1084,6,3440,0,20),(1085,2,3703,0,75),(1086,8,3703,0,77),(1087,4,3703,0,120),(1088,1,3638,0,15),(1089,10,3638,0,15),(1090,7,3638,0,15),(1091,8,1421,0,62),(1092,2,1421,0,62),(1093,1,1423,0,118),(1094,4,1817,0,108),(1095,5,2118,0,29),(1096,1,1154,0,63),(1097,1,1155,0,130),(1098,17,1156,0,130),(1099,3,1157,0,104),(1100,3,1158,0,104),(1101,3,339,0,104),(1102,3,3539,0,104),(1103,3,1895,0,104),(1104,1,1895,0,103),(1105,3,1896,0,104),(1106,1,1897,0,42),(1107,3,1897,0,104),(1108,3,3285,0,104),(1109,3,3285,0,104),(1110,3,1819,0,82),(1111,6,1819,0,82),(1112,1,1160,0,116),(1113,1,3650,0,105),(1114,17,3250,0,5),(1115,3,3250,0,131),(1116,3,857,0,118),(1117,3,3447,0,138),(1118,3,3370,0,131),(1119,3,3371,0,49),(1120,3,1997,0,82),(1121,1,1997,0,15),(1122,1,1997,0,140),(1123,1,1166,0,96),(1124,1,1167,0,51),(1125,1,1168,0,33),(1126,1,1169,0,133),(1127,1,930,0,111),(1128,1,340,0,68),(1129,3,1171,0,96),(1130,3,1172,0,63),(1131,3,1173,0,67),(1132,7,1174,0,67),(1133,5,1570,0,2),(1134,4,2750,0,2),(1135,5,3448,0,140),(1136,2,3448,0,140),(1137,1,1748,0,40),(1138,1,3529,0,40),(1139,2,2482,0,140),(1140,10,2482,0,84),(1141,5,3794,0,84),(1142,3,3794,0,68),(1143,3,2120,0,141),(1144,3,2610,0,68),(1145,3,1749,0,68),(1146,5,555,0,71),(1147,10,555,0,84),(1148,7,1731,0,84),(1149,5,1731,0,84),(1150,6,2882,0,111),(1151,3,3449,0,133),(1152,4,704,0,77),(1153,2,3607,0,77),(1154,2,1790,0,140),(1155,2,809,0,140),(1156,2,3307,0,140),(1157,2,756,0,140),(1158,2,3199,0,140),(1159,2,3200,0,140),(1160,2,2662,0,140),(1161,2,2122,0,80),(1162,1,2124,0,140),(1163,17,2125,0,140),(1164,1,3761,0,51),(1165,4,385,0,102),(1166,10,387,0,87),(1167,3,389,0,131),(1168,1,2809,0,130),(1169,5,2002,0,50),(1171,2,2752,0,90),(1172,10,1821,0,108),(1173,7,1821,0,108),(1174,6,2253,0,108),(1175,2,1575,0,78),(1176,8,2646,0,20),(1177,8,2646,0,20),(1178,2,621,0,20),(1179,8,2760,0,20),(1180,2,2761,0,89),(1181,2,2762,0,120),(1441,2,2085,0,75),(1442,3,122,0,100),(1443,1,3392,0,104),(1444,2,3158,0,62),(1445,8,3158,0,62),(1446,8,2106,0,99),(1447,2,2106,0,78),(1448,2,164,0,120),(1449,8,164,0,120),(1450,2,164,0,129),(1451,8,164,0,129),(1452,8,1755,0,79),(1453,1,2055,0,104),(1454,1,2898,0,104),(1455,1,2162,0,104),(1456,1,3062,0,104),(1457,1,3062,0,104),(1458,1,3062,0,104),(1459,2,2616,0,4),(1460,1,2814,0,131),(1461,2,2780,0,65),(1462,2,2780,0,3),(1463,8,1267,0,89),(1464,1,1531,0,51),(1465,2,3112,0,38),(1466,1,346,0,104),(1467,2,2876,0,84),(1468,5,2693,0,133),(1469,2,2693,0,133),(1470,17,545,0,104),(1471,1,545,0,104),(1472,5,703,0,108),(1473,3,3338,0,104),(1474,3,3339,0,104),(1475,1,2040,0,40),(1476,6,3652,0,82),(1477,3,559,0,4),(1478,2,723,0,90),(1479,2,42,0,110),(1480,3,42,0,34),(1481,1,42,0,118),(1482,2,1791,0,84),(1483,3,3706,0,118),(1484,1,2705,0,118),(1485,1,2705,0,113),(1486,1,2575,0,20),(1487,1,3914,0,138),(1488,1,567,0,64),(1489,4,567,0,75),(1490,4,43,0,75),(1491,2,1281,0,99),(1492,5,1587,0,32),(1493,1,1913,0,108),(1494,4,1913,0,108),(1495,8,1913,0,99),(1496,8,1282,0,99),(1497,2,2138,0,99),(1498,8,2139,0,99),(1499,2,2139,0,99),(1500,1,791,0,103),(1501,1,788,0,111),(1502,2,789,0,99),(1503,17,790,0,61),(1504,10,2140,0,61),(1505,7,2048,0,61),(1506,10,2048,0,78),(1507,7,44,0,78),(1508,4,2576,0,29),(1509,17,566,0,43),(1510,1,707,0,72),(1511,17,2141,0,72),(1512,10,2141,0,69),(1513,7,46,0,69),(1514,2,3047,0,69),(1515,1,1588,0,5),(1516,1,1588,0,108),(1517,4,2432,0,104),(1518,4,2433,0,104),(1519,4,2051,0,104),(1520,6,2890,0,140),(1521,1,2890,0,133),(1522,7,2890,0,140),(1523,1,943,0,90),(1524,1,2263,0,33),(1525,1,2263,0,127),(1526,4,711,0,45),(1527,1,1503,0,104),(1528,5,1503,0,32),(1529,7,3259,0,104),(1530,1,2173,0,12),(1531,6,2584,0,78),(1532,10,2440,0,90),(1533,2,2440,0,65),(1534,1,2440,0,108),(1535,7,197,0,69),(1536,7,1447,0,45),(1537,5,1447,0,45),(1538,7,1546,0,38),(1539,3,1341,0,78),(1540,1,158,0,133),(1541,17,1547,0,133),(1542,8,717,0,77),(1543,1,1960,0,20),(1544,2,1960,0,73),(1545,2,452,0,78),(1546,1,2252,0,54),(1547,1,2569,0,133),(1548,2,2569,0,6),(1549,8,2569,0,6),(1550,1,2265,0,131),(1551,3,2265,0,90),(1552,6,1927,0,138),(1553,2,1927,0,138),(1554,1,1251,0,3),(1555,1,333,0,133),(1556,17,333,0,133),(1557,10,614,0,140),(1558,6,2720,0,133),(1559,2,1622,0,84),(1560,1,444,0,78),(1561,1,196,0,3),(1562,2,196,0,139),(1563,2,446,0,120),(1564,2,2723,0,49),(1565,2,2275,0,101),(1566,2,2376,0,73),(1567,6,868,0,103),(1568,1,869,0,105),(1569,3,870,0,32),(1570,7,870,0,32),(1571,6,872,0,32),(1572,5,872,0,32),(1573,4,477,0,55),(1574,6,477,0,103),(1575,1,2815,0,74),(1576,1,2277,0,112),(1577,6,1631,0,32),(1578,3,2278,0,138),(1579,17,2178,0,140),(1580,1,1257,0,55),(1581,17,1257,0,55),(1582,1,1265,0,133),(1583,1,884,0,68),(1584,10,39,0,115),(1585,1,39,0,104),(1586,1,39,0,104),(1587,1,2451,0,104),(1588,17,2451,0,104),(1589,3,1332,0,3),(1590,6,1332,0,3),(1591,2,2284,0,65),(1592,8,1741,0,65),(1593,2,1741,0,55),(1594,1,1639,0,121),(1595,4,626,0,91),(1596,2,946,0,99),(1597,3,3417,0,128),(1598,1,741,0,41),(1599,1,1613,0,103),(1600,1,1613,0,107),(1601,3,1613,0,5),(1602,3,1613,0,32),(1603,10,1613,0,32),(1604,1,1657,0,33),(1605,1,838,0,104),(1606,17,839,0,104),(1607,7,1615,0,45),(1608,17,2503,0,74),(1609,1,3380,0,111),(1610,1,400,0,63),(1611,6,2672,0,103),(1612,4,2672,0,55),(1613,2,2524,0,61),(1614,2,2524,0,61),(1615,2,2524,0,61),(1616,6,345,0,65),(1617,6,345,0,138),(1618,10,345,0,54),(1619,8,1091,0,89),(1620,1,1091,0,68),(1621,1,1093,0,51),(1622,2,1094,0,138),(1623,2,1094,0,65),(1624,1,1095,0,127),(1625,1,1096,0,57),(1626,2,1096,0,138),(1627,4,3389,0,79),(1628,1,620,0,90),(1629,2,3434,0,90),(1630,1,224,0,133),(1631,10,3852,0,45),(1632,6,1362,0,82),(1633,3,1362,0,82),(1634,1,1959,0,104),(1635,1,3727,0,104),(1636,1,1112,0,108),(1637,8,1131,0,111),(1638,2,1131,0,85),(1640,2,1452,0,73),(1641,10,2698,0,20),(1642,7,2698,0,20),(1643,17,1150,0,15),(1644,3,1151,0,74),(1645,2,1151,0,53),(1646,1,2987,0,93),(1647,1,3282,0,93),(1648,1,3282,0,108),(1649,1,1652,0,81),(1650,10,3196,0,114),(1651,6,3440,0,20),(1653,8,3703,0,77),(1654,4,3703,0,120),(1655,1,3638,0,15),(1656,10,3638,0,15),(1657,7,3638,0,15),(1658,8,1421,0,62),(1659,2,1421,0,62),(1660,1,1423,0,118),(1661,4,1817,0,108),(1662,5,2118,0,29),(1663,1,1154,0,63),(1664,1,1155,0,130),(1665,17,1156,0,130),(1666,3,1157,0,104),(1667,3,1158,0,104),(1668,3,339,0,104),(1669,3,3539,0,104),(1670,3,1895,0,104),(1671,1,1895,0,103),(1672,3,1896,0,104),(1673,1,1897,0,42),(1674,3,1897,0,104),(1675,3,3285,0,104),(1676,3,3285,0,104),(1677,3,1819,0,82),(1678,6,1819,0,82),(1679,1,1160,0,116),(1680,1,3650,0,105),(1681,17,3250,0,5),(1682,3,3250,0,131),(1683,3,857,0,118),(1684,3,3447,0,138),(1685,3,3370,0,131),(1686,3,3371,0,49),(1687,3,1997,0,82),(1688,1,1997,0,15),(1689,1,1997,0,140),(1690,1,1166,0,96),(1691,1,1167,0,51),(1692,1,1168,0,33),(1693,1,1169,0,133),(1694,1,930,0,111),(1695,1,340,0,68),(1696,3,1171,0,96),(1697,3,1172,0,63),(1698,3,1173,0,67),(1699,7,1174,0,67),(1700,5,1570,0,2),(1701,4,2750,0,2),(1702,5,3448,0,140),(1703,2,3448,0,140),(1704,1,1748,0,40),(1705,1,3529,0,40),(1706,2,2482,0,140),(1707,10,2482,0,84),(1708,5,3794,0,84),(1709,3,3794,0,68),(1710,3,2120,0,141),(1711,3,2610,0,68),(1712,3,1749,0,68),(1713,5,555,0,71),(1714,10,555,0,84),(1715,7,1731,0,84),(1716,5,1731,0,84),(1717,6,2882,0,111),(1718,3,3449,0,133),(1719,4,704,0,77),(1720,2,3607,0,77),(1721,2,1790,0,140),(1722,2,809,0,140),(1723,2,3307,0,140),(1724,2,756,0,140),(1725,2,3199,0,140),(1726,2,3200,0,140),(1727,2,2662,0,140),(1728,2,2122,0,80),(1729,1,2124,0,140),(1730,17,2125,0,140),(1731,1,3761,0,51),(1732,4,385,0,102),(1733,10,387,0,87),(1734,3,389,0,131),(1735,1,2809,0,130),(1736,5,2002,0,50),(1738,2,2752,0,90),(1739,10,1821,0,108),(1740,7,1821,0,108),(1741,6,2253,0,108),(1742,2,1575,0,78),(1743,8,2646,0,20),(1744,8,2646,0,20),(1745,2,621,0,20),(1746,8,2760,0,20),(1747,2,2761,0,89),(1748,2,2762,0,120),(2008,6,490,0,103),(2009,1,799,0,74),(2010,5,799,0,111),(2011,4,1977,0,111),(2012,3,1977,0,100),(2013,3,414,0,82),(2014,3,413,0,82),(2015,3,2604,0,82),(2016,6,2603,0,138),(2017,1,1363,0,63),(2018,2,2099,0,111),(2019,1,3785,0,104),(2020,1,3785,0,104),(2021,8,521,0,62),(2022,2,521,0,99),(2023,8,521,0,20),(2024,2,521,0,101),(2025,1,521,0,104),(2026,1,521,0,104),(2027,1,521,0,104),(2028,1,521,0,104),(2029,1,523,0,104),(2030,1,3435,0,90),(2031,3,3393,0,104),(2032,1,3791,0,107),(2033,1,3791,0,20),(2034,7,716,0,3),(2035,17,2734,0,49),(2036,2,753,0,49),(2037,6,3631,0,79),(2038,3,2112,0,118),(2039,1,1894,0,126),(2040,8,2342,0,62),(2041,1,2342,0,138),(2042,6,1422,0,138),(2043,1,2343,0,43),(2044,1,2344,0,68),(2045,8,2481,0,62),(2046,2,3648,0,73),(2047,2,3425,0,140),(2048,8,3450,0,140),(2049,2,3450,0,140),(2050,2,3341,0,44),(2051,8,3343,0,44),(2052,8,3342,0,44),(2053,8,3342,0,44),(2054,1,315,0,80),(2055,2,316,0,80),(2056,5,3452,0,80),(2057,6,3824,0,80),(2058,2,3824,0,80),(2059,6,3308,0,80),(2060,2,3308,0,80),(2061,2,317,0,80),(2062,2,3453,0,80),(2063,2,3309,0,80),(2064,2,317,0,80),(2065,2,331,0,80),(2066,2,3344,0,80),(2067,2,3345,0,80),(2068,2,3346,0,80),(2069,5,3311,0,80),(2070,5,114,0,80),(2071,5,3454,0,80),(2072,5,3455,0,80),(2073,4,3455,0,80),(2074,4,3456,0,80),(2075,3,3457,0,138),(2076,7,3458,0,138),(2077,10,3459,0,133),(2078,7,3460,0,133),(2079,5,3460,0,133),(2080,2,3461,0,133),(2081,10,3462,0,5),(2082,7,3463,0,5),(2083,6,3464,0,5),(2084,8,3465,0,79),(2085,3,3465,0,133),(2086,3,3466,0,133),(2087,6,3467,0,133),(2088,5,3468,0,80),(2089,2,3728,0,44),(2090,2,3729,0,44),(2091,2,3729,0,44),(2092,2,3730,0,44),(2093,2,3730,0,44),(2094,6,3731,0,114),(2095,2,3731,0,125),(2096,6,3732,0,78),(2097,10,3733,0,111),(2098,7,3734,0,111),(2099,1,3735,0,11),(2100,10,3736,0,45),(2101,3,3737,0,74),(2102,1,3738,0,115),(2103,3,3740,0,68),(2104,6,3741,0,68),(2105,2,3742,0,125),(2106,8,3743,0,125),(2107,1,3744,0,63),(2108,6,3745,0,63),(2109,1,3746,0,74),(2110,17,3747,0,74),(2111,3,3748,0,74),(2112,1,3749,0,72),(2113,6,3750,0,85),(2114,3,3750,0,1),(2115,1,3751,0,93),(2116,3,3752,0,141),(2117,3,3753,0,57),(2118,6,3754,0,57),(2119,6,3755,0,57),(2120,2,556,0,57),(2121,2,556,0,57),(2122,6,2123,0,57),(2123,3,2123,0,57),(2124,6,2123,0,57),(2125,3,2123,0,57),(2126,1,2611,0,78),(2127,1,2611,0,140),(2128,1,2611,0,140),(2129,3,3756,0,140),(2130,1,3757,0,9),(2131,1,3758,0,122),(2132,1,3759,0,122),(2133,1,3760,0,122),(2134,17,3871,0,51),(2135,3,3872,0,15),(2136,1,1956,0,138),(2137,1,3651,0,130),(2138,17,1572,0,130),(2139,1,1572,0,130),(2140,1,423,0,130),(2141,1,3401,0,130),(2142,1,3401,0,130),(2143,1,2485,0,130),(2144,1,3312,0,130),(2145,1,3312,0,130),(2146,1,1957,0,130),(2147,1,1957,0,78),(2148,1,3201,0,74),(2149,1,3201,0,74),(2150,1,3402,0,34),(2151,1,3402,0,74),(2152,4,3402,0,104),(2153,17,720,0,138),(2154,3,3428,0,133),(2155,1,2396,0,121),(2156,1,2396,0,96),(2157,10,2397,0,133),(2158,1,2398,0,93),(2159,1,2399,0,133),(2160,1,3420,0,104),(2161,2,3382,0,84),(2162,2,3834,0,89),(2163,8,3845,0,89),(2164,2,2438,0,101),(2165,4,2597,0,65),(2166,10,860,0,69),(2167,1,2504,0,104),(2168,1,2504,0,104),(2169,4,2505,0,101),(2170,1,2270,0,104),(2171,2,3661,0,78),(2172,4,3661,0,78),(2173,2,3661,0,78),(2174,2,3661,0,78),(2175,6,2411,0,111),(2176,1,2412,0,111),(2177,4,2144,0,104),(2178,1,1208,0,63),(2179,17,1209,0,15),(2180,10,1210,0,15),(2181,7,1211,0,15),(2182,10,1212,0,86),(2183,4,1213,0,102),(2184,3,3412,0,111),(2185,1,49,0,90),(2186,3,1611,0,49),(2187,1,3670,0,98),(2188,1,2425,0,104),(2189,1,2425,0,104),(2190,1,2425,0,104),(2191,3,3325,0,11),(2192,1,3060,0,43),(2193,2,3060,0,73),(2194,2,3060,0,44),(2195,1,2045,0,41),(2196,4,2490,0,104),(2197,8,864,0,20),(2198,1,458,0,98),(2199,6,459,0,98),(2200,1,813,0,20),(2201,17,814,0,20),(2202,6,815,0,138),(2203,10,815,0,116),(2204,1,816,0,138),(2205,1,816,0,105),(2206,3,2402,0,78),(2207,8,1284,0,55),(2208,8,2363,0,53),(2209,6,2363,0,111),(2210,2,2364,0,138),(2211,5,2364,0,138),(2212,4,2365,0,78),(2213,8,2184,0,89),(2214,8,2818,0,89),(2215,8,2452,0,89),(2216,17,2452,0,10),(2217,10,1268,0,131),(2218,17,1268,0,82),(2219,3,2185,0,82),(2220,1,2384,0,9),(2221,3,2384,0,9),(2222,1,2587,0,81),(2223,1,2724,0,133),(2224,1,2724,0,33),(2225,2,2512,0,78),(2226,10,2018,0,15),(2227,4,2446,0,104),(2228,2,1509,0,104),(2229,4,2019,0,140),(2230,17,844,0,15),(2231,3,3500,0,15),(2232,7,1510,0,15),(2233,1,3294,0,133),(2234,3,3295,0,133),(2235,4,2660,0,55),(2236,1,2178,0,93),(2237,7,182,0,79),(2238,2,3679,0,4),(2239,10,3680,0,104),(2240,10,845,0,4),(2241,2,846,0,78),(2242,2,848,0,78),(2243,10,2513,0,105),(2244,7,2513,0,105),(2245,1,2513,0,133),(2246,1,2513,0,3),(2247,8,1674,0,99),(2248,10,1674,0,104),(2249,3,2282,0,131),(2250,5,3715,0,102),(2251,10,1845,0,69),(2252,2,1946,0,69),(2253,10,953,0,90),(2254,10,883,0,111),(2255,7,883,0,111),(2256,2,883,0,111),(2257,2,954,0,20),(2258,10,3423,0,3),(2259,7,1659,0,3),(2260,10,1770,0,118),(2261,7,2586,0,118),(2262,6,2618,0,138),(2263,2,2781,0,101),(2264,2,2276,0,101),(2265,8,3066,0,101),(2266,3,3066,0,100),(2267,5,3067,0,138),(2268,4,3067,0,138),(2269,1,1932,0,140),(2270,8,2619,0,99),(2271,2,3496,0,103),(2272,6,3145,0,111),(2273,1,3260,0,34),(2274,2,1627,0,78),(2275,2,1627,0,78),(2277,1,2439,0,122),(2278,4,3497,0,102),(2279,4,2585,0,104),(2280,3,1628,0,116),(2281,3,1629,0,134),(2282,2,615,0,77),(2283,3,615,0,49),(2284,10,615,0,49),(2285,10,615,0,133),(2286,7,615,0,133),(2287,1,87,0,98),(2288,3,87,0,32),(2289,7,3677,0,32),(2290,1,2274,0,133),(2291,17,2274,0,133),(2292,17,2510,0,15),(2293,1,950,0,111),(2294,2,951,0,79),(2295,1,951,0,116),(2296,17,2509,0,20),(2297,4,1625,0,84),(2298,2,1625,0,84),(2299,2,3494,0,84),(2300,8,2059,0,89),(2301,1,1926,0,117),(2302,6,1926,0,134),(2303,1,206,0,20),(2304,1,445,0,81),(2305,3,3492,0,138),(2308,1,2169,0,41),(2309,1,2169,0,10),(2310,17,3293,0,10),(2311,17,1986,0,116),(2312,5,2940,0,80),(2313,6,195,0,61),(2314,4,2617,0,140),(2315,10,3214,0,131),(2316,7,2170,0,131),(2317,2,3830,0,73),(2318,10,3709,0,45),(2319,1,3422,0,126),(2320,7,3422,0,45),(2321,1,362,0,133),(2322,1,597,0,15),(2323,6,1623,0,15),(2324,6,1623,0,108),(2325,2,1623,0,79),(2326,8,1623,0,79),(2327,1,1623,0,49),(2328,1,2896,0,104),(2329,2,134,0,45),(2330,6,134,0,65),(2331,1,134,0,33),(2332,3,134,0,80),(2333,1,2266,0,33),(2334,1,191,0,115),(2335,4,3488,0,65),(2336,10,3489,0,138),(2337,1,3616,0,49),(2338,1,401,0,104),(2339,1,1250,0,49),(2340,1,1925,0,40),(2341,1,1757,0,138),(2342,7,3491,0,3),(2343,1,727,0,103),(2344,1,1984,0,47),(2345,17,169,0,3),(2346,3,1612,0,3),(2347,1,827,0,41),(2348,2,2154,0,78),(2349,1,2708,0,74),(2350,1,1915,0,130),(2351,2,1962,0,120),(2352,1,1962,0,107),(2353,2,3482,0,78),(2354,3,785,0,53),(2355,2,569,0,77),(2356,2,569,0,55),(2357,2,1286,0,138),(2358,17,3189,0,118),(2359,10,2256,0,45),(2360,1,2256,0,140),(2361,1,1287,0,108),(2362,1,1493,0,112),(2363,2,3478,0,58),(2364,2,2257,0,58),(2365,1,1912,0,9),(2366,3,1912,0,68),(2367,1,1987,0,9),(2368,4,1988,0,32),(2369,1,1989,0,9),(2370,2,3043,0,29),(2371,5,3043,0,29),(2372,4,3044,0,29),(2373,3,3044,0,117),(2374,1,3045,0,90),(2375,2,3046,0,79),(2376,5,1751,0,71),(2377,4,163,0,31),(2378,1,2121,0,140),(2379,8,1571,0,140),(2380,4,1176,0,78),(2381,2,2250,0,90),(2382,2,2250,0,90),(2383,2,105,0,118),(2384,2,3110,0,138),(2385,10,2570,0,97),(2386,2,1578,0,97),(2387,6,1439,0,140),(2388,5,931,0,73),(2389,8,1582,0,77),(2390,1,1583,0,90),(2391,2,1583,0,20),(2392,8,1583,0,20),(2393,3,129,0,94),(2394,2,863,0,20),(2395,1,810,0,103),(2396,17,1909,0,111),(2397,10,3040,0,69),(2398,7,3041,0,69),(2399,3,3041,0,96),(2400,3,3610,0,104),(2401,3,3610,0,104),(2402,3,453,0,76),(2403,10,1569,0,65),(2404,1,1569,0,76),(2405,3,3026,0,67),(2406,10,3027,0,67),(2407,7,1427,0,67),(2408,17,2595,0,108),(2409,2,3182,0,90),(2410,6,3183,0,111),(2411,2,3184,0,78),(2412,1,3185,0,121),(2413,6,2991,0,20),(2414,1,1567,0,20),(2415,17,1567,0,20),(2416,6,1567,0,20),(2417,4,2831,0,140),(2418,2,3017,0,55),(2419,8,3017,0,55),(2420,2,3017,0,108),(2421,2,3400,0,55),(2422,8,3399,0,55),(2423,2,3177,0,73),(2424,10,550,0,20),(2425,4,2680,0,138),(2426,2,2680,0,3),(2427,2,1649,0,3),(2428,3,2479,0,108),(2429,1,2479,0,3),(2430,17,2479,0,3),(2431,3,2692,0,94),(2432,10,1651,0,15),(2433,7,1651,0,15),(2434,10,1651,0,130),(2435,2,1651,0,3),(2436,2,1651,0,3),(2437,8,1651,0,3),(2438,1,2746,0,15),(2439,17,2746,0,15),(2440,3,2745,0,3),(2441,1,189,0,104),(2442,7,2878,0,20),(2443,10,2878,0,103),(2444,7,2878,0,103),(2445,2,2878,0,103),(2446,10,2110,0,103),(2447,2,3598,0,4),(2448,10,3357,0,111),(2449,4,2032,0,120),(2450,1,2874,0,104),(2451,1,1100,0,118),(2452,1,1101,0,104),(2453,1,524,0,104),(2454,1,3516,0,104),(2455,1,3390,0,104),(2456,1,3390,0,104),(2457,1,3390,0,104),(2458,1,3390,0,104),(2459,1,2733,0,104),(2460,1,3593,0,104),(2461,6,2966,0,61),(2462,17,2468,0,107),(2463,1,526,0,133),(2464,1,1364,0,49),(2465,1,1364,0,3),(2466,17,1364,0,3),(2467,1,1364,0,134),(2468,1,1364,0,138),(2469,17,1364,0,138),(2470,17,2101,0,20),(2471,17,3394,0,20),(2472,7,2968,0,68),(2473,10,781,0,134),(2474,7,2970,0,134),(2475,1,2471,0,138),(2476,17,2471,0,138),(2477,3,2471,0,74),(2478,1,2973,0,111),(2479,1,2973,0,131),(2480,17,1366,0,112),(2481,1,1346,0,112),(2482,17,3436,0,112),(2483,17,2732,0,111),(2484,1,514,0,111),(2485,1,2236,0,41),(2486,1,1743,0,104),(2487,4,1533,0,55),(2488,1,3431,0,111),(2489,4,715,0,55),(2490,2,780,0,38),(2491,6,2871,0,38),(2492,6,2460,0,138),(2493,2,916,0,138),(2494,2,3300,0,111),(2495,1,2081,0,51),(2496,2,3388,0,104),(2497,6,3632,0,108),(2498,6,3633,0,3),(2499,10,3822,0,53),(2501,1,1885,0,130),(2502,17,187,0,130),(2503,8,3635,0,99),(2504,1,3191,0,140),(2505,3,3192,0,131),(2506,1,3193,0,96),(2507,3,3194,0,43),(2508,3,3195,0,20),(2509,7,1565,0,20),(2510,6,806,0,20),(2511,7,1812,0,114),(2512,4,469,0,108),(2513,8,3018,0,55),(2514,8,3018,0,55),(2515,17,3018,0,133),(2516,3,3360,0,133),(2517,1,1080,0,68),(2518,1,1080,0,55),(2519,1,1081,0,127),(2520,1,1081,0,57),(2521,7,1082,0,4),(2522,1,1082,0,55),(2523,2,1083,0,138),(2524,6,1084,0,138),(2525,2,1084,0,138),(2526,2,1085,0,65),(2527,10,1085,0,4),(2528,1,1086,0,51),(2529,17,1086,0,51),(2530,3,1087,0,51),(2531,2,1088,0,138),(2532,1,1088,0,55),(2533,1,1089,0,51),(2534,2,1089,0,138),(2535,2,1090,0,89),(2536,1,1092,0,127),(2537,6,1092,0,65),(2538,2,2789,0,4),(2539,10,2791,0,49),(2540,7,2792,0,49),(2541,10,2793,0,3),(2542,7,2794,0,3),(2543,10,2795,0,111),(2544,7,2795,0,111),(2545,17,2797,0,113),(2546,1,2798,0,134),(2547,1,2799,0,115),(2548,1,3821,0,118),(2549,10,2801,0,134),(2550,7,2803,0,134),(2551,17,2804,0,90),(2552,3,2804,0,90),(2553,6,2805,0,84),(2554,10,2805,0,91),(2555,1,513,0,54),(2556,1,513,0,111),(2557,1,1550,0,138),(2558,17,1550,0,138),(2559,1,1550,0,131),(2560,1,1550,0,133),(2561,1,1550,0,133),(2562,1,1550,0,133),(2563,1,1550,0,138),(2564,10,2089,0,131),(2565,7,2089,0,131),(2566,2,2807,0,131),(2567,2,2807,0,85),(2568,2,2674,0,49),(2569,1,3242,0,134),(2570,1,2028,0,3),(2571,3,2028,0,108),(2572,2,2028,0,45),(2573,1,3153,0,5),(2574,5,1789,0,32),(2575,3,1788,0,82),(2576,6,121,0,82),(2577,1,121,0,138),(2578,1,1883,0,138),(2579,1,2238,0,65),(2580,1,3699,0,138),(2581,17,3301,0,138),(2582,2,2092,0,6),(2583,8,2092,0,6),(2584,2,3629,0,77),(2585,2,2093,0,99),(2586,8,2093,0,99),(2587,10,2098,0,4),(2588,5,2098,0,80),(2589,2,2030,0,77),(2590,1,2593,0,74),(2591,17,2593,0,74),(2592,1,2593,0,74),(2593,1,2559,0,49),(2594,2,1648,0,62),(2595,8,1099,0,62),(2596,1,3391,0,104),(2597,1,3391,0,104),(2598,1,1554,0,104),(2599,1,1554,0,104),(2600,3,853,0,104),(2601,8,3786,0,20),(2602,10,3787,0,20),(2603,7,3788,0,20),(2604,1,3789,0,107),(2605,2,3790,0,111),(2606,10,525,0,45),(2607,7,525,0,45),(2608,2,525,0,44),(2609,8,854,0,44),(2610,5,3156,0,108),(2611,5,3157,0,133),(2612,1,3157,0,138),(2613,8,800,0,62),(2614,2,2965,0,77),(2615,8,862,0,77),(2616,17,1108,0,105),(2617,1,1110,0,3),(2618,17,1111,0,3),(2619,17,1113,0,108),(2620,1,2467,0,115),(2621,1,1107,0,105),(2622,3,1809,0,33),(2623,1,1810,0,133),(2624,4,1116,0,104),(2625,1,1117,0,113),(2626,10,1118,0,38),(2627,5,1119,0,38),(2628,1,1120,0,34),(2629,3,1121,0,82),(2630,2,1122,0,62),(2631,1,1123,0,74),(2632,1,1124,0,90),(2633,1,1125,0,49),(2634,1,1126,0,33),(2635,1,1127,0,43),(2636,2,1128,0,62),(2637,5,1128,0,111),(2638,4,1130,0,111),(2639,2,1129,0,111),(2640,1,1556,0,20),(2641,2,415,0,85),(2642,1,415,0,68),(2643,3,3594,0,107),(2644,17,3159,0,133),(2645,1,3595,0,133),(2646,17,3595,0,133),(2647,8,527,0,62),(2648,1,3792,0,133),(2649,1,528,0,20),(2650,1,1664,0,138),(2651,2,3161,0,108),(2652,5,2469,0,140),(2653,1,160,0,40),(2654,1,160,0,15),(2655,1,1557,0,140),(2656,1,1557,0,107),(2657,1,1557,0,33),(2658,7,1557,0,20),(2659,6,1557,0,20),(2660,4,3854,0,108),(2661,10,3137,0,68),(2662,1,2969,0,49),(2663,5,3855,0,134),(2664,2,3302,0,134),(2665,1,450,0,90),(2666,1,450,0,133),(2667,1,1365,0,49),(2668,1,2103,0,133),(2669,17,2103,0,133),(2670,1,2104,0,20),(2671,8,3163,0,99),(2672,1,2240,0,74),(2673,2,918,0,79),(2674,2,2976,0,111),(2675,1,2976,0,51),(2676,1,3303,0,45),(2677,1,3303,0,45),(2678,2,2107,0,78),(2679,1,919,0,133),(2680,1,2242,0,104),(2681,6,2473,0,49),(2682,2,2243,0,49),(2683,6,2243,0,3),(2684,2,2108,0,3),(2685,2,2108,0,62),(2686,8,2977,0,62),(2687,6,533,0,3),(2688,6,533,0,138),(2689,2,3395,0,138),(2690,2,3396,0,49),(2691,6,283,0,3),(2692,2,283,0,3),(2693,6,283,0,111),(2694,2,416,0,111),(2695,6,417,0,111),(2696,6,348,0,3),(2697,4,1558,0,3),(2698,2,2605,0,77),(2699,2,3701,0,49),(2700,2,3701,0,138),(2701,8,418,0,3),(2702,2,419,0,138),(2703,2,802,0,49),(2704,5,802,0,3),(2705,2,743,0,3),(2706,2,1559,0,20),(2707,2,803,0,138),(2708,2,803,0,138),(2709,4,420,0,138),(2710,8,421,0,138),(2711,8,503,0,65),(2712,6,2640,0,11),(2713,2,2640,0,11),(2714,7,3298,0,11);
/*!40000 ALTER TABLE `clase_modelo` ENABLE KEYS */;
UNLOCK TABLES;

--
-- Table structure for table `clientes`
--

DROP TABLE IF EXISTS `clientes`;
/*!40101 SET @saved_cs_client     = @@character_set_client */;
/*!40101 SET character_set_client = utf8 */;
CREATE TABLE `clientes` (
  `id_cliente` int(11) NOT NULL AUTO_INCREMENT,
  `fullname` varchar(100) NOT NULL,
  `email` varchar(50) NOT NULL,
  `celular` int(9) NOT NULL,
  `chose_marca` int(11) NOT NULL,
  `chose_modelo` int(11) NOT NULL,
  `chose_tipo` int(11) NOT NULL,
  `chose_timon` int(11) NOT NULL,
  `chose_modalid` int(11) NOT NULL,
  `chose_uso` int(11) NOT NULL,
  `chose_anio` int(11) NOT NULL,
  `chose_ubicL` tinyint(1) NOT NULL,
  `chose_ubicP` int(11) NOT NULL,
  `chose_informat` tinyint(1) NOT NULL,
  `value` float NOT NULL,
  PRIMARY KEY (`id_cliente`),
  KEY `chose_marca` (`chose_marca`),
  KEY `chose_modelo` (`chose_modelo`),
  KEY `chose_tipo` (`chose_tipo`),
  KEY `chose_timon` (`chose_timon`),
  KEY `chose_modalid` (`chose_modalid`),
  KEY `chose_uso` (`chose_uso`),
  KEY `chose_anio` (`chose_anio`),
  KEY `chose_ubicL` (`chose_ubicL`),
  KEY `chose_ubicP` (`chose_ubicP`),
  KEY `chose_informat` (`chose_informat`),
  CONSTRAINT `clientes_ibfk_1` FOREIGN KEY (`chose_marca`) REFERENCES `marca` (`id_marca`),
  CONSTRAINT `clientes_ibfk_2` FOREIGN KEY (`chose_modelo`) REFERENCES `modelo` (`id_model`),
  CONSTRAINT `clientes_ibfk_3` FOREIGN KEY (`chose_tipo`) REFERENCES `clase` (`id_clase`),
  CONSTRAINT `clientes_ibfk_4` FOREIGN KEY (`chose_timon`) REFERENCES `timon` (`id_timon`),
  CONSTRAINT `clientes_ibfk_5` FOREIGN KEY (`chose_uso`) REFERENCES `uso` (`id_uso`),
  CONSTRAINT `clientes_ibfk_6` FOREIGN KEY (`chose_anio`) REFERENCES `anio` (`id_anio`),
  CONSTRAINT `clientes_ibfk_7` FOREIGN KEY (`chose_modalid`) REFERENCES `modalidad` (`id_modalidad`)
) ENGINE=InnoDB AUTO_INCREMENT=81 DEFAULT CHARSET=latin1;
/*!40101 SET character_set_client = @saved_cs_client */;

--
-- Dumping data for table `clientes`
--

LOCK TABLES `clientes` WRITE;
/*!40000 ALTER TABLE `clientes` DISABLE KEYS */;
INSERT INTO `clientes` VALUES (1,'jmhgnfbd','jhng@hgjnf',987654,7,38,3,1,3,1,7,0,0,0,62564),(2,'dfgbhnj','qwert@hdb',92345678,7,37,1,2,3,1,9,0,0,0,8765),(4,'uiuyjth','hbgfv@djvn',912346876,9,47,3,2,3,2,8,0,0,0,45673),(5,'iuytrfd','rw@bgf',235345,1,41,1,2,3,1,2,0,0,0,73457),(6,'oiuygf','gtrg@dmv',98765432,9,47,3,1,3,2,9,0,0,0,45673.6),(7,'Mayra','m@u',970342343,9,47,3,2,3,1,10,0,0,0,45673.6),(8,'Cara Delevigne','cara@vin',98765431,9,46,1,2,1,1,11,0,0,0,23423.2),(9,'Jaden','jd@ni',94242323,9,46,1,2,2,1,5,0,0,0,23423.2),(10,'Patrick','pt@jn',9876544,9,47,3,2,3,2,10,0,0,0,45673.6),(11,'Bow Wow','bow@hip',93456745,9,47,3,2,3,1,9,0,0,0,45673.6),(12,'Adriana Lima','adriana@df',98765432,9,12,3,1,2,1,8,0,0,0,45673.6),(13,'Adriana Lima','adriana@df',98765432,9,47,3,1,2,1,8,0,0,0,45673.6),(14,'Treasure','mars@dfkv',965432,7,37,1,1,1,2,1,0,0,0,8765.53),(15,'Joel Rosas Espejo','joelunmsm@gmail.com',980729169,7,37,1,2,1,7,3,0,0,0,8765.53),(16,'MAyra','joelunmsm@gmail.com',980729169,7,37,1,2,1,2,2,0,0,0,8765.53),(17,'ds','dsdsd@gmail.com',1212121,7,37,1,2,1,6,9,0,0,0,8765.53),(18,'ds','dsdsd@gmail.com',1212121,7,37,1,2,1,6,9,0,0,0,8765.53),(19,'dsd','sdsds@gmail.com',980729169,7,37,1,2,1,6,2,0,0,0,8765.53),(20,'aa','sasasa@gmail.com',123232,7,37,1,2,1,6,1,0,0,0,8765.53),(21,'sdsd','jeje@gmail.com',121322,7,37,1,2,1,6,1,0,0,0,8765.53),(22,'joeoeskds','joel@gmail.com',23232,7,37,1,2,1,6,1,0,0,0,8765.53),(23,'ewew','joel@gmail.com',32323,7,37,1,2,1,6,1,0,0,0,8765.53),(24,'Joel','kks@dkdkd',13232,7,37,1,2,1,6,1,0,0,0,8765.53),(25,'joe','kkfk@gmail.com',2123232,7,37,1,2,1,6,2,0,0,0,8765.53),(26,'gg','weew@gmail.com',212121,7,37,1,2,1,6,1,0,0,0,8765.53),(27,'gg','weew@gmail.com',212121,7,37,1,2,1,6,1,0,0,0,8765.53),(28,'fdfd','joel@gmail.com',121212,7,37,1,2,1,6,1,0,0,0,8765.53),(29,'joele@gmail.com','joel@gmail.com',212121,7,37,1,2,1,6,1,0,0,0,8765.53),(30,'rrer','erere@gmail.com',5454,7,37,1,2,1,6,1,0,0,0,8765.53),(31,'eferer','erer@gmail.com',323232,7,37,1,2,1,6,1,0,0,0,8765.53),(32,'eferer','erer@gmail.com',323232,7,37,1,2,1,6,1,0,0,0,8765.53),(33,'eferer','erer@gmail.com',323232,7,37,1,2,1,6,1,0,0,0,8765.53),(34,'ewe','wewe@gmail.com',32323,7,38,3,2,1,6,1,0,0,0,62564.9),(35,'3434','joel@ewe',323232,7,37,1,2,1,6,1,0,0,0,8765.53),(36,'3434','joel@ewe',323232,7,37,1,2,1,6,1,0,0,0,8765.53),(37,'erere','erer@gmail.com',989898,7,37,1,2,1,6,1,0,0,0,8765.53),(38,'sds','wqwq@we',7887878,7,37,1,2,1,6,1,0,0,0,8765.53),(39,'Jose','jose@gmail.com',980728123,7,37,1,2,2,1,1,0,0,0,8765.53),(40,'Juan','Carlos@gmail.com',980729189,7,37,1,2,2,1,9,0,0,0,8765.53),(41,'Juana','juli@gmail.com',980745678,7,37,1,2,2,1,4,0,0,0,8765.53),(42,'Julia','holo@gmail.com',980987678,7,37,1,2,2,1,14,0,0,0,8765.53),(43,'Joel','joel@gmail.com',980767890,7,37,1,2,2,1,2,0,0,0,8765.53),(44,'joel','joel@gmail.com',980989092,7,37,1,2,4,6,23,0,0,0,8765.53),(45,'Joel','joel@gmail.com',980756123,7,37,1,2,2,1,18,0,0,0,8765.53),(46,'Anita','ana@gmail.com',959595,7,37,1,2,2,1,13,0,0,0,8765.53),(47,'fdfd','ds@gmai.com',980878989,7,37,1,2,2,1,13,0,0,0,8765.53),(48,'xxx','xx@gmail.com',9808667,7,37,1,2,2,1,8,0,0,0,8765.53),(49,'Joel','joel@g',2222,7,37,1,2,2,1,6,0,0,0,8765.53),(50,'Mayrua','msm@gfg',980729169,10,49,1,1,2,1,13,0,0,0,100000),(51,'dff','fdf@g',95959,10,49,1,2,2,1,13,0,0,0,100000),(52,'bnf','msdf@fj',98756,7,37,1,2,1,1,12,0,0,0,8765.53),(53,'gh','sdfkjn@mfgn',9678,7,37,1,2,3,1,12,0,0,0,8765.53),(54,'jhj','54@gmail.com',34343,10,49,1,2,2,1,13,0,0,0,100000),(55,'ewf','sjkdfn@dfjkn',425,10,49,1,2,3,2,12,0,0,0,100000),(56,'dfd','dfd@gmail.com',323232,11,50,3,2,2,6,13,0,0,0,9000),(57,'fdfd','dsds@gmail.com',98909879,12,51,13,2,1,1,13,0,0,0,12789),(58,'ewew','Joel@gmail.ocm',9393933,12,51,13,2,1,2,13,0,0,0,12789),(59,'ewe','qwq@hm',903039393,12,51,13,1,3,6,13,0,0,0,12789),(60,'jjdjq','32@f',2323,12,51,13,2,4,6,23,0,0,0,12789),(61,'wqw','wq@gmail.com',89898,12,51,3,2,2,1,13,0,0,0,12789),(62,'rtyj','rtyj@dfb',678,9,46,1,2,1,2,9,0,0,0,23423.2),(63,'gdfd','aa@gmail.com',323232,10,49,1,2,2,6,23,0,0,0,100000),(64,'wewe','ewew@gmail.com',1212121,7,37,1,2,4,6,23,0,0,0,8765.53),(65,'sdjfn','sdjfgvn@dgn',578,7,37,1,2,4,2,23,0,0,0,8765.53),(66,'sdjfgn','sjdfn@dfjn',5345,7,38,3,1,4,1,23,0,0,0,62564.9),(67,'sjtn','wjern@egjn',5,7,37,1,1,4,10,22,0,0,0,8765.53),(68,'ggg','sd@fgdd',89978,7,38,3,2,3,2,2,0,0,0,62564.9),(69,'ew','ewe',98989,133,2102,1,1,4,1,1,0,0,0,1000),(70,'44','4',44,133,2102,1,1,4,1,1,0,0,0,1000),(71,'tt','tt',9999,133,2102,1,1,4,1,1,0,0,0,1000),(72,'u','u',9,133,2102,1,1,1,1,1,0,0,0,1000),(73,'88','8',8,133,2102,1,1,1,1,1,0,0,0,1000),(74,'y','y',6,133,2102,1,1,1,1,13,0,0,0,1000),(75,'jjj','jjj',8888,3,533,6,1,1,1,1,0,0,0,0),(76,'99','99',999,3,533,6,1,2,8,9,0,0,0,0),(77,'66','66',666,3,533,6,1,2,8,13,0,0,0,0),(78,'rtr','rtrt',56565,3,533,6,1,2,8,5,0,0,0,0),(79,'erer','rer',5454,3,533,6,1,2,8,7,0,0,0,0),(80,'ii','ii',9999,34,1614,1,1,1,1,1,0,0,0,0);
/*!40000 ALTER TABLE `clientes` ENABLE KEYS */;
UNLOCK TABLES;

--
-- Table structure for table `cobert_asegur`
--

DROP TABLE IF EXISTS `cobert_asegur`;
/*!40101 SET @saved_cs_client     = @@character_set_client */;
/*!40101 SET character_set_client = utf8 */;
CREATE TABLE `cobert_asegur` (
  `id` int(11) NOT NULL AUTO_INCREMENT,
  `id_cob` int(11) NOT NULL,
  `id_aseg` int(11) NOT NULL,
  `id_uso` int(11) NOT NULL,
  `Value` varchar(15000) NOT NULL,
  `tipo` int(100) DEFAULT NULL,
  `modalidad` int(100) DEFAULT NULL,
  `anio` int(100) DEFAULT NULL,
  `categoria` int(100) DEFAULT NULL,
  `programa` int(100) DEFAULT NULL,
  PRIMARY KEY (`id`),
  KEY `id_cob` (`id_cob`),
  KEY `id_aseg` (`id_aseg`),
  KEY `id_uso` (`id_uso`),
  KEY `tipo` (`tipo`),
  KEY `modalidad` (`modalidad`),
  KEY `anio` (`anio`),
  KEY `categoria` (`categoria`),
  KEY `programa` (`programa`),
  CONSTRAINT `cobert_asegur_ibfk_1` FOREIGN KEY (`id_cob`) REFERENCES `cobertura` (`id_cobert`),
  CONSTRAINT `cobert_asegur_ibfk_2` FOREIGN KEY (`id_aseg`) REFERENCES `aseguradora` (`id_asegurad`),
  CONSTRAINT `cobert_asegur_ibfk_3` FOREIGN KEY (`id_uso`) REFERENCES `uso` (`id_uso`),
  CONSTRAINT `cobert_asegur_ibfk_4` FOREIGN KEY (`tipo`) REFERENCES `clase` (`id_clase`),
  CONSTRAINT `cobert_asegur_ibfk_5` FOREIGN KEY (`modalidad`) REFERENCES `modalidad` (`id_modalidad`),
  CONSTRAINT `cobert_asegur_ibfk_6` FOREIGN KEY (`anio`) REFERENCES `anio` (`id_anio`),
  CONSTRAINT `cobert_asegur_ibfk_7` FOREIGN KEY (`categoria`) REFERENCES `categorias` (`id_categ`),
  CONSTRAINT `cobert_asegur_ibfk_8` FOREIGN KEY (`programa`) REFERENCES `programa` (`id_program`)
) ENGINE=InnoDB AUTO_INCREMENT=881 DEFAULT CHARSET=latin1;
/*!40101 SET character_set_client = @saved_cs_client */;

--
-- Dumping data for table `cobert_asegur`
--

LOCK TABLES `cobert_asegur` WRITE;
/*!40000 ALTER TABLE `cobert_asegur` DISABLE KEYS */;
INSERT INTO `cobert_asegur` VALUES (34,16,1,6,'5000',1,2,22,1,3),(36,13,4,6,'10',1,2,12,1,2),(37,9,4,10,'Hasta US$ 100,000.\0',6,4,13,1,3),(39,11,4,9,'Lesiones corporales que sufran las personas que viajen dentro del vehículo asegurado, excepto conductor, chóferes y/o familiares. Hasta US$ 30,000 por vehículo.\0',6,4,9,1,3),(42,29,4,2,'S/. 800',2,1,11,2,4),(43,32,3,1,'Valor Pactado',1,4,24,3,10),(44,138,3,1,'Valor Pactado',1,4,1,3,10),(45,139,3,1,'Valor Pactado',1,4,24,3,10),(46,80,3,1,'Valor pactado',1,4,24,3,10),(47,81,3,1,'Valor Pactado',1,4,24,3,10),(48,120,3,1,'S/. 60000',1,4,24,3,10),(50,9,3,1,'S/. 500000',1,4,24,3,10),(54,15,3,1,'Segun Detalle',1,4,24,3,10),(55,16,3,1,'15d por choque /30d por robo',1,4,24,3,10),(56,16,3,2,'S/. 300',1,4,24,3,10),(57,18,3,1,'S/. 650',1,4,24,3,10),(58,32,3,2,'Valor Comercial',6,4,24,3,10),(59,138,3,2,'Valor comercial',6,4,24,3,10),(60,139,3,2,'Valor comercial',6,4,24,3,10),(61,80,3,2,'Valor comercial',6,4,24,3,10),(62,81,3,2,'Valor comercial',6,4,24,3,10),(63,120,3,2,'S/. 60000',6,4,24,3,10),(64,8,3,1,'S/. 12000',6,4,24,3,10),(65,8,3,2,'S/. 12000',6,4,24,3,10),(66,11,3,1,'S/. 3000',6,4,24,3,10),(67,84,3,1,'S/. 670',6,4,24,3,10),(68,13,3,1,'Valor pactado',6,4,24,3,10),(69,13,3,2,'Valor comercial',6,4,24,3,10),(70,86,3,1,'S/. 3000',6,4,24,3,10),(71,9,3,2,'S/. 450000',6,4,24,3,10),(72,10,3,2,'S/. 4000',6,4,24,3,10),(73,11,3,2,'S/ 30000',6,4,24,3,10),(74,84,3,2,'S/. 670',6,4,24,3,10),(76,87,3,1,'Hasta S/. 5500',1,4,24,3,10),(77,87,3,2,'Hasta S/. 5500',6,4,24,3,10),(78,18,3,2,'S/. 650',6,4,24,3,10),(79,32,1,1,'Valor asegurado',1,2,21,3,10),(80,32,1,1,'Valor asegurado',6,2,21,3,10),(81,32,1,1,'Valor asegurado',7,2,21,3,10),(82,32,1,1,'Valor asegurado',3,2,21,3,10),(83,32,1,1,'Valor asegurado',17,2,21,3,10),(90,9,1,1,'Hasta USD 150000',1,2,21,3,10),(91,9,1,1,'Hasta USD 150000',6,2,21,3,10),(92,9,1,1,'Hasta USD 150000',7,2,21,3,10),(93,9,1,1,'Hasta USD 150000',3,2,21,3,10),(94,9,1,1,'Hasta USD 150000',17,2,21,3,10),(95,11,1,1,'USD 50000',1,2,21,3,10),(96,11,1,1,'USD 50000',3,2,21,3,10),(97,11,1,1,'USD 50000',6,2,21,3,10),(98,11,1,1,'USD 50000',17,2,21,3,10),(99,11,1,1,'USD 50000',1,2,21,3,10),(100,11,1,1,'USD 50000',3,2,24,3,10),(102,11,1,1,'USD 50000',7,2,21,3,10),(104,86,1,1,'Hasta 1000',1,2,21,3,10),(105,86,1,1,'Hasta 1000',3,2,21,3,10),(106,86,1,1,'Hasta 1000',6,2,21,3,10),(107,86,1,1,'Hasta 1000',7,2,21,3,10),(108,86,1,1,'Hasta 1000',17,2,21,3,10),(109,8,1,1,'USD 4000',1,2,21,3,10),(110,8,1,1,'USD 4000',3,2,21,3,10),(111,8,1,1,'USD 4000',6,2,21,3,10),(112,8,1,1,'USD 4000',7,2,21,3,10),(113,8,1,1,'USD 4000',17,2,21,3,10),(114,120,1,1,'USD 20000',1,2,21,3,10),(115,120,1,1,'USD 20000',3,2,21,3,10),(116,120,1,1,'USD 20000',6,2,21,3,10),(117,120,1,1,'USD 20000',7,2,21,3,10),(118,120,1,1,'USD 20000',17,2,21,3,10),(119,29,1,1,'Hasta USD 1000',1,2,21,3,10),(120,29,1,1,'Hasta USD 1000',3,2,21,3,10),(121,29,1,1,'Hasta USD 1000',6,2,21,3,10),(122,29,1,1,'Hasta USD 1000',7,2,21,3,10),(123,29,1,1,'Hasta USD 1000',17,2,21,3,10),(124,20,1,1,'Valor asegurado',1,2,21,3,10),(125,20,1,1,'Valor asegurado',3,2,21,3,10),(126,20,1,1,'Valor asegurado',6,2,21,3,10),(127,20,1,1,'Valor asegurado',7,2,21,3,10),(128,20,1,1,'Valor asegurado',17,2,21,3,10),(129,21,1,1,'Valor asegurado',1,2,21,3,10),(130,21,1,1,'Valor asegurado',3,2,21,3,10),(131,21,1,1,'Valor asegurado',6,2,21,3,10),(132,21,1,1,'Valor asegurado',7,2,21,3,10),(133,21,1,1,'Valor asegurado',17,2,21,3,10),(134,1,1,1,'Valor asegurado',1,2,21,3,10),(135,1,1,1,'Valor asegurado',3,2,21,3,10),(136,1,1,1,'Valor asegurado',6,2,21,3,10),(137,1,1,1,'Valor asegurado',7,2,21,3,10),(138,1,1,1,'Valor asegurado',17,2,21,3,10),(139,13,1,1,'Valor asegurado',1,2,21,3,10),(140,13,1,1,'Valor asegurado',3,2,21,3,10),(141,13,1,1,'Valor asegurado',6,2,21,3,10),(142,13,1,1,'Valor asegurado',7,2,21,3,10),(143,13,1,1,'Valor asegurado',17,2,21,3,10),(144,32,1,1,'Valor comercial',15,2,16,3,10),(145,9,1,1,'Hasta USD 10000',16,2,16,3,10),(146,20,1,1,'Valor comercial',15,4,21,3,10),(147,1,1,1,'Valor comercial',15,2,16,3,10),(148,32,1,3,'Valor Comercial',1,2,3,3,10),(149,32,1,3,'Valor Comercial',3,2,3,3,10),(150,32,1,3,'Valor Comercial',17,2,3,3,10),(151,9,1,3,'Hasta USD 50000',1,2,3,3,10),(152,9,1,3,'Hasta USD 50000',3,2,3,3,10),(153,9,1,3,'Hasta USD 50000',17,2,3,3,10),(154,120,1,3,'USD 10000 c/u',1,2,3,3,10),(155,120,1,3,'USD 10000 c/u',3,2,3,3,10),(156,120,1,3,'USD 10000 c/u',17,2,3,3,10),(157,8,1,1,'Hasta USD 2000',1,2,3,3,10),(158,8,1,1,'Hasta USD 2000',3,2,3,3,10),(159,8,1,1,'Hasta USD 2000',17,2,3,3,10),(160,8,1,3,'Hasta USD 2000',1,2,3,3,10),(161,8,1,3,'Hasta USD 2000',3,2,3,3,10),(162,8,1,3,'Hasta USD 2000',17,2,3,3,10),(163,86,1,3,'Hasta USD 1000',1,2,3,3,10),(164,86,1,3,'Hasta USD 1000',3,2,3,3,10),(165,86,1,3,'Hasta USD 1000',17,2,3,3,10),(166,29,1,3,'Hasta USD 500',1,2,3,3,10),(167,29,1,3,'Hasta USD 500',3,2,3,3,10),(168,29,1,3,'Hasta USD 500',17,2,3,3,10),(169,20,1,3,'Valor comercial',1,2,3,3,10),(170,20,1,3,'Valor comercial',3,2,3,3,10),(171,20,1,3,'Valor comercial',17,2,3,3,10),(172,21,1,3,'Valor comercial',1,2,3,3,10),(173,21,1,3,'Valor comercial',3,2,3,3,10),(174,21,1,3,'Valor comercial',17,2,3,3,10),(175,1,1,3,'Valor comercial',1,2,3,3,10),(176,1,1,3,'Valor comercial',3,2,3,3,10),(177,1,1,3,'Valor comercial',17,2,3,3,10),(178,13,1,3,'Valor comercial',1,2,3,3,10),(179,13,1,3,'Valor comercial',3,2,3,3,10),(180,13,1,3,'Valor comercial',17,2,3,3,10),(181,43,1,3,'Hasta USD 50000',1,2,3,3,10),(182,43,1,3,'Hasta USD 50000',3,2,3,3,10),(183,43,1,3,'Hasta USD 50000',17,2,3,3,10),(184,32,1,3,'Valor comercial',4,2,16,3,10),(185,32,1,3,'Valor comercial',5,2,16,3,10),(186,9,1,3,'Hasta USD 10000',4,2,16,3,10),(187,9,1,3,'Hasta USD 10000',5,2,16,3,10),(188,11,1,3,'USD 30000',4,2,16,3,10),(189,11,1,3,'USD 30000',5,2,16,3,10),(190,120,1,3,'Hasta USD 10000',4,2,16,3,10),(191,120,1,3,'Hasta USD 10000',5,2,16,3,10),(192,8,1,1,'Hasta USD 10000',4,2,16,3,10),(193,8,1,1,'Hasta USD 10000',5,2,16,3,10),(194,86,1,3,'Hasta USD 2000',4,2,16,3,10),(195,86,1,3,'Hasta USD 2000',5,2,16,3,10),(196,29,1,3,'Hasta USD 1000',4,2,16,3,10),(197,29,1,3,'Hasta USD 1000',5,2,16,3,10),(198,20,1,3,'Valor Comercial',4,2,16,3,10),(199,20,1,3,'Valor Comercial',5,2,16,3,10),(200,21,1,3,'Valor asegurado',4,2,16,3,10),(201,21,1,3,'Valor asegurado',5,2,16,3,10),(202,1,1,3,'Valor asegurado',4,2,16,3,10),(203,1,1,3,'Valor asegurado',5,2,16,3,10),(204,13,1,3,'Valor comercial',4,2,16,3,10),(205,13,1,3,'Valor comercial',5,2,16,3,10),(206,43,1,3,'USD 50000',4,2,16,3,10),(207,43,1,3,'USD 50000',5,2,16,3,10),(208,32,1,6,'Valor Comercial',1,2,3,3,10),(209,32,1,6,'Valor Comercial',3,2,3,3,10),(210,32,1,6,'Valor Comercial',6,2,3,3,10),(211,32,1,6,'Valor Comercial',17,2,3,3,10),(212,9,1,1,'USD 100000',1,2,3,3,10),(213,9,1,1,'USD 100000',3,2,3,3,10),(214,9,1,1,'USD 100000',6,2,3,3,10),(215,9,1,1,'USD 100000',17,2,3,3,10),(216,9,1,6,'USD 100000',1,2,3,3,10),(217,9,1,6,'USD 100000',3,2,3,3,10),(218,9,1,6,'USD 100000',6,2,3,3,10),(219,9,1,6,'USD 100000',17,2,3,3,10),(220,11,1,6,'USD 50000',1,2,3,3,10),(221,11,1,6,'USD 50000',3,2,3,3,10),(222,11,1,6,'USD 50000',6,2,3,3,10),(223,11,1,6,'USD 50000',17,2,3,3,10),(224,29,1,6,'USD 1000',1,2,3,3,10),(225,29,1,6,'USD 1000',3,2,3,3,10),(226,29,1,6,'USD 1000',6,2,3,3,10),(227,29,1,6,'USD 1000',17,2,3,3,10),(228,20,1,6,'Valor comercial',1,2,3,3,10),(229,20,1,6,'Valor comercial',3,2,3,3,10),(230,20,1,6,'Valor comercial',6,2,3,3,10),(231,20,1,6,'Valor comercial',17,2,3,3,10),(232,21,1,6,'Valor comercial',1,2,3,3,10),(233,21,1,6,'Valor comercial',3,2,3,3,10),(234,21,1,6,'Valor comercial',6,2,3,3,10),(235,21,1,6,'Valor comercial',17,2,3,3,10),(236,1,1,6,'Valor comercial',1,2,3,3,10),(237,1,1,6,'Valor comercial',3,2,3,3,10),(238,1,1,6,'Valor comercial',6,2,3,3,10),(239,1,1,6,'Valor comercial',17,2,3,3,10),(240,13,1,6,'Valor comercial',1,2,3,3,10),(241,13,1,6,'Valor comercial',3,2,3,3,10),(242,13,1,6,'Valor comercial',6,2,3,3,10),(243,13,1,6,'Valor comercial',17,2,3,3,10),(244,43,1,6,'USD 50000',1,2,3,3,10),(245,43,1,6,'USD 50000',3,2,3,3,10),(246,43,1,6,'USD 50000',6,2,3,3,10),(247,43,1,6,'USD 50000',17,2,3,3,10),(248,32,1,15,'Valor asegurado',6,4,3,3,10),(249,32,1,15,'Valor asegurado',7,4,3,3,10),(250,9,1,15,'USD 100000',6,4,3,3,10),(251,9,1,15,'USD 100000',7,4,3,3,10),(252,11,1,15,'USD 50000',6,2,3,3,10),(253,11,1,15,'USD 50000',7,2,3,3,10),(254,11,1,15,'USD 50000',6,2,3,3,10),(255,11,1,15,'USD 50000',7,2,3,3,10),(256,120,1,15,'USD 20000 c/u',6,2,3,3,10),(257,120,1,15,'USD 20000 c/u',7,2,3,3,10),(258,8,1,15,'USD 40000',6,2,3,3,10),(259,8,1,15,'USD 40000',7,2,3,3,10),(260,29,1,15,'USD 1000',6,2,3,3,10),(261,29,1,15,'USD 1000',7,2,3,3,10),(262,20,1,15,'Valor asegurado',6,2,3,3,11),(263,20,1,15,'Valor asegurado',7,2,3,3,11),(264,20,1,15,'Valor asegurado',6,2,3,3,10),(265,20,1,15,'Valor asegurado',7,2,3,3,10),(266,21,1,15,'Valor asegrado',6,2,3,3,10),(267,21,1,15,'Valor asegrado',7,2,3,3,10),(268,1,1,15,'Valor asegurado',6,2,3,3,10),(269,1,1,15,'Valor asegurado',7,2,3,3,10),(270,13,1,15,'Valor asegurado',6,2,3,3,10),(271,13,1,15,'Valor asegurado',7,2,3,3,10),(272,43,1,15,'USD 50000',6,2,3,3,10),(273,43,1,15,'USD 50000',7,2,3,3,10),(274,32,1,16,'Valor comercial',1,2,21,3,10),(275,32,1,16,'Valor comercial',3,2,21,3,10),(276,32,1,16,'Valor comercial',6,2,21,3,10),(277,32,1,16,'Valor comercial',7,2,21,3,10),(278,32,1,16,'Valor comercial',17,2,21,3,10),(279,9,1,16,'USD 50000',1,2,21,3,10),(280,9,1,16,'USD 50000',3,2,21,3,10),(281,9,1,16,'USD 50000',6,2,21,3,10),(282,9,1,16,'USD 50000',7,2,21,3,10),(283,9,1,16,'USD 50000',17,2,21,3,10),(284,120,1,16,'USD 5000',1,2,21,3,10),(285,120,1,16,'USD 5000',3,2,21,3,10),(286,120,1,16,'USD 5000',6,2,21,3,10),(287,120,1,16,'USD 5000',7,2,21,3,10),(288,120,1,16,'USD 5000',17,2,21,3,10),(289,8,1,16,'USD 1000',1,2,21,3,10),(290,8,1,16,'USD 1000',3,2,21,3,10),(291,8,1,16,'USD 1000',6,2,21,3,10),(292,8,1,16,'USD 1000',7,2,21,3,10),(293,8,1,16,'USD 1000',17,2,21,3,10),(294,20,1,16,'Valor comercial',1,2,21,3,10),(295,20,1,16,'Valor comercial',6,2,21,3,10),(296,20,1,16,'Valor comercial',7,2,21,3,10),(297,20,1,16,'Valor comercial',17,2,21,3,10),(298,1,1,16,'Valor comercial',1,2,21,3,10),(299,1,1,16,'Valor comercial',3,2,21,3,10),(300,1,1,16,'Valor comercial',6,2,21,3,10),(301,1,1,16,'Valor comercial',7,2,21,3,10),(302,1,1,16,'Valor comercial',17,2,21,3,10),(303,1,1,16,'Valor comercial',1,2,21,3,10),(304,1,1,16,'Valor comercial',3,2,21,3,10),(305,1,1,16,'Valor comercial',6,2,21,3,10),(306,1,1,16,'Valor comercial',7,2,21,3,10),(307,1,1,16,'Valor comercial',17,2,21,3,10),(308,13,1,16,'Valor comercial',1,2,22,3,10),(309,13,1,16,'Valor comercial',3,2,22,3,10),(310,13,1,16,'Valor comercial',6,2,22,3,10),(311,13,1,16,'Valor comercial',7,2,22,3,10),(312,13,1,16,'Valor comercial',17,2,22,3,10),(313,13,1,7,'Valor comercial',1,2,3,3,10),(314,13,1,7,'Valor comercial',3,2,3,3,10),(315,13,1,7,'Valor comercial',6,2,3,3,10),(316,13,1,7,'Valor comercial',7,2,3,3,10),(317,13,1,7,'Valor comercial',17,2,3,3,10),(318,9,1,7,'USD 50000',1,2,3,3,10),(319,9,1,7,'USD 50000',3,2,3,3,10),(320,9,1,7,'USD 50000',6,2,3,3,10),(321,9,1,7,'USD 50000',7,2,3,3,10),(322,9,1,7,'USD 50000',17,2,3,3,10),(323,120,1,7,'USD 50000',1,2,3,3,10),(324,120,1,7,'USD 50000',3,2,3,3,10),(325,120,1,7,'USD 50000',6,2,3,3,10),(326,120,1,7,'USD 50000',7,2,3,3,10),(327,120,1,7,'USD 50000',17,2,3,3,10),(328,8,1,7,'USD 1000',1,2,3,3,10),(329,8,1,7,'USD 1000',3,2,3,3,10),(330,8,1,7,'USD 1000',6,2,3,3,10),(331,8,1,7,'USD 1000',7,2,3,3,10),(332,8,1,7,'USD 1000',17,2,3,3,10),(333,32,1,8,'Valor comercial',1,2,24,3,10),(334,32,1,8,'Valor comercial',2,2,24,3,10),(335,32,1,8,'Valor comercial',3,2,24,3,10),(336,32,1,8,'Valor comercial',6,2,24,3,10),(337,32,1,8,'Valor comercial',7,2,24,3,10),(338,32,1,8,'Valor comercial',8,2,24,3,10),(339,32,1,8,'Valor comercial',17,2,24,3,10),(340,9,1,8,'USD 50000',1,2,24,3,10),(341,9,1,8,'USD 50000',2,2,24,3,10),(342,9,1,8,'USD 50000',3,2,24,3,10),(343,9,1,8,'USD 50000',6,2,24,3,10),(344,9,1,8,'USD 50000',7,2,24,3,10),(345,9,1,8,'USD 50000',8,2,24,3,10),(346,9,1,8,'USD 50000',17,2,24,3,10),(347,120,1,8,'USD 5000',1,2,24,3,10),(348,120,1,8,'USD 5000',2,2,24,3,10),(349,120,1,8,'USD 5000',3,2,24,3,10),(350,120,1,8,'USD 5000',6,2,24,3,10),(351,120,1,8,'USD 5000',7,2,24,3,10),(352,120,1,8,'USD 5000',8,2,24,3,10),(353,120,1,8,'USD 5000',17,2,24,3,10),(354,8,1,8,'USD 1000',1,2,24,3,10),(355,8,1,8,'USD 1000',2,2,24,3,10),(356,8,1,8,'USD 1000',3,2,24,3,10),(357,8,1,8,'USD 1000',6,2,24,3,10),(358,8,1,8,'USD 1000',7,2,24,3,10),(359,8,1,8,'USD 1000',8,2,24,3,10),(360,8,1,8,'USD 1000',17,2,24,3,10),(361,20,1,8,'Valor comercial',1,1,24,3,10),(362,20,1,8,'Valor comercial',2,1,24,3,10),(363,20,1,8,'Valor comercial',3,1,24,3,10),(364,20,1,8,'Valor comercial',6,1,24,3,10),(365,20,1,8,'Valor comercial',7,1,24,3,10),(366,20,1,8,'Valor comercial',8,1,24,3,10),(367,20,1,8,'Valor comercial',17,1,24,3,10),(368,1,1,8,'Valor comercial',1,2,24,3,10),(369,1,1,8,'Valor comercial',2,2,24,3,10),(370,1,1,8,'Valor comercial',3,2,24,3,10),(371,1,1,8,'Valor comercial',6,2,24,3,10),(372,1,1,8,'Valor comercial',7,2,24,3,10),(373,1,1,8,'Valor comercial',8,2,24,3,10),(374,1,1,8,'Valor comercial',17,2,24,3,10),(375,13,1,8,'Valor comercial',1,2,21,3,10),(376,13,1,8,'Valor comercial',2,2,21,3,10),(377,13,1,8,'Valor comercial',3,2,21,3,10),(378,13,1,8,'Valor comercial',6,2,21,3,10),(379,13,1,8,'Valor comercial',7,2,21,3,10),(380,13,1,8,'Valor comercial',8,2,21,3,10),(381,13,1,8,'Valor comercial',17,2,21,3,10),(382,32,1,17,'Valor comercial',2,2,16,3,10),(383,32,1,17,'Valor comercial',8,2,16,3,10),(384,32,1,17,'Valor comercial',18,2,16,3,10),(385,9,1,8,'Valor comercial',2,2,16,3,10),(386,9,1,8,'Valor comercial',8,2,16,3,10),(387,9,1,17,'Valor comercial',19,2,16,3,10),(388,11,1,17,'USD 30000',2,2,21,3,10),(389,11,1,17,'USD 30000',8,2,21,3,10),(390,11,1,17,'USD 30000',18,2,21,3,10),(391,120,1,17,'USD 10000',2,2,16,3,10),(392,120,1,17,'USD 10000',8,2,16,3,10),(393,120,1,17,'USD 10000',18,2,16,3,10),(394,8,1,17,'USD 2000',2,2,16,3,10),(395,8,1,17,'USD 2000',8,2,16,3,10),(396,8,1,17,'USD 2000',18,2,16,3,10),(397,86,1,17,'USD 1000',1,2,16,3,10),(398,86,1,17,'USD 1000',8,2,16,3,10),(399,86,1,17,'USD 1000',18,2,16,3,10),(400,29,1,17,'USD 1000',2,2,16,3,10),(401,29,1,17,'USD 1000',8,2,16,3,10),(402,29,1,17,'USD 1000',18,2,16,3,10),(403,20,1,17,'Valor comercial',2,2,16,3,10),(404,20,1,17,'Valor comercial',8,2,16,3,10),(405,20,1,17,'Valor comercial',18,2,16,3,10),(406,21,1,17,'Valor comercial',2,2,16,3,10),(407,21,1,17,'Valor comercial',8,2,16,3,10),(408,21,1,17,'Valor comercial',18,2,16,3,10),(409,1,1,17,'Valor comercial',2,2,16,3,10),(410,1,1,17,'Valor comercial',8,2,16,3,10),(411,1,1,17,'Valor comercial',18,2,16,3,10),(412,13,1,17,'Valor comercial',2,2,16,3,10),(413,13,1,17,'Valor comercial',8,2,16,3,10),(414,13,1,17,'Valor comercial',18,2,16,3,10),(415,43,1,17,'USD 50000',2,2,16,3,10),(416,43,1,17,'USD 50000',8,2,16,3,10),(417,43,1,17,'USD 50000',18,2,16,3,10),(420,32,1,4,'Valor comercial',4,2,3,3,10),(421,9,1,4,'USD 100000',4,2,3,3,10),(422,120,1,4,'USD 10000',4,2,3,3,10),(423,8,1,4,'USD 10000',4,2,3,3,10),(424,86,1,4,'USD 2000',4,2,3,3,10),(425,29,1,4,'USD 1000',4,2,3,3,10),(426,20,1,4,'Valor comercial',4,2,3,3,10),(427,21,1,4,'Valor comercial',4,2,3,3,10),(428,1,1,4,'Valor comercial',4,2,3,3,10),(429,13,1,4,'Valor comercial',4,2,3,3,10),(430,43,1,4,'USD 50000',4,2,3,3,10),(434,32,1,5,'Valor comercial',4,2,7,3,10),(435,32,1,5,'Valor comercial',5,2,7,3,10),(436,32,1,5,'Valor comercial',3,2,7,3,10),(437,9,1,5,'USD 100000',4,2,7,3,10),(438,9,1,5,'USD 100000',5,2,7,3,10),(439,9,1,5,'USD 100000',3,2,7,3,10),(440,120,1,5,'USD 10000',4,2,7,3,10),(441,120,1,5,'USD 10000',5,2,7,3,10),(442,120,1,5,'USD 10000',3,2,7,3,10),(443,8,1,5,'USD 2000',4,2,7,3,10),(444,8,1,5,'USD 2000',5,2,7,3,10),(445,8,1,5,'USD 2000',3,2,7,3,10),(446,86,1,5,'USD 2000',4,2,7,3,10),(447,86,1,5,'USD 2000',5,2,7,3,10),(448,86,1,5,'USD 2000',3,2,7,3,10),(449,29,1,5,'USD 1000',4,2,7,3,10),(450,29,1,5,'USD 1000',5,2,7,3,10),(451,29,1,5,'USD 1000',3,2,7,3,10),(452,20,1,5,'Valor comercial',4,2,7,3,10),(453,20,1,5,'Valor comercial',5,2,7,3,10),(454,20,1,5,'Valor comercial',3,2,7,3,10),(455,21,1,5,'Valor comercial',4,2,7,3,10),(456,21,1,5,'Valor comercial',5,2,7,3,10),(457,21,1,5,'Valor comercial',3,2,7,3,10),(458,1,1,5,'Valor comercial',4,2,7,3,10),(459,1,1,5,'Valor comercial',5,2,7,3,10),(460,1,1,5,'Valor comercial',3,2,7,3,10),(461,13,1,5,'Valor comercial',4,2,7,3,10),(462,13,1,5,'Valor comercial',5,2,7,3,10),(463,13,1,5,'Valor comercial',3,2,7,3,10),(464,130,1,5,'USD 50000',4,2,7,3,10),(465,130,1,5,'USD 50000',5,2,7,3,10),(466,130,1,5,'USD 50000',3,2,7,3,10),(467,9,1,5,'S/. 90000',1,3,21,3,10),(468,9,1,5,'S/. 90000',17,3,21,3,10),(469,9,1,5,'S/. 90000',7,3,21,3,10),(470,9,1,5,'S/. 90000',3,3,21,3,10),(471,9,1,5,'S/. 90000',6,3,21,3,10),(472,120,1,5,'S/. 30000',1,3,21,3,10),(473,120,1,5,'S/. 30000',17,3,21,3,10),(474,120,1,5,'S/. 30000',7,3,21,3,10),(475,120,1,5,'S/. 30000',3,3,21,3,10),(476,120,1,5,'S/. 30000',6,3,21,3,10),(477,8,1,5,'S/. 6000',1,3,21,3,10),(478,8,1,5,'S/. 6000',17,3,21,3,10),(479,8,1,5,'S/. 6000',7,3,21,3,10),(480,8,1,5,'S/. 6000',3,3,21,3,10),(481,8,1,5,'S/. 6000',6,3,21,3,10),(482,86,1,5,'S/. 3000',1,3,21,3,10),(483,86,1,5,'S/. 3000',15,3,21,3,10),(484,86,1,5,'S/. 3000',7,3,21,3,10),(485,86,1,5,'S/. 3000',3,3,21,3,10),(486,86,1,5,'S/. 3000',6,3,21,3,10),(492,79,1,17,'Valor comercial',1,1,21,3,10),(493,79,1,17,'Valor comercial',17,1,21,3,10),(494,79,1,17,'Valor comercial',7,1,21,3,10),(495,79,1,17,'Valor comercial',3,1,21,3,10),(496,79,1,17,'Valor comercial',6,1,21,3,10),(497,79,1,17,'Valor comercial',8,1,21,3,10),(498,79,1,17,'Valor comercial',18,1,21,3,10),(499,9,1,17,'USD 150000',1,1,21,3,10),(500,9,1,17,'USD 150000',17,1,21,3,10),(501,9,1,17,'USD 150000',7,1,21,3,10),(502,9,1,17,'USD 150000',3,1,21,3,10),(503,9,1,17,'USD 150000',6,1,21,3,10),(504,9,1,17,'USD 150000',8,1,21,3,10),(505,9,1,17,'USD 150000',18,1,21,3,10),(506,11,1,17,'USD 50000',1,1,21,3,10),(507,11,1,17,'USD 50000',17,1,21,3,10),(508,11,1,17,'USD 50000',7,1,21,3,10),(509,11,1,17,'USD 50000',3,1,21,3,10),(510,11,1,17,'USD 50000',6,1,21,3,10),(511,11,1,17,'USD 50000',8,1,21,3,10),(512,11,1,17,'USD 50000',18,1,21,3,10),(513,120,1,17,'USD 20000',1,1,21,3,10),(514,120,1,17,'USD 20000',17,1,21,3,10),(515,120,1,17,'USD 20000',7,1,21,3,10),(516,120,1,17,'USD 20000',3,1,21,3,10),(517,120,1,17,'USD 20000',6,1,21,3,10),(518,120,1,17,'USD 20000',8,1,21,3,10),(519,120,1,17,'USD 20000',18,1,21,3,10),(520,8,1,17,'USD 4000',1,1,21,3,10),(521,8,1,17,'USD 4000',15,1,21,3,10),(522,8,1,17,'USD 4000',7,1,21,3,10),(523,8,1,17,'USD 4000',3,1,21,3,10),(524,8,1,17,'USD 4000',6,1,21,3,10),(525,8,1,17,'USD 4000',8,1,21,3,10),(526,8,1,17,'USD 4000',16,1,21,3,10),(527,86,1,17,'USD 1000',1,1,21,3,10),(528,86,1,17,'USD 1000',15,1,21,3,10),(529,86,1,17,'USD 1000',7,1,21,3,10),(530,86,1,17,'USD 1000',3,1,21,3,10),(531,86,1,17,'USD 1000',6,1,21,3,10),(532,86,1,17,'USD 1000',8,1,21,3,10),(533,86,1,17,'USD 1000',16,1,21,3,10),(534,20,1,17,'Valor comercial',1,1,21,3,10),(535,20,1,17,'Valor comercial',15,1,21,3,10),(536,20,1,17,'Valor comercial',7,1,21,3,10),(537,20,1,17,'Valor comercial',3,1,21,3,10),(538,20,1,17,'Valor comercial',6,1,21,3,10),(539,20,1,17,'Valor comercial',8,1,21,3,10),(540,20,1,17,'Valor comercial',16,1,21,3,10),(541,21,1,17,'Valor comercial',1,1,21,3,10),(542,21,1,17,'Valor comercial',15,1,21,3,10),(543,21,1,17,'Valor comercial',7,1,21,3,10),(544,21,1,17,'Valor comercial',3,1,21,3,10),(545,21,1,17,'Valor comercial',6,1,21,3,10),(546,21,1,17,'Valor comercial',8,1,21,3,10),(547,21,1,17,'Valor comercial',16,1,21,3,10),(548,1,1,17,'Valor comercial',1,1,21,3,10),(549,1,1,17,'Valor comercial',15,1,21,3,10),(550,1,1,17,'Valor comercial',7,1,21,3,10),(551,1,1,17,'Valor comercial',3,1,21,3,10),(552,1,1,17,'Valor comercial',6,1,21,3,10),(553,1,1,17,'Valor comercial',8,1,21,3,10),(554,1,1,17,'Valor comercial',16,1,21,3,10),(555,32,1,1,'Valor asegurado',1,2,21,3,10),(556,32,1,1,'Valor asegurado',17,2,21,3,10),(557,32,1,1,'Valor asegurado',7,2,21,3,10),(558,32,1,1,'Valor asegurado',3,2,21,3,10),(559,9,1,1,'USD 150000',1,2,21,3,10),(560,9,1,1,'USD 150000',17,2,21,3,10),(561,9,1,1,'USD 150000',7,2,21,3,10),(562,9,1,1,'USD 150000',3,2,21,3,10),(563,11,1,1,'USD 50000',1,2,21,3,10),(564,11,1,1,'USD 50000',17,2,21,3,10),(565,11,1,1,'USD 50000',7,2,21,3,10),(566,11,1,1,'USD 50000',3,2,21,3,10),(567,120,1,1,'USD 20000',1,2,21,3,10),(568,120,1,1,'USD 20000',15,2,21,3,10),(569,120,1,1,'USD 20000',7,2,21,3,10),(570,120,1,1,'USD 20000',3,2,21,3,10),(571,8,1,1,'USD 4000',1,2,21,3,10),(572,8,1,1,'USD 4000',15,2,21,3,10),(573,8,1,1,'USD 4000',7,2,21,3,10),(574,8,1,1,'USD 4000',3,2,21,3,10),(575,86,1,1,'USD 1500',1,2,21,3,10),(576,86,1,1,'USD 1500',17,2,21,3,10),(577,86,1,1,'USD 1500',7,2,21,3,10),(578,86,1,1,'USD 1500',3,2,21,3,10),(579,29,1,1,'USD 1000',1,2,21,3,10),(580,29,1,1,'USD 1000',15,2,21,3,10),(581,29,1,1,'USD 1000',7,2,21,3,10),(582,29,1,1,'USD 1000',3,2,21,3,10),(583,20,1,1,'Valor asegurado',1,2,21,3,10),(584,20,1,1,'Valor asegurado',17,2,21,3,10),(585,20,1,1,'Valor asegurado',7,2,21,3,10),(586,20,1,1,'Valor asegurado',3,2,21,3,10),(587,21,1,1,'Valor asegurado',1,2,21,3,10),(588,21,1,1,'Valor asegurado',17,2,21,3,10),(589,21,1,1,'Valor asegurado',7,2,21,3,10),(590,21,1,1,'Valor asegurado',3,2,21,3,10),(591,1,1,1,'Valor asegurado',1,2,21,3,10),(592,1,1,1,'Valor asegurado',15,2,21,3,10),(593,1,1,1,'Valor asegurado',7,2,21,3,10),(594,1,1,1,'Valor asegurado',3,2,21,3,10),(595,13,1,1,'Valor asegurado',1,2,21,3,10),(596,13,1,1,'Valor asegurado',17,2,21,3,10),(597,13,1,1,'Valor asegurado',7,2,21,3,10),(598,13,1,1,'Valor asegurado',3,2,21,3,10),(599,43,1,1,'USD 50000',1,2,21,3,10),(600,43,1,1,'USD 50000',17,2,21,3,10),(601,43,1,1,'USD 50000',7,2,21,3,10),(602,43,1,1,'USD 50000',3,2,21,3,10),(607,32,4,1,'Valor pactado',1,4,21,3,4),(608,32,4,1,'Valor pactado',3,4,21,3,4),(609,32,4,1,'Valor pactado',6,4,21,3,4),(610,79,4,1,'Valor pactado',1,4,21,3,4),(611,79,4,1,'Valor pactado',3,4,21,3,4),(612,79,4,1,'Valor pactado',6,4,21,3,4),(613,9,4,1,'USD 150,000\0',1,4,21,3,4),(614,9,4,1,'USD 150,000\0',3,4,21,3,4),(615,9,4,1,'USD 150,000\0',6,4,21,3,4),(616,11,4,1,'USD 50000',1,4,21,3,4),(617,11,4,1,'USD 50000',3,4,21,3,4),(618,11,4,1,'USD 50000',6,4,21,3,4),(619,26,4,1,'USD 20000',1,4,21,3,4),(620,26,4,1,'USD 20000',3,4,21,3,4),(621,26,4,1,'USD 20000',6,4,21,3,4),(622,8,4,1,'USD 4000',1,4,21,3,4),(623,8,4,1,'USD 4000',3,4,21,3,4),(624,8,4,1,'USD 4000',6,4,21,3,4),(625,86,4,1,'USD 2000',1,4,21,3,4),(626,86,4,1,'USD 2000',3,4,21,3,4),(627,86,4,1,'USD 2000',6,4,21,3,4),(628,29,4,1,'USD 1000',1,4,21,3,4),(629,29,4,1,'USD 1000',3,4,21,3,4),(630,29,4,1,'USD 1000',6,4,21,3,4),(631,92,4,1,'En caso de accidente, se pondrá a disposición del asegurado un vehículo de reemplazo hasta por 15 días acumulables al año y 30 días por robo total acumulables al año\0',1,4,21,3,4),(632,92,4,1,'En caso de accidente, se pondrá a disposición del asegurado un vehículo de reemplazo hasta por 15 días acumulables al año y 30 días por robo total acumulables al año\0',3,4,21,3,4),(633,92,4,1,'En caso de accidente, se pondrá a disposición del asegurado un vehículo de reemplazo hasta por 15 días acumulables al año y 30 días por robo total acumulables al año\0',6,4,21,3,4),(634,93,4,1,'Chofer de reemplazo hasta 5 veces al año\0',1,4,21,3,4),(635,93,4,1,'Chofer de reemplazo hasta 5 veces al año\0',3,4,21,3,4),(637,98,4,1,'Auxilio mecánico, grúa, ambulancia, asesoría legal y asistencia en viajes\0',1,4,21,3,4),(638,98,4,1,'Auxilio mecánico, grúa, ambulancia, asesoría legal y asistencia en viajes\0',3,4,21,3,4),(639,98,4,1,'Auxilio mecánico, grúa, ambulancia, asesoría legal y asistencia en viajes\0',6,4,21,3,4),(640,97,4,1,'USD 50000',1,4,21,3,4),(641,97,4,1,'USD 50000',3,4,21,3,4),(642,97,4,1,'USD 50000',6,4,21,3,4),(643,32,4,1,'Valor de nuevo (de factura) durante los 2 años de contratacion',1,4,21,3,7),(644,32,4,1,'Valor de nuevo (de factura) durante los 2 años de contratacion',3,4,21,3,7),(645,32,4,1,'Valor de nuevo (de factura) durante los 2 años de contratacion',6,4,21,3,7),(646,79,4,1,'Valor de nuevo (de factura) durante los 2 años de contratacion',1,4,21,3,7),(647,79,4,1,'Valor de nuevo (de factura) durante los 2 años de contratacion',3,4,21,3,7),(648,79,4,1,'Valor de nuevo (de factura) durante los 2 años de contratacion',6,4,21,3,7),(649,9,4,1,'USD 150000',1,4,21,3,7),(650,9,4,1,'USD 150000',3,4,21,3,7),(651,9,4,1,'USD 150000',6,4,21,3,7),(652,11,4,1,'USD 50000',1,4,21,3,7),(653,11,4,1,'USD 50000',3,4,21,3,7),(654,11,4,1,'USD 50000',6,4,21,3,7),(655,120,4,1,'USD 20000',1,4,21,3,7),(656,120,4,1,'USD 20000',3,4,21,3,7),(657,120,4,1,'USD 20000',6,4,21,3,7),(658,8,4,1,'USD 4000',1,4,21,3,7),(659,8,4,1,'USD 4000',3,4,21,3,7),(660,8,4,1,'USD 4000',6,4,21,3,7),(661,86,4,1,'USD 2000',1,4,21,3,7),(662,86,4,1,'USD 2000',3,4,21,3,7),(663,86,4,1,'USD 2000',6,4,21,3,7),(664,29,4,1,'1000',1,4,21,3,7),(665,29,4,1,'1000',3,4,21,3,7),(666,29,4,1,'1000',6,4,21,3,7),(667,93,4,1,'Chofer de reemplazo hasta 5 veces al año\0',1,4,21,3,7),(668,93,4,1,'Chofer de reemplazo hasta 5 veces al año\0',3,4,21,3,7),(670,92,4,1,'Vehículo de reemplazo hasta por 15 días acumulables al año\0',1,4,21,3,7),(671,92,4,1,'Vehículo de reemplazo hasta por 15 días acumulables al año\0',3,4,21,3,7),(672,92,4,1,'Vehículo de reemplazo hasta por 15 días acumulables al año\0',6,4,21,3,7),(673,98,4,1,'Comunicarse con la central de asistencia SI24 \0',1,4,21,3,7),(674,98,4,1,'Comunicarse con la central de asistencia SI24 \0',3,4,21,3,7),(675,98,4,1,'Comunicarse con la central de asistencia SI24 \0',6,4,21,3,7),(676,13,4,1,'USD 50000',1,4,21,3,7),(677,13,4,1,'USD 50000',3,4,21,3,7),(678,13,4,1,'USD 50000',6,4,21,3,7),(679,97,4,1,'USD 50000\0',1,4,21,3,7),(680,97,4,1,'USD 50000\0',3,4,21,3,7),(681,97,4,1,'USD 50000\0',6,4,21,3,7),(682,32,4,1,'Valor Comercial\0',1,4,21,3,2),(683,32,4,1,'Valor Comercial\0',3,4,21,3,2),(684,32,4,1,'Valor Comercial\0',17,4,21,3,2),(685,79,4,1,'Valor comercial',1,4,21,3,2),(686,79,4,1,'Valor comercial',3,4,21,3,2),(687,79,4,1,'Valor comercial',6,4,21,3,2),(688,9,4,1,'USD 100000',1,4,21,3,2),(689,9,4,1,'USD 100000',3,4,21,3,2),(690,9,4,1,'USD 100000',17,4,21,3,2),(691,11,4,1,'USD 30000',1,4,21,3,2),(692,11,4,1,'USD 30000',3,4,21,3,2),(693,11,4,1,'USD 30000',17,4,21,3,2),(694,120,4,1,'USD 20000',1,4,21,3,2),(695,120,4,1,'USD 20000',3,4,21,3,2),(696,120,4,1,'USD 20000',17,4,21,3,2),(697,8,4,1,'USD 4000',1,4,21,3,2),(698,8,4,1,'USD 4000',3,4,21,3,2),(699,8,4,1,'USD 4000',17,4,21,3,2),(700,29,4,1,'USD 500',1,4,21,3,2),(701,29,4,1,'USD 500',3,4,21,3,2),(702,29,4,1,'USD 500',17,4,21,3,2),(703,92,4,1,'Hasta por 15 días \0',1,4,21,3,2),(704,92,4,1,'Hasta por 15 días \0',3,4,21,3,2),(705,92,4,1,'Hasta por 15 días \0',17,4,21,3,2),(706,93,4,1,'Se incluye un copago de S/. 50.00\0',1,4,21,3,2),(707,93,4,1,'Se incluye un copago de S/. 50.00\0',3,4,21,3,2),(708,93,4,1,'Se incluye un copago de S/. 50.00\0',6,4,21,3,2),(709,13,4,1,'USD 30000',1,4,21,3,2),(710,13,4,1,'USD 30000',3,4,21,3,2),(711,13,4,1,'USD 30000',6,4,21,3,2),(714,32,4,1,'Valor pactado',1,4,21,3,12),(715,32,4,1,'Valor pactado',3,4,21,3,12),(716,32,4,1,'Valor pactado',7,4,21,3,12),(717,79,4,1,'Valor pactado',1,4,21,3,12),(718,79,4,1,'Valor pactado',3,4,21,3,12),(719,79,4,1,'Valor pactado',7,4,21,3,12),(720,9,4,1,'USD 150000',1,4,21,3,12),(721,9,4,1,'USD 150000',3,4,21,3,12),(722,9,4,1,'USD 150000',7,4,21,3,12),(723,11,4,1,'USD 50000',1,4,21,3,12),(724,11,4,1,'USD 50000',3,4,21,3,12),(725,11,4,1,'USD 50000',7,4,21,3,12),(726,120,4,1,'USD 20000',1,4,21,3,12),(727,120,4,1,'USD 20000',3,4,21,3,12),(728,120,4,1,'USD 20000',7,4,21,3,12),(729,8,4,1,'USD 4000',1,4,21,3,12),(730,8,4,1,'USD 4000',3,4,21,3,12),(731,8,4,1,'USD 4000',7,4,21,3,12),(732,86,4,1,'USD 2000',1,4,21,3,12),(733,86,4,1,'USD 2000',3,4,21,3,12),(734,86,4,1,'USD 2000',7,4,21,3,12),(735,29,4,1,'Sin limite',1,4,21,3,12),(736,29,4,1,'Sin limite',3,4,21,3,12),(737,29,4,1,'Sin limite',7,4,21,3,12),(738,92,4,1,'Hasta por 15 días acumulables al año\0',1,4,21,3,12),(739,92,4,1,'Hasta por 15 días acumulables al año\0',3,4,21,3,12),(740,92,4,1,'Hasta por 15 días acumulables al año\0',7,4,21,3,12),(741,13,4,1,'USD 50000',1,4,21,3,12),(742,13,4,1,'USD 50000',3,4,21,3,12),(743,13,4,1,'USD 50000',7,4,21,3,12),(744,97,4,1,'USD 50000',1,4,21,3,12),(745,97,4,1,'USD 50000',3,4,21,3,12),(746,97,4,1,'USD 50000',7,4,21,3,12),(747,9,4,1,'USD 100000',1,4,21,3,3),(748,9,4,1,'USD 100000',3,4,21,3,3),(749,9,4,1,'USD 100000',17,4,21,3,3),(754,11,4,1,'USD 30000',1,4,21,3,3),(755,11,4,1,'USD 30000',3,4,21,3,3),(756,11,4,1,'USD 30000',17,4,21,3,3),(757,120,4,1,'USD 20000',1,4,21,3,3),(758,120,4,1,'USD 20000',3,4,21,3,3),(759,120,4,1,'USD 20000',17,4,21,3,3),(760,8,4,1,'USD 4000',1,4,21,3,3),(761,8,4,1,'USD 4000',3,4,21,3,3),(762,8,4,1,'USD 4000',17,4,21,3,3),(763,79,4,1,'Accidente, Incendio, Robo o Hurto, Fenómenos naturales, Huelga, conmoción civil, daño malicioso, vandalismo y terrorismo,\0',1,4,21,3,3),(764,79,4,1,'Accidente, Incendio, Robo o Hurto, Fenómenos naturales, Huelga, conmoción civil, daño malicioso, vandalismo y terrorismo,\0',3,4,21,3,3),(765,79,4,1,'Accidente, Incendio, Robo o Hurto, Fenómenos naturales, Huelga, conmoción civil, daño malicioso, vandalismo y terrorismo,\0',17,4,21,3,3),(766,32,4,1,'Solo reposición de lunas nacionales.\0',1,4,21,3,3),(767,32,4,1,'Solo reposición de lunas nacionales.\0',3,4,21,3,3),(768,32,4,1,'Solo reposición de lunas nacionales.\0',17,4,21,3,3),(769,98,4,1,'hasta USD 250 vía reembolso\0',1,4,21,3,3),(770,98,4,1,'hasta USD 250 vía reembolso\0',3,4,21,3,3),(771,98,4,1,'hasta USD 250 vía reembolso\0',17,4,21,3,3),(772,32,4,3,'Valor Comercial\0',1,4,21,3,6),(773,32,4,3,'Valor Comercial\0',3,4,21,3,6),(774,32,4,3,'Valor Comercial\0',17,4,21,3,6),(775,79,4,3,'Valor comercial',1,4,21,3,6),(776,79,4,3,'Valor comercial',3,4,21,3,6),(777,79,4,3,'Valor comercial',17,4,21,3,6),(778,79,4,3,'Valor Comercial\0',1,4,21,3,6),(779,79,4,3,'Valor Comercial\0',3,4,21,3,6),(780,79,4,3,'Valor Comercial\0',17,4,21,3,6),(781,9,4,3,'USD 50000',1,4,21,3,6),(782,9,4,3,'USD 50000',3,4,21,3,6),(783,9,4,3,'USD 50000',17,4,21,3,6),(784,120,4,3,'USD 5000',1,4,21,3,6),(785,120,4,3,'USD 5000',3,4,21,3,6),(786,120,4,3,'USD 5000',17,4,21,3,6),(787,8,4,3,'USD 2000',1,4,21,3,6),(788,8,4,3,'USD 2000',3,4,21,3,6),(789,8,4,3,'USD 2000',17,4,21,3,6),(790,86,4,3,'USD 1000',1,4,21,3,6),(791,86,4,3,'USD 1000',3,4,21,3,6),(792,86,4,3,'USD 1000',17,4,21,3,6),(793,29,4,3,'USD 500',1,4,21,3,6),(794,29,4,3,'USD 500',3,4,21,3,6),(795,29,4,3,'USD 500',17,4,21,3,6),(796,98,4,3,'USD 250 vía reembolso\0',1,4,21,3,6),(797,98,4,3,'USD 250 vía reembolso\0',3,4,21,3,6),(798,98,4,3,'USD 250 vía reembolso\0',17,4,21,3,6),(799,32,4,3,'USD 30000',1,4,21,3,6),(800,32,4,3,'USD 30000',3,4,21,3,6),(801,32,4,3,'USD 30000',17,4,21,3,6),(802,9,4,1,'Alternativa I  = USD 50000\0 Alternativa II = 100000',1,4,21,3,13),(803,9,4,1,'Alternativa I  = USD 50000\0 Alternativa II = 100000',3,4,21,3,13),(804,9,4,1,'Alternativa I  = USD 50000\0 Alternativa II = 100000',15,4,21,3,13),(805,9,4,1,'Alternativa I  = USD 50000\0 Alternativa II = 100000',6,4,21,3,13),(806,11,4,1,'Hasta USD 10,000 por vehículo\0',1,4,21,3,13),(807,11,4,1,'Hasta USD 10,000 por vehículo\0',3,4,21,3,13),(808,11,4,1,'Hasta USD 10,000 por vehículo\0',15,4,21,3,13),(809,11,4,1,'Hasta USD 10,000 por vehículo\0',6,4,21,3,13),(810,120,4,1,'hasta USD  20,000 c/u\0',1,4,21,3,13),(811,120,4,1,'hasta USD  20,000 c/u\0',3,4,21,3,13),(812,120,4,1,'hasta USD  20,000 c/u\0',15,4,21,3,13),(813,120,4,1,'hasta USD  20,000 c/u\0',6,4,21,3,13),(814,8,4,1,'USD 4000',1,4,21,3,13),(815,8,4,1,'USD 4000',3,4,21,3,13),(816,8,4,1,'USD 4000',17,4,21,3,13),(817,8,4,1,'USD 4000',6,4,21,3,13),(818,86,4,1,'USD 1000',1,4,21,3,13),(819,86,4,1,'USD 1000',3,4,21,3,13),(820,86,4,1,'USD 1000',17,4,21,3,13),(821,86,4,1,'USD 1000',6,4,21,3,13),(822,98,4,1,'Hasta USD 250 vía reembolso\0',1,4,21,3,13),(823,98,4,1,'Hasta USD 250 vía reembolso\0',3,4,21,3,13),(824,98,4,1,'Hasta USD 250 vía reembolso\0',17,4,21,3,13),(825,98,4,1,'Hasta USD 250 vía reembolso\0',6,4,21,3,13),(826,32,4,1,'Valor Pactado y/o Admitido\0',1,4,21,3,1),(827,32,4,1,'Valor Pactado y/o Admitido\0',3,4,21,3,1),(828,32,4,1,'Valor Pactado y/o Admitido\0',17,4,21,3,1),(829,79,4,1,'Valor Pactado y/o Admitido\0',1,4,21,3,1),(830,79,4,1,'Valor Pactado y/o Admitido\0',3,4,21,3,1),(831,79,4,1,'Valor Pactado y/o Admitido\0',15,4,21,3,1),(832,9,4,1,'USD 150000',1,4,21,3,1),(833,9,4,1,'USD 150000',3,4,21,3,1),(834,9,4,1,'USD 150000',15,4,21,3,1),(835,11,4,1,'Hasta USD 50,000 por vehículo\0',1,4,21,3,1),(836,11,4,1,'Hasta USD 50,000 por vehículo\0',3,4,21,3,1),(837,11,4,1,'Hasta USD 50,000 por vehículo\0',15,4,21,3,1),(838,120,4,1,'USD 20000',1,4,21,3,1),(839,120,4,1,'USD 20000',3,4,21,3,1),(840,120,4,1,'USD 20000',15,4,21,3,1),(841,8,4,1,'USD 4000',1,4,21,3,1),(842,8,4,1,'USD 4000',3,4,21,3,1),(843,8,4,1,'USD 4000',15,4,21,3,1),(844,86,4,1,'USD 2000',1,4,21,3,1),(845,86,4,1,'USD 2000',3,4,21,3,1),(846,86,4,1,'USD 2000',15,4,21,3,1),(847,29,4,1,'Hasta USD 1000',1,4,21,3,1),(848,29,4,1,'Hasta USD 1000',3,4,21,3,1),(849,29,4,1,'Hasta USD 1000',15,4,21,3,1),(850,92,4,1,'Vehículo de reemplazo hasta por 15 días acumulables al año \0',1,4,21,3,1),(851,92,4,1,'Vehículo de reemplazo hasta por 15 días acumulables al año \0',3,4,21,3,1),(852,92,4,1,'Vehículo de reemplazo hasta por 15 días acumulables al año \0',15,4,21,3,1),(853,93,4,1,'Copago: S/. 20.00 por los primeros 5 servicios\0',1,4,21,3,1),(854,93,4,1,'Copago: S/. 20.00 por los primeros 5 servicios\0',3,4,21,3,1),(855,93,4,1,'Copago: S/. 20.00 por los primeros 5 servicios\0',15,4,21,3,1),(856,98,4,1,'Hasta USD 500 vía reembolso\0',1,4,21,3,1),(857,98,4,1,'Hasta USD 500 vía reembolso\0',3,4,21,3,1),(858,98,4,1,'Hasta USD 500 vía reembolso\0',15,4,21,3,1),(859,13,4,1,'hasta USD 50000\0',1,4,21,3,1),(860,13,4,1,'hasta USD 50000\0',3,4,21,3,1),(861,13,4,1,'hasta USD 50000\0',15,4,21,3,1),(862,24,4,1,'realización de las gestiones y trámites en vía extrajudicial para el resarcimiento de los daños y perjuicios ocasionados\0',1,4,21,3,1),(863,24,4,1,'realización de las gestiones y trámites en vía extrajudicial para el resarcimiento de los daños y perjuicios ocasionados\0',3,4,21,3,1),(864,24,4,1,'realización de las gestiones y trámites en vía extrajudicial para el resarcimiento de los daños y perjuicios ocasionados\0',15,4,21,3,1),(865,97,4,1,'El Asegurado tendrá Cobertura Internacional para su unidad, cuando se desplace a y en Chile, Ecuador, Brasil, Bolivia y Argentina,',1,4,21,3,1),(866,97,4,1,'El Asegurado tendrá Cobertura Internacional para su unidad, cuando se desplace a y en Chile, Ecuador, Brasil, Bolivia y Argentina,',3,4,21,3,1),(867,97,4,1,'El Asegurado tendrá Cobertura Internacional para su unidad, cuando se desplace a y en Chile, Ecuador, Brasil, Bolivia y Argentina,',15,4,21,3,1),(868,32,2,9,'Suma asegurada',1,2,21,3,10),(871,9,2,9,'Hasta USD 150000',1,2,21,3,10),(873,120,2,9,'USD 25000',1,2,21,3,10),(874,8,2,9,'USD 4000',1,2,21,3,10),(875,86,2,9,'USD 2000',1,2,21,3,10),(876,29,2,9,'Con un límite de USD 1,000\0',1,2,21,3,10),(877,20,2,9,'Suma asegurada',1,2,21,3,10),(878,13,2,9,'Suma asegurada',1,2,21,3,10),(879,103,2,9,'Suma Asegurada',1,2,21,3,10),(880,140,2,9,'Cubierto',1,2,21,3,10);
/*!40000 ALTER TABLE `cobert_asegur` ENABLE KEYS */;
UNLOCK TABLES;

--
-- Table structure for table `cobertura`
--

DROP TABLE IF EXISTS `cobertura`;
/*!40101 SET @saved_cs_client     = @@character_set_client */;
/*!40101 SET character_set_client = utf8 */;
CREATE TABLE `cobertura` (
  `id_cobert` int(11) NOT NULL AUTO_INCREMENT,
  `descripcion` varchar(500) NOT NULL,
  PRIMARY KEY (`id_cobert`),
  KEY `descripcion` (`descripcion`)
) ENGINE=InnoDB AUTO_INCREMENT=141 DEFAULT CHARSET=latin1;
/*!40101 SET character_set_client = @saved_cs_client */;

--
-- Dumping data for table `cobertura`
--

LOCK TABLES `cobertura` WRITE;
/*!40000 ALTER TABLE `cobertura` DISABLE KEYS */;
INSERT INTO `cobertura` VALUES (38,'259259'),(29,'Accesorios Musicales '),(67,'Accidentes de personales ocupantes (Sólo chofer y ayudante) (Gastos de curación)'),(68,'Accidentes de personales ocupantes (Sólo chofer y ayudante) (Gastos de sepelio)'),(66,'Accidentes de personales ocupantes (Sólo chofer y ayudante) (Muerte e invalidez permanente)'),(107,'Accidentes personales (máximo  4 ocupantes, excluye al chofer) (Gastos de curación)'),(108,'Accidentes personales (máximo  4 ocupantes, excluye al chofer) (Gastos de sepelio)'),(106,'Accidentes personales (máximo  4 ocupantes, excluye al chofer) (Invalidez permanente)'),(105,'Accidentes personales (máximo  4 ocupantes, excluye al chofer) (Muerte)'),(111,'Accidentes personales (Solo chofer) (Gastos de curación)'),(110,'Accidentes Personales (Solo chofer) (Muerte e invalidez permanente)'),(40,'Accidentes personales de ocupantes (Gastos de curación)'),(41,'Accidentes personales de ocupantes (Gastos de sepelio)'),(39,'Accidentes personales de ocupantes (Muerte e invalidez permanente)'),(78,'Accidentes personales de ocupantes (Según tarjeta de propiedad máximo 2 ocupantes)'),(72,'Accidentes personales de ocupantes (Según tarjeta de propiedad máximo 5 ocupantes) (Gastos de curación)'),(73,'Accidentes personales de ocupantes (Según tarjeta de propiedad máximo 5 ocupantes) (Gastos de sepelio)'),(71,'Accidentes personales de ocupantes (Según tarjeta de propiedad máximo 5 ocupantes) (Muerte e invalidez permanente)'),(77,'Accidentes personales de ocupantes (Según tarjeta de propiedad)'),(98,'Asistencia a Automóviles y Personas'),(131,'Asistencia personal en caso de siniestro, Servicio al cliente - Linea Positiva'),(133,'Asistencia Personal en caso de Siniestros, Servicio al cliente - Linea positiva'),(13,'Ausencia De Control '),(93,'Chofer de Reemplazo'),(132,'Chofer de reemplazo (Solo en Lima, 3 veces al año)'),(99,'Chofer de reemplazo (Solo Lima)'),(28,'Choque, vuelco, incendio, robo total y/o parcial, rotura de lunas'),(103,'Circulación en vías del uso regular frecuente'),(104,'Circulación en vías fuera del uso regular y frecuente'),(87,'Cirugía Estética Para El Piloto Y Copiloto Por Accidente'),(18,'Cobertura De Asistencia En Viaje'),(88,'Cobertura De Asistencia En Viaje'),(15,'Cobertura De Chofer De Reemplazo'),(16,'Cobertura De Vehículo De Reemplazo'),(97,'Cobertura Internacional'),(32,'Daño Propio y Material'),(80,'Daños por robo, hurto y usos no autorizados'),(84,'Defensa judicial'),(91,'Equipos Audiovisuales'),(8,'Gastos De Curación '),(1,'Huelga, Conmoción Civil, Daño Malicioso, Vandalismo y Terrorismo'),(109,'Imprudencia Culposa'),(26,'Imprudencia del conductor'),(120,'Muerte e invalidez permanente'),(79,'Perdida total'),(63,'Perdida total (Excepto robo total)'),(138,'Perdida total por daños materiales'),(139,'Perdida total por robo o hurto'),(62,'RC por ausencia de control'),(24,'Reclamación de daños'),(96,'Reclamación de Daños'),(129,'Reembolso de Grua en caso de accidente'),(74,'Rehabilitaci'),(61,'Rehabilitación automatica de la suma asegurada'),(31,'Rehabilitación automática de la suma asegurada sin costo de prima, no aplicable a accesorios musicales'),(75,'Rehabilitación automática de la suma asegurada sin costo de prima, no aplicable a accesorios musicales'),(58,'Rehabilitación automática sin costo de prima'),(44,'Responsabilidad civil'),(11,'Responsabilidad Civil A Ocupantes'),(9,'Responsabilidad Civil Frente A Terceros'),(43,'Responsabilidad civil por ausencia de control'),(130,'Responsabilidad civil por Ausencia de control (Libre manejo del corredor, solo cuando el indique)'),(60,'Responsabilidad civil por ausencia de control (Solo para pólizas endosadas a entidades financieras)'),(22,'Responsabilidad Civil por imprudencia culposa'),(140,'Restitución de la suma asegurada\0'),(20,'Riesgos de la Naturaleza'),(102,'Riesgos Políticos'),(10,'Robo O Hurto De Accesorios'),(81,'Robo o hurto de piezas y partes'),(55,'Rotura accidental de lunas (Lunas importadas)'),(53,'Rotura accidental de lunas (Lunas nacionales)'),(54,'Rotura accidental de lunas (Lunas nacionales)'),(86,'Sepelio'),(47,'Talleres afiliados'),(48,'Talleres afiliados ( Bajo riesgo )'),(49,'Talleres afiliados (Mediano riesgo y Alto riesgo)'),(45,'Talleres multimarca'),(50,'Talleres no afiliados'),(46,'Talleres preferentes'),(36,'uihbh'),(21,'Uso de Vías no Autorizadas'),(92,'Vehículos de Reemplazo (Solo Lima)'),(52,'Vías no autorizadas'),(56,'Volcadura, despiste, desbarrancamiento'),(35,'yrtyrty'),(14,'z'),(17,'z'),(126,'z');
/*!40000 ALTER TABLE `cobertura` ENABLE KEYS */;
UNLOCK TABLES;

--
-- Table structure for table `deduc_asegur`
--

DROP TABLE IF EXISTS `deduc_asegur`;
/*!40101 SET @saved_cs_client     = @@character_set_client */;
/*!40101 SET character_set_client = utf8 */;
CREATE TABLE `deduc_asegur` (
  `id` int(11) NOT NULL AUTO_INCREMENT,
  `id_deduc` int(11) NOT NULL,
  `id_aseg` int(11) NOT NULL,
  `id_uso` int(11) NOT NULL,
  `tipo` int(100) DEFAULT NULL,
  `modalidad` int(100) DEFAULT NULL,
  `anio` int(100) DEFAULT NULL,
  `categoria` int(100) DEFAULT NULL,
  `programa` int(100) DEFAULT NULL,
  `value` varchar(150) NOT NULL,
  PRIMARY KEY (`id`),
  KEY `id_deduc` (`id_deduc`),
  KEY `id_aseg` (`id_aseg`),
  KEY `id_uso` (`id_uso`),
  KEY `tipo` (`tipo`),
  KEY `modalidad` (`modalidad`),
  KEY `anio` (`anio`),
  KEY `categoria` (`categoria`),
  KEY `programa` (`programa`),
  CONSTRAINT `deduc_asegur_ibfk_1` FOREIGN KEY (`id_deduc`) REFERENCES `deducibles` (`id_deduc`),
  CONSTRAINT `deduc_asegur_ibfk_2` FOREIGN KEY (`id_aseg`) REFERENCES `aseguradora` (`id_asegurad`),
  CONSTRAINT `deduc_asegur_ibfk_3` FOREIGN KEY (`id_uso`) REFERENCES `uso` (`id_uso`),
  CONSTRAINT `deduc_asegur_ibfk_4` FOREIGN KEY (`tipo`) REFERENCES `clase` (`id_clase`),
  CONSTRAINT `deduc_asegur_ibfk_5` FOREIGN KEY (`modalidad`) REFERENCES `modalidad` (`id_modalidad`),
  CONSTRAINT `deduc_asegur_ibfk_6` FOREIGN KEY (`anio`) REFERENCES `anio` (`id_anio`),
  CONSTRAINT `deduc_asegur_ibfk_7` FOREIGN KEY (`categoria`) REFERENCES `categorias` (`id_categ`),
  CONSTRAINT `deduc_asegur_ibfk_8` FOREIGN KEY (`programa`) REFERENCES `programa` (`id_program`)
) ENGINE=InnoDB AUTO_INCREMENT=122 DEFAULT CHARSET=latin1;
/*!40101 SET character_set_client = @saved_cs_client */;

--
-- Dumping data for table `deduc_asegur`
--

LOCK TABLES `deduc_asegur` WRITE;
/*!40000 ALTER TABLE `deduc_asegur` DISABLE KEYS */;
INSERT INTO `deduc_asegur` VALUES (12,27,3,1,1,4,24,3,10,'Deducible fijo elegido'),(13,2,3,1,1,4,24,3,10,'0'),(14,86,3,1,1,4,24,3,10,'0'),(15,87,3,1,1,4,24,3,10,'Deducible fijo elegido'),(16,88,3,1,1,4,24,3,10,'Deducible fijo elegido'),(17,89,3,1,1,4,24,3,10,'0'),(18,90,3,1,1,4,24,3,10,'0'),(19,7,3,1,1,4,24,3,10,'0'),(21,59,3,1,1,4,24,3,10,'0'),(22,91,3,1,1,4,24,3,10,'0'),(23,92,3,1,1,4,24,3,10,'0'),(25,93,3,1,1,4,24,3,10,'0'),(26,17,3,1,1,4,24,3,10,'Cubre 3 año sin deducible'),(27,60,3,1,1,4,24,3,10,'S/. 300'),(28,94,3,1,1,4,24,3,10,'0'),(29,95,3,1,1,4,24,3,10,'0'),(30,1,3,2,6,4,24,3,10,'Deducible fijo eLegido'),(31,87,3,2,6,4,24,3,10,'Deducible fijo elegido'),(32,88,3,2,6,4,24,3,10,'Deducible fijo elegido'),(33,96,3,2,6,4,24,3,10,'Deducible fijo elegido'),(34,12,3,2,6,4,24,3,10,'20% del monto total del siniestro'),(35,12,3,1,1,4,24,3,10,'20% del monto total del siniestro'),(64,7,1,1,1,2,21,3,1,'10 % monto indemnizable, minimo USD 150'),(65,7,1,1,17,2,21,3,1,'10 % monto indemnizable, minimo USD 150'),(66,7,1,1,7,2,21,3,1,'10 % monto indemnizable, minimo USD 150'),(67,7,1,1,6,2,21,3,1,'10 % monto indemnizable, minimo USD 150'),(68,22,1,1,1,2,21,3,1,'10% monto indemnizable, minimo USD 150'),(69,22,1,1,17,2,21,3,1,'10% monto indemnizable, minimo USD 150'),(70,22,1,1,7,2,21,3,1,'10% monto indemnizable, minimo USD 150'),(71,22,1,1,6,2,21,3,1,'10% monto indemnizable, minimo USD 150'),(72,21,1,1,1,2,21,3,1,'12% monto indemnizable, minimo USD 150'),(73,21,1,1,15,2,21,3,1,'12% monto indemnizable, minimo USD 150'),(74,21,1,1,7,2,21,3,1,'12% monto indemnizable, minimo USD 150'),(75,21,1,1,6,2,21,3,1,'12% monto indemnizable, minimo USD 150'),(76,28,1,1,1,2,21,3,1,'15% monto indemnizable, minimo USD 150'),(77,28,1,1,15,2,21,3,1,'15% monto indemnizable, minimo USD 150'),(78,28,1,1,7,2,21,3,1,'15% monto indemnizable, minimo USD 150'),(79,28,1,1,6,2,21,3,1,'15% monto indemnizable, minimo USD 150'),(80,29,1,1,1,2,21,3,1,'15% monto indemnizable, minimo USD 250'),(81,29,1,1,15,2,21,3,1,'15% monto indemnizable, minimo USD 250'),(82,29,1,1,7,2,21,3,1,'15% monto indemnizable, minimo USD 250'),(83,29,1,1,6,2,21,3,1,'15% monto indemnizable, minimo USD 250'),(84,20,1,1,1,2,21,3,1,'20% monto indemnizable, minimo USD 300'),(85,20,1,1,17,2,21,3,1,'20% monto indemnizable, minimo USD 300'),(86,20,1,1,7,2,21,3,1,'20% monto indemnizable, minimo USD 300'),(87,20,1,1,6,2,21,3,1,'20% monto indemnizable, minimo USD 300'),(88,12,1,1,1,2,21,3,1,'20% monto indemnizable, minimo USD 300'),(89,12,1,1,17,2,21,3,1,'20% monto indemnizable, minimo USD 300'),(90,12,1,1,7,2,21,3,1,'20% monto indemnizable, minimo USD 300'),(91,12,1,1,6,2,21,3,1,'20% monto indemnizable, minimo USD 300'),(92,30,1,1,1,2,21,3,1,'20% monto indemnizable, minimo USD 300'),(93,30,1,1,17,2,21,3,1,'20% monto indemnizable, minimo USD 300'),(94,30,1,1,7,2,21,3,1,'20% monto indemnizable, minimo USD 300'),(95,30,1,1,6,2,21,3,1,'20% monto indemnizable, minimo USD 300'),(96,8,1,1,1,2,21,3,1,'20% monto indemnizable, minimo USD 300'),(97,8,1,1,17,2,21,3,1,'20% monto indemnizable, minimo USD 300'),(98,8,1,1,7,2,21,3,1,'20% monto indemnizable, minimo USD 300'),(99,8,1,1,6,2,21,3,1,'20% monto indemnizable, minimo USD 300'),(100,14,1,1,1,2,21,3,1,'10% monto indemnizable, minimo USD 150'),(101,14,1,1,17,2,21,3,1,'10% monto indemnizable, minimo USD 150'),(102,14,1,1,7,2,21,3,1,'10% monto indemnizable, minimo USD 150'),(103,14,1,1,6,2,21,3,1,'10% monto indemnizable, minimo USD 150'),(104,16,1,1,1,2,21,3,1,'10% monto indemnizable, minimo USD 150'),(105,16,1,1,17,2,21,3,1,'10% monto indemnizable, minimo USD 150'),(106,16,1,1,7,2,21,3,1,'10% monto indemnizable, minimo USD 150'),(112,7,1,1,6,2,21,3,1,'15% monto indemnizable, minimo USD 250'),(113,22,1,1,6,2,21,3,1,'15% monto indemnizable, minimo USD 250'),(114,21,1,1,6,2,21,3,1,'15% monto indemnizable, minimo USD 250'),(115,21,1,1,6,2,21,3,1,'15% monto indemnizable, minimo USD 250'),(116,19,1,1,6,2,21,3,1,'15% monto indemnizable, minimo USD 300'),(117,20,1,1,6,2,21,3,1,'20% monto indemnizable, minimo USD 400'),(118,12,1,1,6,2,21,3,1,'20% monto indemnizable, minimo USD 500'),(119,30,1,1,6,2,21,3,1,'20% monto indemnizable, minimo USD 500'),(120,8,1,1,6,2,21,3,1,'20% monto indemnizable, minimo USD 500'),(121,24,1,1,6,2,21,3,1,'20% monto indemnizable');
/*!40000 ALTER TABLE `deduc_asegur` ENABLE KEYS */;
UNLOCK TABLES;

--
-- Table structure for table `deducibles`
--

DROP TABLE IF EXISTS `deducibles`;
/*!40101 SET @saved_cs_client     = @@character_set_client */;
/*!40101 SET character_set_client = utf8 */;
CREATE TABLE `deducibles` (
  `id_deduc` int(11) NOT NULL AUTO_INCREMENT,
  `deducible` varchar(400) NOT NULL,
  PRIMARY KEY (`id_deduc`),
  KEY `deducible` (`deducible`)
) ENGINE=InnoDB AUTO_INCREMENT=97 DEFAULT CHARSET=latin1;
/*!40101 SET character_set_client = @saved_cs_client */;

--
-- Dumping data for table `deducibles`
--

LOCK TABLES `deducibles` WRITE;
/*!40000 ALTER TABLE `deducibles` DISABLE KEYS */;
INSERT INTO `deducibles` VALUES (14,'Accesorios musicales'),(57,'Afiliado concesionario'),(95,'Asistencia en viaje'),(12,'Ausencia de control'),(44,'Ausencia de control (solo para pólizas endosadas a entidades financieras y/o flotas)'),(17,'Chofer de reemplazo'),(68,'Circulación en vías y caminos fuera del uso regular y frecuente'),(94,'Cirugia estetica para el piloto y copiloto'),(80,'Conductor varón menor  de 29 años, Por todo y cada evento'),(87,'Daño por robo o hurto no autorizado'),(1,'Daño propio'),(40,'Daños a la cámara isotérmica'),(27,'Daños Materiales'),(83,'Daños por caida de piedras'),(61,'Deducible para menor de 25 años'),(62,'Deducible por conductor de sexo masculino'),(81,'Deducible por perdida total'),(82,'Deducible por volcadura'),(92,'Defensa judicial'),(26,'Desbarrancamiento'),(85,'Evento (Siniestros atendidos solo en red de talleres afiliados no incluidos en listado de talleres Movilplan)'),(84,'Evento (Siniestros atendidos solo en red de talleres Movilplan)'),(90,'Gastos de curacion '),(43,'Huelga, conmoción civil, daño malicioso, vandalismo y terrorismo'),(10,'Imprudencia culposa'),(16,'Lunas importadas'),(15,'Lunas nacionales'),(9,'Menor de 25 años'),(89,'Muerte e invalidez permanente'),(58,'No afiliado'),(67,'Perdida Parcial o Total por ausencia del control y REsponsabilidad civil por ausencia de control'),(34,'Perdida Total'),(35,'Perdida total (Excepto robo total)'),(2,'Pérdida total por daños'),(72,'Pérdida total por despiste, volcadura o desbarrancamiento para unidades circulación en provincias.'),(79,'Pérdida Total por Off Road coaseguro de 30%'),(86,'Perdida total por robo o hurto'),(11,'Pérdida Total x imprudencia'),(75,'Pérdidas parcial por imprudencia culposa o ausencia de control, 20% del monto del siniestro, con un recargo del 50% del mínimo que corresponda'),(76,'Pérdidas parcial por Off Road, 25% del monto del siniestro, con un recargo del 50% del mínimo que corresponda'),(77,'Pérdidas totales por imprudencia culposa o ausencia de control, 25% del monto del siniestro, con un recargo del 50% del mínimo que corresponda'),(78,'Pérdidas totales por Off Road, 30% del monto del siniestro, con un recargo del 50% del mínimo que corresponda'),(13,'RC por Ausencia de Control'),(56,'Rehabilitación automática de la suma asegurada sin costo de prima, no aplicable a accesorios musicales'),(7,'Responsabilidad Civil'),(91,'Responsabilidad civil a ocupantes'),(59,'Responsabilidad Civil Frente a Terceros No Ocupantes'),(30,'Responsabilidad civil por ausencia de control'),(55,'Responsabilidad Civil por Ausencia de Control (solo para pólizas endosadas a entidades financieras y/o flotas)'),(41,'Responsabilidad civil vehículos livianos'),(42,'Responsabilidad civil vehículos pesados'),(5,'Riesgos de la naturaleza'),(6,'Riesgos políticos (HCCDMVT)'),(96,'Robo de accesorios'),(88,'Robo o hurto de partes y piezas'),(3,'Robo parcial'),(4,'Robo total'),(74,'Robo total con dispositivo de rastreo activo'),(70,'Robo total para unidades que requieran el sistema de rastreo satelital (GPS) y lo tengan instalado y activado en el momento del siniestro'),(71,'Robo total para unidades que requieran el sistema de rastreo satelital (GPS) y no lo tengan instalado y activado en el momento del siniestro'),(73,'Robo total sin dispositivo de rastreo activo'),(23,'Rotura accidental de lunas'),(33,'Rotura accidental de lunas (Importadas)'),(32,'Rotura accidental de lunas (Nacionales)'),(69,'Roturas de lunas con reposición por lunas nacionales'),(93,'Sepelio'),(19,'Talleres afiliados'),(28,'Talleres Afiliados (Bajo riesgo)'),(29,'Talleres Afiliados (Mediano riesgo, Alto riesgo)'),(22,'Talleres Multimarca'),(20,'Talleres no Afiliados'),(21,'Talleres Preferentes'),(8,'Uso de vías no autorizadas'),(18,'Vehículo de reemplazo'),(60,'Vehículos de Reemplazo'),(31,'Vías no autorizadas'),(24,'Volcadura/Despite/Desbarrancamiento');
/*!40000 ALTER TABLE `deducibles` ENABLE KEYS */;
UNLOCK TABLES;

--
-- Table structure for table `django_admin_log`
--

DROP TABLE IF EXISTS `django_admin_log`;
/*!40101 SET @saved_cs_client     = @@character_set_client */;
/*!40101 SET character_set_client = utf8 */;
CREATE TABLE `django_admin_log` (
  `id` int(11) NOT NULL AUTO_INCREMENT,
  `action_time` datetime NOT NULL,
  `user_id` int(11) NOT NULL,
  `content_type_id` int(11) DEFAULT NULL,
  `object_id` longtext,
  `object_repr` varchar(200) NOT NULL,
  `action_flag` smallint(5) unsigned NOT NULL,
  `change_message` longtext NOT NULL,
  PRIMARY KEY (`id`),
  KEY `django_admin_log_6340c63c` (`user_id`),
  KEY `django_admin_log_37ef4eb4` (`content_type_id`),
  CONSTRAINT `content_type_id_refs_id_93d2d1f8` FOREIGN KEY (`content_type_id`) REFERENCES `django_content_type` (`id`),
  CONSTRAINT `user_id_refs_id_c0d12874` FOREIGN KEY (`user_id`) REFERENCES `auth_user` (`id`)
) ENGINE=InnoDB DEFAULT CHARSET=latin1;
/*!40101 SET character_set_client = @saved_cs_client */;

--
-- Dumping data for table `django_admin_log`
--

LOCK TABLES `django_admin_log` WRITE;
/*!40000 ALTER TABLE `django_admin_log` DISABLE KEYS */;
/*!40000 ALTER TABLE `django_admin_log` ENABLE KEYS */;
UNLOCK TABLES;

--
-- Table structure for table `django_content_type`
--

DROP TABLE IF EXISTS `django_content_type`;
/*!40101 SET @saved_cs_client     = @@character_set_client */;
/*!40101 SET character_set_client = utf8 */;
CREATE TABLE `django_content_type` (
  `id` int(11) NOT NULL AUTO_INCREMENT,
  `name` varchar(100) NOT NULL,
  `app_label` varchar(100) NOT NULL,
  `model` varchar(100) NOT NULL,
  PRIMARY KEY (`id`),
  UNIQUE KEY `app_label` (`app_label`,`model`)
) ENGINE=InnoDB AUTO_INCREMENT=7 DEFAULT CHARSET=latin1;
/*!40101 SET character_set_client = @saved_cs_client */;

--
-- Dumping data for table `django_content_type`
--

LOCK TABLES `django_content_type` WRITE;
/*!40000 ALTER TABLE `django_content_type` DISABLE KEYS */;
INSERT INTO `django_content_type` VALUES (1,'log entry','admin','logentry'),(2,'permission','auth','permission'),(3,'group','auth','group'),(4,'user','auth','user'),(5,'content type','contenttypes','contenttype'),(6,'session','sessions','session');
/*!40000 ALTER TABLE `django_content_type` ENABLE KEYS */;
UNLOCK TABLES;

--
-- Table structure for table `django_migrations`
--

DROP TABLE IF EXISTS `django_migrations`;
/*!40101 SET @saved_cs_client     = @@character_set_client */;
/*!40101 SET character_set_client = utf8 */;
CREATE TABLE `django_migrations` (
  `id` int(11) NOT NULL AUTO_INCREMENT,
  `app` varchar(255) NOT NULL,
  `name` varchar(255) NOT NULL,
  `applied` datetime NOT NULL,
  PRIMARY KEY (`id`)
) ENGINE=InnoDB DEFAULT CHARSET=latin1;
/*!40101 SET character_set_client = @saved_cs_client */;

--
-- Dumping data for table `django_migrations`
--

LOCK TABLES `django_migrations` WRITE;
/*!40000 ALTER TABLE `django_migrations` DISABLE KEYS */;
/*!40000 ALTER TABLE `django_migrations` ENABLE KEYS */;
UNLOCK TABLES;

--
-- Table structure for table `django_session`
--

DROP TABLE IF EXISTS `django_session`;
/*!40101 SET @saved_cs_client     = @@character_set_client */;
/*!40101 SET character_set_client = utf8 */;
CREATE TABLE `django_session` (
  `session_key` varchar(40) NOT NULL,
  `session_data` longtext NOT NULL,
  `expire_date` datetime NOT NULL,
  PRIMARY KEY (`session_key`),
  KEY `django_session_b7b81f0c` (`expire_date`)
) ENGINE=InnoDB DEFAULT CHARSET=latin1;
/*!40101 SET character_set_client = @saved_cs_client */;

--
-- Dumping data for table `django_session`
--

LOCK TABLES `django_session` WRITE;
/*!40000 ALTER TABLE `django_session` DISABLE KEYS */;
INSERT INTO `django_session` VALUES ('almqodrc6wj1hm2lejwgi2pgo3ck4p48','NmQxMzhmYjlmYmJhYjg0MzAyZGU0ZDAwOGIzZGE1ODYyZmEzNzgwOTp7Il9hdXRoX3VzZXJfaGFzaCI6ImJlYWM3YTM1NjRmOWE3YmJmODZiYWUzZGMwZWZkZmRkNTA1OTU2NzYiLCJfYXV0aF91c2VyX2JhY2tlbmQiOiJkamFuZ28uY29udHJpYi5hdXRoLmJhY2tlbmRzLk1vZGVsQmFja2VuZCIsIl9hdXRoX3VzZXJfaWQiOjF9','2016-03-01 23:37:56'),('fw2pv6kac6tzi8t11eux6x6usp4qi9ss','NmQxMzhmYjlmYmJhYjg0MzAyZGU0ZDAwOGIzZGE1ODYyZmEzNzgwOTp7Il9hdXRoX3VzZXJfaGFzaCI6ImJlYWM3YTM1NjRmOWE3YmJmODZiYWUzZGMwZWZkZmRkNTA1OTU2NzYiLCJfYXV0aF91c2VyX2JhY2tlbmQiOiJkamFuZ28uY29udHJpYi5hdXRoLmJhY2tlbmRzLk1vZGVsQmFja2VuZCIsIl9hdXRoX3VzZXJfaWQiOjF9','2016-03-01 23:36:53'),('g0kfgy7hxihlc6nzwg5h12z2avrpnk4f','NmQxMzhmYjlmYmJhYjg0MzAyZGU0ZDAwOGIzZGE1ODYyZmEzNzgwOTp7Il9hdXRoX3VzZXJfaGFzaCI6ImJlYWM3YTM1NjRmOWE3YmJmODZiYWUzZGMwZWZkZmRkNTA1OTU2NzYiLCJfYXV0aF91c2VyX2JhY2tlbmQiOiJkamFuZ28uY29udHJpYi5hdXRoLmJhY2tlbmRzLk1vZGVsQmFja2VuZCIsIl9hdXRoX3VzZXJfaWQiOjF9','2016-03-01 23:21:48'),('w1c2m36n4h5w5qatcb2ja6ulrc2xpvoo','NmQxMzhmYjlmYmJhYjg0MzAyZGU0ZDAwOGIzZGE1ODYyZmEzNzgwOTp7Il9hdXRoX3VzZXJfaGFzaCI6ImJlYWM3YTM1NjRmOWE3YmJmODZiYWUzZGMwZWZkZmRkNTA1OTU2NzYiLCJfYXV0aF91c2VyX2JhY2tlbmQiOiJkamFuZ28uY29udHJpYi5hdXRoLmJhY2tlbmRzLk1vZGVsQmFja2VuZCIsIl9hdXRoX3VzZXJfaWQiOjF9','2016-03-01 23:22:35');
/*!40000 ALTER TABLE `django_session` ENABLE KEYS */;
UNLOCK TABLES;

--
-- Table structure for table `financiamiento`
--

DROP TABLE IF EXISTS `financiamiento`;
/*!40101 SET @saved_cs_client     = @@character_set_client */;
/*!40101 SET character_set_client = utf8 */;
CREATE TABLE `financiamiento` (
  `id_financ` int(11) NOT NULL AUTO_INCREMENT,
  `finaciamiento` varchar(100) NOT NULL,
  PRIMARY KEY (`id_financ`),
  KEY `finaciamiento` (`finaciamiento`)
) ENGINE=InnoDB AUTO_INCREMENT=4 DEFAULT CHARSET=latin1;
/*!40101 SET character_set_client = @saved_cs_client */;

--
-- Dumping data for table `financiamiento`
--

LOCK TABLES `financiamiento` WRITE;
/*!40000 ALTER TABLE `financiamiento` DISABLE KEYS */;
INSERT INTO `financiamiento` VALUES (2,'CUOTAS CON INTERESES SIN CARGO EN CUENTA'),(1,'CUOTAS SIN INTERESES'),(3,'SOLO CARGO EN CUENTA (TASA PREFERENCIAL)');
/*!40000 ALTER TABLE `financiamiento` ENABLE KEYS */;
UNLOCK TABLES;

--
-- Table structure for table `hermes_autos`
--

DROP TABLE IF EXISTS `hermes_autos`;
/*!40101 SET @saved_cs_client     = @@character_set_client */;
/*!40101 SET character_set_client = utf8 */;
CREATE TABLE `hermes_autos` (
  `id` int(11) NOT NULL,
  `id_marca` varchar(50) NOT NULL,
  `id_modelo` varchar(50) NOT NULL,
  `id_tipo` varchar(50) NOT NULL,
  PRIMARY KEY (`id`)
) ENGINE=InnoDB DEFAULT CHARSET=latin1;
/*!40101 SET character_set_client = @saved_cs_client */;

--
-- Dumping data for table `hermes_autos`
--

LOCK TABLES `hermes_autos` WRITE;
/*!40000 ALTER TABLE `hermes_autos` DISABLE KEYS */;
INSERT INTO `hermes_autos` VALUES (1,'34','ACURA','1'),(2,'34','COMPACT','1'),(3,'34','INTEGRA','1'),(4,'34','LEGEND','1'),(5,'34','MDX','3'),(6,'34','RSX','1'),(7,'34','TL','1'),(8,'34','VIGOR','1'),(9,'29','ANDINO','4'),(10,'29','GALAXY','5'),(11,'29','MA','2'),(12,'29','MA','5'),(13,'29','MA','4'),(14,'29','MAM','4'),(15,'29','MAS','4'),(16,'29','MAV 800','4'),(17,'29','MILLENIUM','4'),(18,'29','MODASA','4'),(19,'29','PHASER','4'),(20,'29','TURISMO','4'),(21,'29','TURISMO','5'),(22,'30','51','1'),(23,'30','85','1'),(24,'30','88','1'),(25,'30','89','1'),(26,'30','90','1'),(27,'30','90','17'),(28,'30','156T SPARK','1'),(29,'30','156T SPARK','3'),(30,'30','159','1'),(31,'30','164','1'),(32,'30','166','1'),(33,'30','33','1'),(34,'30','33','17'),(35,'30','4C','1'),(36,'30','75','1'),(37,'30','ALFASUD','1'),(38,'30','ALFETTA','1'),(39,'30','BRERA','1'),(40,'30','GIULIA SUPER','1'),(41,'30','GIULIETTA','1'),(42,'30','GT','1'),(43,'30','GTV','1'),(44,'30','GUILIETTA','1'),(45,'30','JUNIOR GT ','1'),(46,'30','LANCIA','1'),(47,'30','LUXURY','1'),(48,'30','MITO','1'),(49,'30','SPIDER','1'),(50,'30','SPRINT','1'),(51,'31','EAGLE 814','4'),(52,'31','HAWK','4'),(53,'31','LYNX BS II','2'),(54,'32','808','4'),(55,'32','808','5'),(56,'32','AM','5'),(57,'32','AM','4'),(58,'32','AM','2'),(59,'32','AM 420 (GRUA)','2'),(60,'32','BESTA','10'),(61,'32','CARGO','2'),(62,'32','CARGO','8'),(63,'32','CB','2'),(64,'32','CHASSIS','5'),(65,'32','COMBI','5'),(66,'32','COMBI','4'),(67,'32','COSMOS','5'),(68,'32','COSMOS','4'),(69,'32','COSMOS AM-818','5'),(70,'32','HI TOPIC','10'),(71,'32','HI TOPIC','7'),(72,'32','HI TOPIC','5'),(73,'32','JEEP ASIA','3'),(74,'32','KOMBI','4'),(75,'32','KOMBI','5'),(76,'32','LIFESTAR','4'),(77,'32','M6','4'),(78,'32','METROPOLITANA','5'),(79,'32','NEVADA 2.0 I','5'),(80,'32','P113H','2'),(81,'32','ROCSTA','3'),(82,'32','ROCSTA','10'),(83,'32','SCANIA','2'),(84,'32','SELECTA','5'),(85,'32','SMITH','5'),(86,'32','SMITH','4'),(87,'32','TOPIC','3'),(88,'32','TOPIC','7'),(89,'32','TOPIC','6'),(90,'32','TOPIC','5'),(91,'32','TOWNER','3'),(92,'32','TOWNER','7'),(93,'32','TOWNER','6'),(94,'32','TOWNER','5'),(95,'32','WAYNE','4'),(96,'33','141','1'),(97,'33','400','1'),(98,'33','4000','1'),(99,'33','5000','1'),(100,'33','80','1'),(101,'33','80','17'),(102,'33','90','1'),(103,'33','A 200','1'),(104,'33','A1','1'),(105,'33','A2','1'),(106,'33','A3','1'),(107,'33','A3','17'),(108,'33','A4','1'),(109,'33','A4','17'),(110,'33','A5','1'),(111,'33','A5','17'),(112,'33','A6','1'),(113,'33','A6','17'),(114,'33','A6 TDI 140 HP','1'),(115,'33','A7','1'),(116,'33','A8','1'),(117,'33','ALLROAD','17'),(118,'33','ALLROAD','3'),(119,'33','CABRIOLET','1'),(120,'33','COMETA','3'),(121,'33','CONCOURS','1'),(122,'33','COUPE E QUATTRO','1'),(123,'33','GT','1'),(124,'33','GT 855-363','1'),(125,'33','LIMOUSINE','1'),(126,'33','NSU','1'),(127,'33','Q3','3'),(128,'33','Q5','3'),(129,'33','Q7','3'),(130,'33','QUATRO N','1'),(131,'33','R8','1'),(132,'33','RS3','1'),(133,'33','RS4','1'),(134,'33','RS4','17'),(135,'33','RS5','1'),(136,'33','RS6','1'),(137,'33','RS8','1'),(138,'33','S2','1'),(139,'33','S3','1'),(140,'33','S4','1'),(141,'33','S4','17'),(142,'33','S5','1'),(143,'33','S6','1'),(144,'33','S6','17'),(145,'33','S8','1'),(146,'33','TT','1'),(147,'35','158','8'),(148,'35','C-70 S','8'),(149,'35','C-90','2'),(150,'35','C-90','8'),(151,'35','DC 6-6','2'),(152,'35','DC-9964-B','2'),(153,'35','DIESEL 6X4','2'),(154,'35','DK64BT','8'),(155,'35','KM64W','2'),(156,'35','S-64 TB','8'),(157,'36','EXOR','2'),(158,'36','JOURNEY','10'),(159,'36','JOURNEY','7'),(160,'36','JOURWAY','10'),(161,'36','JOURWAY','7'),(162,'36','JOURWAY','4'),(163,'36','STJ6400A','1'),(164,'36','SUGOI 8 SEAT','10'),(165,'36','SUGOI 8 SEAT','7'),(166,'36','TOKIMA','6'),(167,'36','SY1020DB3AJ','6'),(168,'36','ZGT6700','4'),(169,'37','205','10'),(170,'37','205','7'),(171,'37','206','10'),(172,'37','206 C','7'),(173,'37','KENBO S2','3'),(174,'37','KENBO S3','3'),(175,'37','M20','3'),(176,'37','T 205 D','2'),(177,'38','B100','2'),(178,'38','B20','2'),(179,'38','B30','2'),(180,'38','B40','3'),(181,'38','B40','2'),(182,'38','B41','2'),(183,'38','B50','2'),(184,'38','B60','2'),(185,'38','B70','3'),(186,'38','B90','3'),(187,'38','BJ1021','6'),(188,'38','BJ1030','6'),(189,'38','BJ1044','2'),(190,'38','BJ1065','2'),(191,'38','BJ1086','2'),(192,'38','BJ2031','6'),(193,'38','BJ6490','6'),(194,'38','BJ6490','2'),(195,'38','BJ6520','10'),(196,'38','BJ6520','7'),(197,'38','BJ6520','2'),(198,'38','CARGOVAN','7'),(199,'38','COMMUTER','10'),(200,'38','COMMUTER','5'),(201,'38','INCAPOWER','3'),(202,'38','INCAPOWER','10'),(203,'38','INCAPOWER','7'),(204,'38','INCAPOWER','6'),(205,'38','INCAPOWER','2'),(206,'38','KNIGHT','3'),(207,'9','228','1'),(208,'9','229','1'),(209,'9','21','1'),(210,'9','231','1'),(211,'9','232','1'),(212,'9','233','1'),(213,'9','135','1'),(214,'9','235','1'),(215,'9','1M','1'),(216,'9','2000','1'),(217,'9','216 i','1'),(218,'9','216 i','3'),(219,'9','315','1'),(220,'9','316','1'),(221,'9','318 I CABRIO','1'),(222,'9','318','1'),(223,'9','318','17'),(224,'9','320','1'),(225,'9','320','17'),(226,'9','323 I CONVERTIBLE','1'),(227,'9','323','1'),(228,'9','324','1'),(229,'9','324','17'),(230,'9','325','1'),(231,'9','325','17'),(232,'9','327','1'),(233,'9','328','1'),(234,'9','328','17'),(235,'9','330','1'),(236,'9','330','17'),(237,'9','335','1'),(238,'9','420','1'),(239,'9','428','1'),(240,'9','435','1'),(241,'9','518','1'),(242,'9','520','1'),(243,'9','520','17'),(244,'9','523','1'),(245,'9','525','1'),(246,'9','525','17'),(247,'9','528','1'),(248,'9','528','17'),(249,'9','530','1'),(250,'9','530','17'),(251,'9','533','1'),(252,'9','535','1'),(253,'9','540','1'),(254,'9','540','17'),(255,'9','545','1'),(256,'9','550','1'),(257,'9','628','1'),(258,'9','630','1'),(259,'9','633','1'),(260,'9','635','1'),(261,'9','640','1'),(262,'9','645','1'),(263,'9','650','1'),(264,'9','728','1'),(265,'9','730','1'),(266,'9','732','1'),(267,'9','733','1'),(268,'9','735','1'),(269,'9','740','1'),(270,'9','745','1'),(271,'9','750','1'),(272,'9','760','1'),(273,'9','840','1'),(274,'9','850','1'),(275,'9','CS','1'),(276,'9','E','1'),(277,'9','F20','1'),(278,'9','i3','1'),(279,'9','i8','1'),(280,'9','LIMOUSINE','1'),(281,'9','M','1'),(282,'9','M1','1'),(283,'9','M3','1'),(284,'9','M4','1'),(285,'9','M5','1'),(286,'9','M6','1'),(287,'9','R100','1'),(288,'9','X1','3'),(289,'9','X3','3'),(290,'9','X4','1'),(291,'9','X5','3'),(292,'9','X6','3'),(293,'9','X7','3'),(294,'9','X8','3'),(295,'9','Z1','1'),(296,'9','Z2','1'),(297,'9','Z3','1'),(298,'9','Z4','1'),(299,'9','Z6','1'),(300,'9','Z6','3'),(301,'9','Z8','1'),(302,'40','A3','3'),(303,'40','BS4','1'),(304,'40','BS6','1'),(305,'40','COUPE','1'),(306,'40','FRV','1'),(307,'40','FSV','1'),(308,'40','H220','1'),(309,'40','H230','1'),(310,'40','H530','1'),(311,'40','JINBEI','10'),(312,'40','SPLENDOR','1'),(313,'40','V5','3'),(314,'40','ZHONGHUA','1'),(315,'40','ZHONGHUA','3'),(316,'41','CENTURY','1'),(317,'41','CENTURY','17'),(318,'41','ELECTRA','1'),(319,'41','HEARSE','17'),(320,'41','LACROSSE','1'),(321,'41','LE SABRE','1'),(322,'41','LE SABRE','17'),(323,'41','PARK AVENUE','1'),(324,'41','REGAL','1'),(325,'41','RENDEZVOUS','3'),(326,'41','RIVERA','1'),(327,'41','ROADMASTER','1'),(328,'41','SKYLARK','1'),(329,'41','SOVEREIGN','17'),(330,'41','SUMERSET','1'),(331,'42','F0','1'),(332,'42','F10','1'),(333,'42','F3','1'),(334,'42','F6','1'),(335,'42','G3','1'),(336,'42','GLI','1'),(337,'42','S3','1'),(338,'42','S6','3'),(339,'43','ATS','1'),(340,'43','BLS','17'),(341,'43','BROUGHAM','1'),(342,'43','CIMARRON','1'),(343,'43','CONCOURS','1'),(344,'43','CTS','1'),(345,'43','DEVILLE','1'),(346,'43','DEVILLE','17'),(347,'43','DTS','1'),(348,'43','EL DORADO','1'),(349,'43','ESCALADE','3'),(350,'43','FEDERAL RENAISSANCE','17'),(351,'43','FLEETWOOD','1'),(352,'43','HEARSE','17'),(353,'43','LIMOUSINE','1'),(354,'43','MILLER','17'),(355,'43','SEVILLE','1'),(356,'43','SOVEREIGN','17'),(357,'43','SRX','3'),(358,'43','STATESMAN','17'),(359,'43','STS','1'),(360,'43','XTS','1'),(361,'44','4X2 CARGO TRUCK','2'),(362,'44','4X2 DUMP TRUCK','2'),(363,'44','4X2-1 TRACTOR','8'),(364,'44','4X2-2 TRACTOR','8'),(365,'44','4X2-3 TRACTOR','8'),(366,'44','6X2 CARGO TRUCK','2'),(367,'44','6X4 CARGO TRUCK','2'),(368,'44','6X4 DUMP TRUCK','2'),(369,'44','6X4-1 TRACTOR','8'),(370,'44','6X4-2 TRACTOR','8'),(371,'44','8X4 CARGO TRUCK','2'),(372,'44','8X4 DUMP TRUCK','2'),(373,'44','CNG DUMP TRUCK 8X4','2'),(374,'44','CNG TRACTOR TRUCK 4X2','8'),(375,'44','CNG TRACTOR TRUCK 6X4','8'),(376,'44','EUROPEAN HEAVY TRUCK TRACTOR 6X4','8'),(377,'44','HEAVY DUMP TRUCK 6X4','2'),(378,'44','HEAVY DUMP TRUCK 8X4','2'),(379,'44','HEAVY TRUCK TRACTOR 4X2','8'),(380,'44','HEAVY TRUCK TRACTOR 6X2','8'),(381,'44','HEAVY TRUCK TRACTOR 6X4','8'),(382,'44','HN 3500 MINING DUMP TRUCK 6X4','2'),(383,'44','HN 3501 MINING GAS DUMPER 6X4','2'),(384,'44','HN 3600 MINING DUMP TRUCK 6X4','2'),(385,'44','HN 3601 MINING GAS SIDE DUMP TRUCK 6X4','2'),(386,'44','HN 3602 COAL MINING DUMP TRUCK','2'),(387,'44','LIGHTWEIGHT CARGO TRUCK 4X2','2'),(388,'44','LIGHTWEIGHT CARGO TRUCK 8X4','2'),(389,'44','LIGHTWEIGHT CARGO VAN 6X2','2'),(390,'44','LIGHTWEIGHT TRACTOR 4X2','8'),(391,'44','LIGHTWEIGHT TRACTOR 6X2','8'),(392,'44','LIGHTWEIGHT TRACTOR 6X4','8'),(393,'44','LNG DUMP TRUCK 8X4','2'),(394,'44','LNG TRACTOR TRUCK 4X2','8'),(395,'44','LNG TRACTOR TRUCK 6X4','8'),(396,'44','MIXER TRUCK','2'),(397,'44','SH3250G4D DUMP TRUCK','2'),(398,'44','SH3310P34DLM DUMP TRUCK','2'),(399,'44','SH3310P38C3M DUMP TRUCK','2'),(400,'44','SH3320P39C3M DUMP TRUCK','2'),(401,'44','SH5253GSN CEMENT TRUCK','2'),(402,'44','SH5310GSN1 CEMENT TRUCK','2'),(403,'44','SH5323GJB MIXER TRUCK','2'),(404,'44','SH5382GJB MIXER TRUCK','2'),(405,'44','PUMP TRUCK','2'),(406,'44','WATER TRUCK','2'),(407,'45','ALSVIN','1'),(408,'45','BENNI','1'),(409,'45','CARGO','10'),(410,'45','CARGO','7'),(411,'45','CHANA STAR','10'),(412,'45','CHANA','2'),(413,'45','CM10','10'),(414,'45','CM10','7'),(415,'45','CS1','1'),(416,'45','CS35','3'),(417,'45','CV1','1'),(418,'45','CV6','1'),(419,'45','CX20','1'),(420,'45','CX30','1'),(421,'45','EADO','1'),(422,'45','HONOR','10'),(423,'45','INCAPOWER CITIZEN','5'),(424,'45','INCAPOWER CITIZEN','4'),(425,'45','MINICARGO','10'),(426,'45','MINICARGO','7'),(427,'45','MINICARGO','5'),(428,'45','MINIVAN','10'),(429,'45','NEW VAN','10'),(430,'45','PICK UP','6'),(431,'45','S100','2'),(432,'45','S300','7'),(433,'45','SC1021CD1','6'),(434,'45','SC1022D7','6'),(435,'45','SC1022D7','2'),(436,'45','SC1026S1','6'),(437,'45','SC1026S1','5'),(438,'45','SC1026S1','2'),(439,'45','SC1040D','6'),(440,'45','SC1040D','2'),(441,'45','SC1050KD1','2'),(442,'45','SC6360F','10'),(443,'45','SC6360F','7'),(444,'45','SC6443','10'),(445,'45','SC6726C','4'),(446,'45','SC6821','4'),(447,'45','SC7133','1'),(448,'45','SD1030D','2'),(449,'45','SD1040D','2'),(450,'45','STAR 2','10'),(451,'45','STAR LIGHT 4500','10'),(452,'45','STAR TRUCK','6'),(453,'45','SUPERCARGO','7'),(454,'45','SUPERVAN','10'),(455,'45','SUPERVAN','7'),(456,'45','SUPERVAN','5'),(457,'45','VAN','10'),(458,'45','VAN','7'),(459,'52','IDEALII','1'),(460,'52','COOLCAR','1'),(461,'52','COOLCAR','10'),(462,'52','FREEDOM','10'),(463,'52','FREEDOM','7'),(464,'52','FREEDOM DOUBLE CABIN','6'),(465,'52','FREEDOM MINITRUCK','6'),(466,'52','FREEDOM SINGLE CABIN','6'),(467,'52','MINITRUCK','2'),(468,'52','SPLASH','1'),(469,'52','VAN CARGO','7'),(470,'46','LZ3121LAH','2'),(471,'46','LZ3122LAH','2'),(472,'46','LZ6431BQBE','17'),(473,'47','A1','1'),(474,'47','A3 SKIN','1'),(475,'47','A5','1'),(476,'47','A11','1'),(477,'47','A15','1'),(478,'47','A21','1'),(479,'47','BEAT','3'),(480,'47','DESTINY','3'),(481,'47','FACE','1'),(482,'47','FULWIN','1'),(483,'47','NEW TIGGO','3'),(484,'47','Q22','10'),(485,'47','Q22','7'),(486,'47','QQ','1'),(487,'47','S 21','1'),(488,'47','S 22','10'),(489,'47','SKIN','1'),(490,'47','TIGGO','3'),(491,'47','TIGGO','7'),(492,'47','V5','3'),(493,'47','X1 BEAT','3'),(494,'47','ZAFIRA','3'),(495,'138','3100','6'),(496,'138','6000','2'),(497,'138','6400','2'),(498,'138','7000','2'),(499,'138','AGILE','1'),(500,'138','APACHE','6'),(501,'138','ASTRA','1'),(502,'138','ASTRO','7'),(503,'138','ATLAS','6'),(504,'138','AVALANCHE','6'),(505,'138','AVEO','1'),(506,'138','BEL AIR','1'),(507,'138','BERETTA','1'),(508,'138','BISCAYNE','1'),(509,'138','BISON','2'),(510,'138','BLAZER','3'),(511,'138','BONANZA','3'),(512,'138','BONAVENTURE','7'),(513,'138','BRIGADIER','2'),(514,'138','BRIGADIER','8'),(515,'138','C/K','6'),(516,'138','C-10','6'),(517,'138','C-15','6'),(518,'138','C-15','2'),(519,'138','C-20','6'),(520,'138','C-30','6'),(521,'138','C-30','2'),(522,'138','C-3500','2'),(523,'138','C-3500','6'),(524,'138','C-3500','2'),(525,'138','C-40','2'),(526,'138','C-50','2'),(527,'138','C-60','2'),(528,'138','C-65','2'),(529,'138','C70','2'),(530,'138','CAMARO','1'),(531,'138','CAPRE','5'),(532,'138','CAPRICE','1'),(533,'138','CAPRICE','17'),(534,'138','CAPTIVA','3'),(535,'138','CAVALIER','1'),(536,'138','CB6P042','4'),(537,'138','CELEBRITY','1'),(538,'138','CELEBRITY','17'),(539,'138','CELTA','1'),(540,'138','CENTURY','1'),(541,'138','CHEVELLE','1'),(542,'138','CHEVELLE','17'),(543,'138','CHEVETTE','1'),(544,'138','CHEVETTE','17'),(545,'138','CHEVY','1'),(546,'138','CHEVY','17'),(547,'138','CHEVY','10'),(548,'138','CHEVY','7'),(549,'138','CHEVY','6'),(550,'138','CHEVY','5'),(551,'138','CHEVY','4'),(552,'138','CHEVY','2'),(553,'138','CHEVY METRO','4'),(554,'138','CHEYENNE','6'),(555,'138','CITATION','1'),(556,'138','CK','6'),(557,'138','COBALT','1'),(558,'138','COLORADO','6'),(559,'138','COMBO','7'),(560,'138','CORSA','1'),(561,'138','CORSA','17'),(562,'138','CORSA','7'),(563,'138','CORSICA','1'),(564,'138','CORVETTE','1'),(565,'138','CORVETTE CONVERTIBLE','1'),(566,'138','CRUZE','1'),(567,'138','CRUZE','17'),(568,'138','CS','1'),(569,'138','CS','6'),(570,'138','CUTLASS','1'),(571,'138','D-14000','2'),(572,'138','D20','6'),(573,'138','D20','2'),(574,'138','D-40','2'),(575,'138','D-40','4'),(576,'138','D-500','1'),(577,'138','D-600','2'),(578,'138','D-6000','2'),(579,'138','D-70','2'),(580,'138','D-70','4'),(581,'138','D-70','8'),(582,'138','DE LUXE','1'),(583,'138','DE LUXE','6'),(584,'138','DE LUXE CONVERTIBLE','1'),(585,'138','D-MAX','6'),(586,'138','EL CAMINO','1'),(587,'138','EL CAMINO','6'),(588,'138','EQUINOX','3'),(589,'138','EUROSPORT','1'),(590,'138','EXPRESS','7'),(591,'138','FLEETLINE','1'),(592,'138','FLEETSIDE','6'),(593,'138','FSR','2'),(594,'138','FTR','2'),(595,'138','FTR','8'),(596,'138','FVR','2'),(597,'138','FVR','8'),(598,'138','GEO','1'),(599,'138','GEO','17'),(600,'138','GEO','3'),(601,'138','GRAND VITARA','3'),(602,'138','HHR','3'),(603,'138','HHR','7'),(604,'138','IMPALA','1'),(605,'138','IMPALA CONVERTIBLE','1'),(606,'138','IPANEMA','17'),(607,'138','K-1500','6'),(608,'138','KADETT','1'),(609,'138','KADETT','17'),(610,'138','KODIAK','2'),(611,'138','KODIAK','8'),(612,'138','LIMOUSINE','1'),(613,'138','LUMINA','1'),(614,'138','LUMINA','17'),(615,'138','LUMINA','10'),(616,'138','LUMINA','7'),(617,'138','LUV','6'),(618,'138','MATIZ (M200)','1'),(619,'138','MALIBU','1'),(620,'138','MALIBU','17'),(621,'138','METRO','1'),(622,'138','MONTANA','6'),(623,'138','MONTECARLO','1'),(624,'138','MONZA','1'),(625,'138','MOVE','10'),(626,'138','MOVE','7'),(627,'138','MW','1'),(628,'138','N200','10'),(629,'138','N200','7'),(630,'138','N300','10'),(631,'138','N300','7'),(632,'138','N300','2'),(633,'138','NEW AVEO','1'),(634,'138','NEW CAPTIVA','3'),(635,'138','NEW SAIL','1'),(636,'138','NKR','2'),(637,'138','NKR','5'),(638,'138','NOVA','1'),(639,'138','NPR','2'),(640,'138','NPR','5'),(641,'138','OPALA','1'),(642,'138','OPTRA','1'),(643,'138','OPTRA','17'),(644,'138','ORLANDO','3'),(645,'138','RODEO','3'),(646,'138','S-10','3'),(647,'138','S-10','6'),(648,'138','SAIL','1'),(649,'138','SATURN','1'),(650,'138','SATURN','3'),(651,'138','SCHOOL BUS','10'),(652,'138','SCHOOL BUS','4'),(653,'138','SCHOOL BUS','5'),(654,'138','SILVERADO','6'),(655,'138','SONIC','1'),(656,'138','SPARK','1'),(657,'138','SPECTRUM','1'),(658,'138','SPORT MAN','10'),(659,'138','SPORTVAN','7'),(660,'138','SPRINT','1'),(661,'138','STAKE','2'),(662,'138','STEP VAN','7'),(663,'138','STEP VAN','2'),(664,'138','SUBURBAN','3'),(665,'138','TAHOE','3'),(666,'138','TFR','6'),(667,'138','THOMAS','5'),(668,'138','THOMAS','4'),(669,'138','TILIMASTER','2'),(670,'138','TITAN','8'),(671,'138','TRACKER','3'),(672,'138','TRAILBLAZER','3'),(673,'138','TRAVERSE','3'),(674,'138','TRAX','3'),(675,'138','TROOPER','3'),(676,'138','VAN','10'),(677,'138','VAN','7'),(678,'138','VECTRA','1'),(679,'138','VENTURE','10'),(680,'138','VENTURE','7'),(681,'138','VIKING','6'),(682,'138','VIKING','2'),(683,'138','VITARA','3'),(684,'138','VIVANT','17'),(685,'138','W4500','2'),(686,'138','ZAFIRA','17'),(687,'138','ZAFIRA','3'),(688,'138','ZAFIRO','17'),(689,'49','300','1'),(690,'49','ASPEN','3'),(691,'49','B-200','6'),(692,'49','BT-2E-R20','2'),(693,'49','CARAVAN','10'),(694,'49','CARAVAN','7'),(695,'49','CASA RODANTE','2'),(696,'49','CHARGER','1'),(697,'49','CHASSIS CABINA','6'),(698,'49','CISTERNA','2'),(699,'49','CLASS','1'),(700,'49','CNT900','2'),(701,'49','CONCORDE','1'),(702,'49','CORDOBA','1'),(703,'49','CORONET','1'),(704,'49','CP41','1'),(705,'49','CROSSFIRE','1'),(706,'49','D-100','17'),(707,'49','D-100','6'),(708,'49','D-100','2'),(709,'49','D-200','2'),(710,'49','D-300','2'),(711,'49','D-350','2'),(712,'49','D-600','2'),(713,'49','DART','1'),(714,'49','DEMON','1'),(715,'49','FIFTH AVENUE','1'),(716,'49','GRAND CARAVAN','1'),(717,'49','GRAND VOYAGER','3'),(718,'49','HILLMAN','1'),(719,'49','HORNET','1'),(720,'49','INTREPID','1'),(721,'49','LANCIA DELTA','1'),(722,'49','LE BARON GTC CONVERTIBLE','1'),(723,'49','LE BARON','1'),(724,'49','LHS','1'),(725,'49','MINIBUS','7'),(726,'49','NEON','1'),(727,'49','NEW YORK','1'),(728,'49','NEW YORKER','1'),(729,'49','PACIFICA','17'),(730,'49','PACIFICA TOURING','3'),(731,'49','PACIFICA TOURING','7'),(732,'49','PICK UP','6'),(733,'49','PLYMOUTH','7'),(734,'49','PLYMOUTH','1'),(735,'49','POWER WAGON','17'),(736,'49','PT CRUISER','1'),(737,'49','PT CRUISER','17'),(738,'49','PT CRUISER','7'),(739,'49','PT CRUSIER','3'),(740,'49','RAM','3'),(741,'49','RAM','10'),(742,'49','RAM','6'),(743,'49','RAM','2'),(744,'49','SCD','7'),(745,'49','SEBRING','1'),(746,'49','SHADOW','1'),(747,'49','SHADOW CONVERTIBLE','1'),(748,'49','SPIRIT','1'),(749,'49','STELTH','1'),(750,'49','STRATUS','1'),(751,'49','T-2500','2'),(752,'49','T-4000','2'),(753,'49','TOWN & COUNTRY','3'),(754,'49','TOWN & COUNTRY','10'),(755,'49','TRANDESMAN','1'),(756,'49','VALIANT','1'),(757,'49','VAN SPORT WAGON','17'),(758,'49','VOYAGER','3'),(759,'50','JNQ6670','5'),(760,'50','JNQ6701','3'),(761,'50','JNQ6701','4'),(762,'50','JNQ6701','5'),(763,'50','JNQ6900','4'),(764,'50','RMB6701','4'),(765,'51','AX','1'),(766,'51','AXEL','1'),(767,'51','AZAM-M28','1'),(768,'51','BERLINA','1'),(769,'51','BERLINGO','17'),(770,'51','BERLINGO','10'),(771,'51','BERLINGO','7'),(772,'51','BX','1'),(773,'51','C3','1'),(774,'51','C4','1'),(775,'51','C4','17'),(776,'51','C4','3'),(777,'51','C5','1'),(778,'51','C6','1'),(779,'51','C15','7'),(780,'51','C ELYSEE','1'),(781,'51','CX','1'),(782,'51','DS-19','1'),(783,'51','DS3','1'),(784,'51','DS4','1'),(785,'51','DS5','1'),(786,'51','GSA','1'),(787,'51','ID-19 BERLINA','1'),(788,'51','ID-19 BERLINA','17'),(789,'51','JUMPER','10'),(790,'51','JUMPER','7'),(791,'51','NEMO','7'),(792,'51','SAXO','1'),(793,'51','VISA','1'),(794,'51','XANTIA','1'),(795,'51','XANTIA','17'),(796,'51','XC','1'),(797,'51','XM','1'),(798,'51','XSARA','1'),(799,'51','XSARA','17'),(800,'51','XSARA','3'),(801,'51','ZX','1'),(802,'51','ZX','17'),(803,'53','AVIA','2'),(804,'53','ACE','1'),(805,'53','ARCADIA','1'),(806,'53','BF105','4'),(807,'53','BF120','4'),(808,'53','BH 115','4'),(809,'53','BH 116','4'),(810,'53','BROUGHAM','1'),(811,'53','BS106 PUBLIC','4'),(812,'53','CARGO','2'),(813,'53','CHAIRMAN','1'),(814,'53','CIELO','1'),(815,'53','DAMAS','10'),(816,'53','DAMAS','7'),(817,'53','DAMAS','2'),(818,'53','DUMP','2'),(819,'53','ELF','2'),(820,'53','ESPERO','1'),(821,'53','FSO','6'),(822,'53','GARBAGE PRESS PACK','2'),(823,'53','GARBAGE PRESS PACK','8'),(824,'53','GENTRA','1'),(825,'53','KALOS','1'),(826,'53','KORANDO','3'),(827,'53','LABO','10'),(828,'53','LABO','7'),(829,'53','LABO','2'),(830,'53','LACETTI','1'),(831,'53','LANOS','1'),(832,'53','LEGANZA','1'),(833,'53','LEMANS','1'),(834,'53','LUBLIN','7'),(835,'53','LUBLIN','6'),(836,'53','MAGNUS','1'),(837,'53','MATIZ','1'),(838,'53','MUSSO','3'),(839,'53','NEXIA','1'),(840,'53','NOVUS','2'),(841,'53','NOVUS','8'),(842,'53','NUBIRA','1'),(843,'53','NUBIRA','17'),(844,'53','PRINCE','1'),(845,'53','RACER','1'),(846,'53','REZZO','3'),(847,'53','TACUMA','3'),(848,'53','TICO','1'),(849,'53','TOSCA','1'),(850,'53','WINSTORM','3'),(851,'6','678','2'),(852,'6','1900','8'),(853,'6','2800','2'),(854,'6','3300','2'),(855,'6','3300','8'),(856,'6','CISTERNA','8'),(857,'6','CF','2'),(858,'6','CF','8'),(859,'6','FA1600','2'),(860,'6','FTT-CF85','8'),(861,'6','LF','2'),(862,'6','LF','8'),(863,'6','TB2105DHT','4'),(864,'6','XF105','8'),(865,'5','360','1'),(866,'5','APPLAUSE','1'),(867,'5','ATRAI','10'),(868,'5','ATRAI','7'),(869,'5','BOON','1'),(870,'5','CHARADE','1'),(871,'5','CHARMANT','1'),(872,'5','CUORE','1'),(873,'5','DELTA','10'),(874,'5','DELTA','7'),(875,'5','DELTA','6'),(876,'5','DELTA','2'),(877,'5','DELTA','4'),(878,'5','F20','3'),(879,'5','F50','3'),(880,'5','FEROZA','3'),(881,'5','GRAND MOVE','17'),(882,'5','HI JET','10'),(883,'5','HI JET','7'),(884,'5','HI JET','6'),(885,'5','MIRA','1'),(886,'5','MOVE','1'),(887,'5','PYZAR','17'),(888,'5','ROCKY','3'),(889,'5','SIRION','1'),(890,'5','STORIA','1'),(891,'5','TAFT','3'),(892,'5','TERIOS','3'),(893,'5','YRV L','1'),(894,'54','676','6'),(895,'54','2622','1'),(896,'54','2622','17'),(897,'54','2622','6'),(898,'54','1400','1'),(899,'54','2624','1'),(900,'54','677','1'),(901,'54','677','17'),(902,'54','677','6'),(903,'54','2626','1'),(904,'54','678','1'),(905,'54','2628','1'),(906,'54','160','1'),(907,'54','200 SX','1'),(908,'54','210','1'),(909,'54','240C','1'),(910,'54','260Z','1'),(911,'54','280 ZX','1'),(912,'54','310','1'),(913,'54','510','1'),(914,'54','510','17'),(915,'54','620','1'),(916,'54','620','17'),(917,'54','620','6'),(918,'54','620','2'),(919,'54','710','1'),(920,'54','BLUEBIRD','1'),(921,'54','BLUEBIRD','17'),(922,'54','C20','10'),(923,'54','C20','7'),(924,'54','CEDRIC','1'),(925,'54','J15-80','6'),(926,'54','JNL710','1'),(927,'54','KD-510','1'),(928,'54','KD-521','6'),(929,'54','KING','6'),(930,'54','KING','2'),(931,'54','L-510','1'),(932,'54','L-520','6'),(933,'54','L-521','6'),(934,'54','L-620','6'),(935,'54','L-710','1'),(936,'54','LAUREL','1'),(937,'54','LG-720','6'),(938,'54','PICK-UP','6'),(939,'54','PULSAR','1'),(940,'54','SENTRA','1'),(941,'54','SENTRA','17'),(942,'54','SILVIA','1'),(943,'54','STANZA','1'),(944,'54','STANZA','17'),(945,'54','SUNNY','1'),(946,'54','SUNNY','17'),(947,'54','TRUCK','6'),(948,'2','GZ-6750E','5'),(949,'2','GZ-6701','4'),(950,'2','GZ-6750E','4'),(951,'3','141','6'),(952,'3','141','2'),(953,'3','330','1'),(954,'3','3500','6'),(955,'3','3500','2'),(956,'3','600','1'),(957,'3','800','2'),(958,'3','A-100','10'),(959,'3','A-100','7'),(960,'3','ARIES','1'),(961,'3','ARIES','17'),(962,'3','ASPEN','1'),(963,'3','ASPEN','17'),(964,'3','AVENGER','1'),(965,'3','B-100','7'),(966,'3','CALIBER','3'),(967,'3','CARAVAN','10'),(968,'3','CARAVAN','7'),(969,'3','CHALLENGER','1'),(970,'3','CHARGER','1'),(971,'3','COLT','1'),(972,'3','COLT','17'),(973,'3','CORONET','1'),(974,'3','CORONET','17'),(975,'3','CUSTOM VAN','10'),(976,'3','CUSTOM VAN','7'),(977,'3','D-100','6'),(978,'3','D-100','2'),(979,'3','D-150','6'),(980,'3','D-200','6'),(981,'3','D-200','2'),(982,'3','D-300','6'),(983,'3','D-300','4'),(984,'3','D-300','5'),(985,'3','D-300','2'),(986,'3','D-400','2'),(987,'3','D-4500','2'),(988,'3','D-500','4'),(989,'3','D-500','2'),(990,'3','D-500','8'),(991,'3','D-600','5'),(992,'3','D-600','2'),(993,'3','D-800','2'),(994,'3','D-800','8'),(995,'3','DAKOTA','6'),(996,'3','DART','1'),(997,'3','DART','17'),(998,'3','DAYTONA','1'),(999,'3','DIPLOMAT','1'),(1000,'3','DIPLOMAT','17'),(1001,'3','DN-800','2'),(1002,'3','DN-800','8'),(1003,'3','DP-200','2'),(1004,'3','DP-300','2'),(1005,'3','DP-300','8'),(1006,'3','DP-500','4'),(1007,'3','DP-500','2'),(1008,'3','DP-500','8'),(1009,'3','DURANGO','3'),(1010,'3','DURANGO','6'),(1011,'3','DYNASTY','1'),(1012,'3','GRAND CARAVAN','10'),(1013,'3','INTREPID','1'),(1014,'3','JOURNEY','3'),(1015,'3','JOURNEY','6'),(1016,'3','LANCER','1'),(1017,'3','LEBARON','1'),(1018,'3','MAGNUM','1'),(1019,'3','MAGNUM','17'),(1020,'3','MONACO','1'),(1021,'3','NEON','1'),(1022,'3','NITRO','3'),(1023,'3','OMNI','1'),(1024,'3','P-300','2'),(1025,'3','PICK UP','6'),(1026,'3','POLARA','1'),(1027,'3','POLARA','17'),(1028,'3','POWER WAGON','6'),(1029,'3','RAIDER','3'),(1030,'3','RAM','17'),(1031,'3','RAM','3'),(1032,'3','RAM','10'),(1033,'3','RAM','7'),(1034,'3','RAM','6'),(1035,'3','SHADOW','1'),(1036,'3','SPIRIT','1'),(1037,'3','SPORTSMAN','10'),(1038,'3','SPRINTER','10'),(1039,'3','SPRINTER','7'),(1040,'3','ST REGIS','7'),(1041,'3','STEALTH','1'),(1042,'3','STRATUS','1'),(1043,'3','SWINGER','1'),(1044,'3','TRADESMAN','10'),(1045,'3','TRADESMAN','7'),(1046,'3','VIPER','1'),(1047,'3','W-100','3'),(1048,'3','W-100','6'),(1049,'3','W-100','2'),(1050,'3','W-600','2'),(1051,'4','4X2','2'),(1052,'4','6X4','2'),(1053,'4','6X4','8'),(1054,'4','C-35','7'),(1055,'4','C-37','10'),(1056,'4','CAPTAIN N','2'),(1057,'4','CITY VAN','10'),(1058,'4','CROSS H30','1'),(1059,'4','DF1014','2'),(1060,'4','DF1416','2'),(1061,'4','DF410','2'),(1062,'4','DF610','2'),(1063,'4','DF711','2'),(1064,'4','DF913','2'),(1065,'4','DFA','2'),(1066,'4','DFA','4'),(1067,'4','DFL','2'),(1068,'4','DFL','8'),(1069,'4','DFM','2'),(1070,'4','DFM CARGO PLUS','7'),(1071,'4','DFM CITY','10'),(1072,'4','DFM MINI TRUCK','6'),(1073,'4','DFM MINI TRUCK','2'),(1074,'4','E32-501','2'),(1075,'4','E33-861','2'),(1076,'4','EQ','3'),(1077,'4','EQ','10'),(1078,'4','EQ','7'),(1079,'4','EQ','6'),(1080,'4','EQ','5'),(1081,'4','EQ','4'),(1082,'4','EQ','2'),(1083,'4','GLORY','3'),(1084,'4','H30','1'),(1085,'4','JING YI','3'),(1086,'4','JOYEAR','3'),(1087,'4','K-01','2'),(1088,'4','K-02','2'),(1089,'4','K-05','7'),(1090,'4','K-07','10'),(1091,'4','K-07II','10'),(1092,'4','KINLAND','2'),(1093,'4','KINGRUN 15','2'),(1094,'4','KINGRUN 17','2'),(1095,'4','KINGRUN 20','2'),(1096,'4','KINGRUN 20C','2'),(1097,'4','KINGRUN 33','2'),(1098,'4','OLIMPIC','2'),(1099,'4','RICH','6'),(1100,'4','S30','1'),(1101,'4','SOKON','10'),(1102,'4','SOKON','7'),(1103,'4','SOKON','2'),(1104,'4','STAR','10'),(1105,'4','STAR','7'),(1106,'4','STAR','2'),(1107,'4','T-LIFT','2'),(1108,'4','V-21','2'),(1109,'4','V-22','2'),(1110,'4','V-25','7'),(1111,'4','V-27','10'),(1112,'4','V-29','10'),(1113,'4','YANGTSE','4'),(1114,'10','2000 GTX','1'),(1115,'10','PREMIER','1'),(1116,'10','SUMMIT','1'),(1117,'10','SUMMIT','17'),(1118,'10','TALON','1'),(1119,'10','VISION','1'),(1120,'10','WAGON','17'),(1121,'11','ACTIS','10'),(1122,'11','ACTIS','7'),(1123,'11','BESTURN','1'),(1124,'11','B-50','1'),(1125,'11','B-70','1'),(1126,'11','CA1010','6'),(1127,'11','CA1010','2'),(1128,'11','CA1020','7'),(1129,'11','CA1020','6'),(1130,'11','CA1020','2'),(1131,'11','CA1021','6'),(1132,'11','CA1023','6'),(1133,'11','CA1024','6'),(1134,'11','CA1041','2'),(1135,'11','CA1075','2'),(1136,'11','CA1083','2'),(1137,'11','CA1161','2'),(1138,'11','CA1161','8'),(1139,'11','CA1258','2'),(1140,'11','CA3256','2'),(1141,'11','CA4206','8'),(1142,'11','CA4258','2'),(1143,'11','CA4258','8'),(1144,'11','CA5013','2'),(1145,'11','CA5023XXY','2'),(1146,'11','CA5083','2'),(1147,'11','CA6371','10'),(1148,'11','CA6371','7'),(1149,'11','CA6390','10'),(1150,'11','CA6390','7'),(1151,'11','CA6480P6E','3'),(1152,'11','CALE','1'),(1153,'11','CALE','17'),(1154,'11','FV70','10'),(1155,'11','FV70','2'),(1156,'11','HONGQI HQ 300','1'),(1157,'11','J5','8'),(1158,'11','J6','8'),(1159,'11','N5','1'),(1160,'11','S-80','3'),(1161,'11','SIRIUS','3'),(1162,'11','TIGRE','2'),(1163,'11','V2','1'),(1164,'11','V70','10'),(1165,'11','V70','7'),(1166,'11','VITA','1'),(1167,'11','XENIA','3'),(1168,'11','XIALI','1'),(1169,'11','XIALI','3'),(1170,'12','348','1'),(1171,'12','355','1'),(1172,'12','360','1'),(1173,'12','456','1'),(1174,'12','458','1'),(1175,'12','550','1'),(1176,'12','575','1'),(1177,'12','599','1'),(1178,'12','612','1'),(1179,'12','ABARTH','1'),(1180,'12','F12 BERLINETTA','1'),(1181,'12','F-355','1'),(1182,'12','F-430','1'),(1183,'12','F-50','1'),(1184,'12','F-512','1'),(1185,'12','SPIDER','1'),(1186,'12','TESTAROSSA','1'),(1187,'15','2838','1'),(1188,'15','2839','1'),(1189,'15','3551','1'),(1190,'15','3551','7'),(1191,'15','3551','6'),(1192,'15','231','2'),(1193,'15','2842','1'),(1194,'15','232','1'),(1195,'15','232','17'),(1196,'15','2844','1'),(1197,'15','132','1'),(1198,'15','135','1'),(1199,'15','138','1'),(1200,'15','677','1'),(1201,'15','677','17'),(1202,'15','85','1'),(1203,'15','88','1'),(1204,'15','2851','8'),(1205,'15','2852','2'),(1206,'15','190','2'),(1207,'15','190','8'),(1208,'15','2300','1'),(1209,'15','330.3','1'),(1210,'15','450','1'),(1211,'15','500','1'),(1212,'15','600','1'),(1213,'15','615','2'),(1214,'15','619','2'),(1215,'15','619','8'),(1216,'15','625','2'),(1217,'15','643','2'),(1218,'15','650','1'),(1219,'15','650','2'),(1220,'15','650','8'),(1221,'15','682','2'),(1222,'15','691H','2'),(1223,'15','693','2'),(1224,'15','697','2'),(1225,'15','697','8'),(1226,'15','850','1'),(1227,'15','BARCHETTA','1'),(1228,'15','BERLINA','1'),(1229,'15','BERTONE','1'),(1230,'15','BRAVA','1'),(1231,'15','BRAVO','1'),(1232,'15','CINQUECENTO','1'),(1233,'15','COUPE','1'),(1234,'15','CROMA','1'),(1235,'15','DOBLO','10'),(1236,'15','DOBLO','7'),(1237,'15','DUCATO','10'),(1238,'15','DUCATO','7'),(1239,'15','DUCATO','6'),(1240,'15','DUCATO','2'),(1241,'15','DUNA','1'),(1242,'15','DUNA','17'),(1243,'15','ELBA','17'),(1244,'15','FIORINO','1'),(1245,'15','FIORINO','10'),(1246,'15','FIORINO','7'),(1247,'15','FIORINO','6'),(1248,'15','GRANDE PUNTO','1'),(1249,'15','IDEA','3'),(1250,'15','IVECO','6'),(1251,'15','IVECO','2'),(1252,'15','LINEA','1'),(1253,'15','MAREA','1'),(1254,'15','MAREA','17'),(1255,'15','MULTIPLA','1'),(1256,'15','PALIO','1'),(1257,'15','PALIO','17'),(1258,'15','PALIO','3'),(1259,'15','PANDA','1'),(1260,'15','PANDA','3'),(1261,'15','PANORAMA','17'),(1262,'15','PANORAMA','10'),(1263,'15','PANORAMA','7'),(1264,'15','PININFARINA','1'),(1265,'15','POLSKI','1'),(1266,'15','PREMIO','1'),(1267,'15','PUNTO','1'),(1268,'15','REGATA','1'),(1269,'15','REGATA','17'),(1270,'15','RITMO','1'),(1271,'15','SELECTA','1'),(1272,'15','SIENA','1'),(1273,'15','SPIDER','1'),(1274,'15','STILO','1'),(1275,'15','STRADA','1'),(1276,'15','STRADA','6'),(1277,'15','TEMPRA','1'),(1278,'15','TEMPRA','17'),(1279,'15','TIPO','1'),(1280,'15','ULYSSE','10'),(1281,'15','UNO','1'),(1282,'15','UNO','17'),(1283,'15','UNO','3'),(1284,'15','UNO','7'),(1285,'15','VOLQUETE','2'),(1286,'15','X1/9','1'),(1287,'20','6000','2'),(1288,'20','7000','2'),(1289,'20','8000','2'),(1290,'20','9000','2'),(1291,'20','9000','8'),(1292,'20','A','6'),(1293,'20','AEROMAX','8'),(1294,'20','AEROSTAR','10'),(1295,'20','AEROSTAR','7'),(1296,'20','ASPIRE','1'),(1297,'20','B-600','4'),(1298,'20','B-700','4'),(1299,'20','BRONCO','3'),(1300,'20','BRONCO','6'),(1301,'20','BRONCO II','3'),(1302,'20','BRONCO II','6'),(1303,'20','CAPRI','1'),(1304,'20','CARGO','2'),(1305,'20','CARGO','8'),(1306,'20','CARPENTER','4'),(1307,'20','CF-7000','2'),(1308,'20','CF-8000','2'),(1309,'20','CL-9000','8'),(1310,'20','CLT-9000','8'),(1311,'20','CLUB WAGON','10'),(1312,'20','CLUB WAGON','7'),(1313,'20','CONQUISTADOR','1'),(1314,'20','CONSUL','1'),(1315,'20','CONTOUR','1'),(1316,'20','CORCEL','1'),(1317,'20','CORCEL','17'),(1318,'20','CORSAIR','1'),(1319,'20','CORTINA','1'),(1320,'20','CORTINA','17'),(1321,'20','COUGAR','1'),(1322,'20','COUNTRY SQUIRE','17'),(1323,'20','COURIER','7'),(1324,'20','COURIER','6'),(1325,'20','CROWN VICTORIA','1'),(1326,'20','D-600','2'),(1327,'20','DEL REY','1'),(1328,'20','E-150','10'),(1329,'20','E-150','7'),(1330,'20','E-250','10'),(1331,'20','E-250','7'),(1332,'20','E-350','10'),(1333,'20','E-350','7'),(1334,'20','E-350','6'),(1335,'20','E-350','2'),(1336,'20','E-450','7'),(1337,'20','E-450','6'),(1338,'20','E-450','5'),(1339,'20','E-450','2'),(1340,'20','E-800','2'),(1341,'20','ECONOLINE','10'),(1342,'20','ECONOLINE','7'),(1343,'20','ECONOLINE','6'),(1344,'20','ECOSPORT','3'),(1345,'20','EDGE','3'),(1346,'20','ESCAPE','3'),(1347,'20','ESCORT','1'),(1348,'20','ESCORT','17'),(1349,'20','ESCORT','7'),(1350,'20','ESCORT','6'),(1351,'20','EXCURSION','3'),(1352,'20','EXPEDITION','3'),(1353,'20','EXPLORER','3'),(1354,'20','EXPLORER','6'),(1355,'20','F-100','7'),(1356,'20','F-100','6'),(1357,'20','F-11000','2'),(1358,'20','F-12000','2'),(1359,'20','F-13000','2'),(1360,'20','F-14000','2'),(1361,'20','F-14000','8'),(1362,'20','F-150','3'),(1363,'20','F-150','6'),(1364,'20','F-250','10'),(1365,'20','F-250','7'),(1366,'20','F-250','6'),(1367,'20','F-350','7'),(1368,'20','F-350','6'),(1369,'20','F-350','5'),(1370,'20','F-350','2'),(1371,'20','F-400','2'),(1372,'20','F-4000','2'),(1373,'20','F-450','6'),(1374,'20','F-450','2'),(1375,'20','F-500','2'),(1376,'20','F-500','4'),(1377,'20','F-550','6'),(1378,'20','F-550','2'),(1379,'20','F-600','5'),(1380,'20','F-600','4'),(1381,'20','F-600','2'),(1382,'20','F-650','3'),(1383,'20','F-650','6'),(1384,'20','F-700','2'),(1385,'20','F-700','4'),(1386,'20','F-7000','2'),(1387,'20','F-750','3'),(1388,'20','F-750','6'),(1389,'20','F-750','4'),(1390,'20','F-750','2'),(1391,'20','F-8','2'),(1392,'20','F-800','2'),(1393,'20','F-800','8'),(1394,'20','F-8000','2'),(1395,'20','F-900','2'),(1396,'20','F-9000','2'),(1397,'20','F-9000','8'),(1398,'20','FAIRLANE','1'),(1399,'20','FAIRLANE','17'),(1400,'20','FAIRLANE','6'),(1401,'20','FAIRMONT','1'),(1402,'20','FAIRMONT','17'),(1403,'20','FAIRMONT','6'),(1404,'20','FALCON','1'),(1405,'20','FALCON','17'),(1406,'20','FALCON','6'),(1407,'20','FASTBACK','1'),(1408,'20','FESTIVA','1'),(1409,'20','FIESTA','1'),(1410,'20','FOCUS','1'),(1411,'20','FOCUS','17'),(1412,'20','FREESTAR','10'),(1413,'20','FREESTYLE','17'),(1414,'20','FREESTYLE','3'),(1415,'20','F-SUPER DUTY','6'),(1416,'20','F-SUPER DUTY','2'),(1417,'20','FT-7000','2'),(1418,'20','FT-900','2'),(1419,'20','FUSION','1'),(1420,'20','FUTURA','1'),(1421,'20','GALAXIE','1'),(1422,'20','GALAXY','3'),(1423,'20','GRANADA','1'),(1424,'20','GRANADA','17'),(1425,'20','J-80','10'),(1426,'20','J-80','2'),(1427,'20','KA','1'),(1428,'20','L-8000','2'),(1429,'20','L-8000','8'),(1430,'20','L-900','8'),(1431,'20','L9000','2'),(1432,'20','L9000','8'),(1433,'20','LASER','1'),(1434,'20','LASER','17'),(1435,'20','LINCOLN','1'),(1436,'20','LINCOLN','3'),(1437,'20','LN-8000','8'),(1438,'20','LN-9000','8'),(1439,'20','LNT-8000','2'),(1440,'20','LNT-9000','2'),(1441,'20','LNT-9000','8'),(1442,'20','LOUISVILLE','2'),(1443,'20','LOUISVILLE','8'),(1444,'20','LTA 9000','2'),(1445,'20','LTA 9000','8'),(1446,'20','LTD','1'),(1447,'20','LTD','17'),(1448,'20','LTL-9000','8'),(1449,'20','LTLA-9000','8'),(1450,'20','MAVERICK','1'),(1451,'20','MERCURY','1'),(1452,'20','MERCURY','17'),(1453,'20','MERKUR XR4','1'),(1454,'20','MONDEO','1'),(1455,'20','MONDEO','17'),(1456,'20','MUSTANG','1'),(1457,'20','ORION','1'),(1458,'20','PINTO','1'),(1459,'20','PUMA','1'),(1460,'20','PROBE','1'),(1461,'20','R-100','6'),(1462,'20','RANGER','3'),(1463,'20','RANGER','6'),(1464,'20','S MAX','3'),(1465,'20','SABLE','1'),(1466,'20','SCHOOL','5'),(1467,'20','SCHOOL','4'),(1468,'20','SHELBY','1'),(1469,'20','SIERRA','1'),(1470,'20','SIERRA','17'),(1471,'20','SQUIRE','17'),(1472,'20','STERLING','2'),(1473,'20','STERLING','8'),(1474,'20','SUPER DUTY','6'),(1475,'20','TAUNUS','1'),(1476,'20','TAUNUS','17'),(1477,'20','TAURUS','1'),(1478,'20','TAURUS','17'),(1479,'20','TEMPO','1'),(1480,'20','THUNDERBIRD','1'),(1481,'20','TRADER','2'),(1482,'20','TRANSIT','10'),(1483,'20','TRANSIT','7'),(1484,'20','TRANSIT','2'),(1485,'20','U-50','3'),(1486,'20','WINDSTAR','10'),(1487,'20','ZEPHYR','1'),(1488,'8','2 TN LINEAL','2'),(1489,'8','BJ1010V0JA3','2'),(1490,'8','BJ1020','2'),(1491,'8','BJ1020V3JV2-S1','2'),(1492,'8','BJ1030V3JA4','2'),(1493,'8','BJ1032V3JB3-A','2'),(1494,'8','BJ1033','2'),(1495,'8','BJ1036V3JB3-5','2'),(1496,'8','BJ1041V8JD6-S1','2'),(1497,'8','BJ1043B8JEA-S','2'),(1498,'8','BJ1043VJD3-S','2'),(1499,'8','BJ1043V8JD3-S','2'),(1500,'8','BJ1063VCJFA-1','2'),(1501,'8','BJ1153VLPFG-B','2'),(1502,'8','BJ3043D89DA-S','2'),(1503,'8','BJ3043D8PDA-S','2'),(1504,'8','BJ3053DBJE5-1','2'),(1505,'8','BJ3073DCPFA-S4','2'),(1506,'8','BJ3163DKPEA-4','2'),(1507,'8','F-110','2'),(1508,'8','F-130','2'),(1509,'8','F-20','2'),(1510,'8','F-25','2'),(1511,'8','F-30','2'),(1512,'8','F-45','2'),(1513,'8','F-65','2'),(1514,'8','FD-130','2'),(1515,'8','FD-150','2'),(1516,'8','FD-25','2'),(1517,'8','FD-60','2'),(1518,'8','FD-80','2'),(1519,'8','FORLAND 3800','2'),(1520,'8','FORLAND 6 TON','2'),(1521,'8','FORLAND 8 TON','2'),(1522,'8','INCAPOWER','2'),(1523,'8','K2-2TN K2-2T','2'),(1524,'61','AUMAN','2'),(1525,'61','AUMAN','8'),(1526,'61','AUMARK','2'),(1527,'61','AUV','5'),(1528,'61','AUV','4'),(1529,'61','BJ1010','2'),(1530,'61','BJ1020','6'),(1531,'61','BJ1020','2'),(1532,'61','BJ1027','6'),(1533,'61','BJ1039','2'),(1534,'61','BJ1043','2'),(1535,'61','BJ1053','2'),(1536,'61','BJ1063','2'),(1537,'61','BJ1069','2'),(1538,'61','BJ1089','2'),(1539,'61','BJ1129','2'),(1540,'61','BJ1133','2'),(1541,'61','BJ1143','2'),(1542,'61','BJ1167','2'),(1543,'61','BJ5046','6'),(1544,'61','BJ5069','2'),(1545,'61','BJ5089','2'),(1546,'61','BJ5121','2'),(1547,'61','BJ5253','2'),(1548,'61','BJ6526','6'),(1549,'61','BJ6536','10'),(1550,'61','BJ6700','5'),(1551,'61','BJ6800','5'),(1552,'61','BJ6800','4'),(1553,'61','BLIZZARD','2'),(1554,'61','CONQUEROR','6'),(1555,'61','FORLAND','2'),(1556,'61','K1','10'),(1557,'61','K1','7'),(1558,'61','MIDI','17'),(1559,'61','MIDI','10'),(1560,'61','MIDI','7'),(1561,'61','MPX','10'),(1562,'61','OLLIN','2'),(1563,'61','OLLIN BJ-1039','2'),(1564,'61','SUP','6'),(1565,'61','TERRACOTA','6'),(1566,'61','TUNLAND','6'),(1567,'61','VIEW','10'),(1568,'61','VIEW','7'),(1569,'62','3148','2'),(1570,'62','3149','2'),(1571,'62','3150','2'),(1572,'62','ARGOSY','2'),(1573,'62','ARGOSY','8'),(1574,'62','CABOVER','8'),(1575,'62','CASCADIA','8'),(1576,'62','CENTURY','2'),(1577,'62','CENTURY','8'),(1578,'62','CENTURY CLASS','2'),(1579,'62','CENTURY CLASS','8'),(1580,'62','CL112','8'),(1581,'62','CL120','2'),(1582,'62','CL120','8'),(1583,'62','CLASSIC','2'),(1584,'62','CLASSIC','8'),(1585,'62','COE','8'),(1586,'62','COLUMBIA','2'),(1587,'62','COLUMBIA','8'),(1588,'62','CON','2'),(1589,'62','CONDOR','2'),(1590,'62','CORONADO','8'),(1591,'62','D120064ST','2'),(1592,'62','D120064ST','8'),(1593,'62','FL','2'),(1594,'62','FL','8'),(1595,'62','FL-112','2'),(1596,'62','FL-112','8'),(1597,'62','FL-80','2'),(1598,'62','FL-80','8'),(1599,'62','FLA','8'),(1600,'62','FLA-8664','2'),(1601,'62','FLA-8664','8'),(1602,'62','FLA-9664','8'),(1603,'62','FLB','8'),(1604,'62','FLB-9064','8'),(1605,'62','FLB-9664','8'),(1606,'62','FLC','8'),(1607,'62','FLC-112','8'),(1608,'62','FLC-120','8'),(1609,'62','FLC-12064T','8'),(1610,'62','FLD','2'),(1611,'62','FLD','8'),(1612,'62','FLD-112','2'),(1613,'62','FLD-112','8'),(1614,'62','FLD-11264ST','2'),(1615,'62','FLD-11264ST','8'),(1616,'62','FLD-120','2'),(1617,'62','FLD-120','8'),(1618,'62','FLT','8'),(1619,'62','FLT-6342T','8'),(1620,'62','FLT-6364T','8'),(1621,'62','FLT-8664T','8'),(1622,'62','M1','2'),(1623,'62','M1','8'),(1624,'62','M2','4'),(1625,'62','M2','2'),(1626,'62','M2','8'),(1627,'62','MB-80','2'),(1628,'62','MT-45','2'),(1629,'63','CK','1'),(1630,'63','EC2','1'),(1631,'63','EC7','1'),(1632,'63','EC718','1'),(1633,'63','EC820','1'),(1634,'63','EC825','1'),(1635,'63','EMGRAND EC','1'),(1636,'63','EX7','3'),(1637,'63','GL','1'),(1638,'63','GX2','3'),(1639,'63','GX7','3'),(1640,'63','HQ','1'),(1641,'63','HQ','6'),(1642,'63','LC','1'),(1643,'63','LC CROSS','1'),(1644,'63','MK','1'),(1645,'63','MR','1'),(1646,'63','PANDA','1'),(1647,'63','SC5','1'),(1648,'63','SC6','1'),(1649,'63','SC7','1'),(1650,'63','SL','1'),(1651,'64','METRO','1'),(1652,'64','PRIZM','1'),(1653,'64','SPECTRUM','1'),(1654,'64','STORM','1'),(1655,'64','TRACKER','3'),(1656,'65','700','2'),(1657,'65','860','8'),(1658,'65','6000','4'),(1659,'65','6000','2'),(1660,'65','7000','4'),(1661,'65','7000','2'),(1662,'65','9500','2'),(1663,'65','9500','8'),(1664,'65','ACADIA','3'),(1665,'65','AERO ASTRO','8'),(1666,'65','ASTRO','10'),(1667,'65','ASTRO','2'),(1668,'65','ASTRO','8'),(1669,'65','BLUEBIRD','4'),(1670,'65','BRIGADIER','2'),(1671,'65','BRIGADIER','8'),(1672,'65','C-10','6'),(1673,'65','C-1500','6'),(1674,'65','C-2500','6'),(1675,'65','C-2500','2'),(1676,'65','C-30','6'),(1677,'65','C-30','2'),(1678,'65','C-3500','2'),(1679,'65','C-5500','6'),(1680,'65','C-60','2'),(1681,'65','C-6500','6'),(1682,'65','C-70','2'),(1683,'65','C-700','2'),(1684,'65','C-7000','2'),(1685,'65','C-7500','2'),(1686,'65','C7D042','2'),(1687,'65','C-8500','2'),(1688,'65','C-9500','8'),(1689,'65','CANYON','6'),(1690,'65','CHEVETTE','1'),(1691,'65','DENALI','6'),(1692,'65','ENVOY','3'),(1693,'65','FC-152','6'),(1694,'65','FORWARD','2'),(1695,'65','G-15','10'),(1696,'65','G-20','10'),(1697,'65','GENERAL','2'),(1698,'65','GENERAL','8'),(1699,'65','JIMMY','3'),(1700,'65','RALLY','10'),(1701,'65','RTS 7000','4'),(1702,'65','S-15','6'),(1703,'65','SAFARI','10'),(1704,'65','SAVANA','10'),(1705,'65','SAVANA','7'),(1706,'65','SAVANA','6'),(1707,'65','SAVANA','4'),(1708,'65','SAVANA','2'),(1709,'65','SCHOOL','4'),(1710,'65','SIERRA','6'),(1711,'65','SONOMA','6'),(1712,'65','TERRAIN','3'),(1713,'65','THOMAS','4'),(1714,'65','TOPKICK','2'),(1715,'65','VANDURA','10'),(1716,'65','VANDURA','7'),(1717,'65','W-4500','2'),(1718,'65','W-5500','2'),(1719,'65','WG42','2'),(1720,'65','WG42','8'),(1721,'65','YUKON','3'),(1722,'66','XML6121','4'),(1723,'66','XML6125','4'),(1724,'66','XML6126','4'),(1725,'66','XML6127J12','4'),(1726,'66','XML6145J13CN','4'),(1727,'66','XML6532','5'),(1728,'66','XML6601','5'),(1729,'66','XML6700','5'),(1730,'66','XML6770','5'),(1731,'66','XML6821','5'),(1732,'66','XML6821','4'),(1733,'66','XML6897J12','5'),(1734,'66','XML6901','5'),(1735,'66','XML6901','4'),(1736,'67','ALTER','6'),(1737,'67','AOOSED','3'),(1738,'67','EIGHT','10'),(1739,'67','EIGHT','7'),(1740,'67','FAN','6'),(1741,'67','GA6380','3'),(1742,'67','GA6380','10'),(1743,'67','GA6380','7'),(1744,'67','GA6460','3'),(1745,'67','GA6460','10'),(1746,'67','GA6460','7'),(1747,'67','GX6','3'),(1748,'67','GX6','7'),(1749,'67','INCAPOWER','10'),(1750,'67','INCAPOWER','7'),(1751,'67','M1','2'),(1752,'67','M2','2'),(1753,'67','MINI VAN','10'),(1754,'67','MINI VAN','7'),(1755,'67','MINI VAN','2'),(1756,'67','NEW FAN','6'),(1757,'67','SABOO','3'),(1758,'67','STARRY','10'),(1759,'67','TROY 100','6'),(1760,'67','TROY 500','6'),(1761,'67','WAY','7'),(1762,'68','C10','1'),(1763,'68','C20R','1'),(1764,'68','C30','1'),(1765,'68','C50T','1'),(1766,'68','CC6460KY','3'),(1767,'68','COOLBEAR','1'),(1768,'68','COWRY','10'),(1769,'68','COWRY','7'),(1770,'68','DEER','6'),(1771,'68','FLORID','1'),(1772,'68','GWPERI','1'),(1773,'68','H3','3'),(1774,'68','H5','3'),(1775,'68','H6','3'),(1776,'68','HAVAL','3'),(1777,'68','HOVER','3'),(1778,'68','HOVER','6'),(1779,'68','M4','3'),(1780,'68','PERI','1'),(1781,'68','SAFE','3'),(1782,'68','SO COOL','6'),(1783,'68','VOLEEX','1'),(1784,'68','VOLEEX','3'),(1785,'68','WINGLE','1'),(1786,'68','WINGLE','6'),(1787,'69','EFFA','2'),(1788,'69','JUNYI','10'),(1789,'69','JUNYI','7'),(1790,'69','LOBO','1'),(1791,'69','LUZUN','10'),(1792,'69','LUZUN','7'),(1793,'69','MINYI','10'),(1794,'69','MINYI','7'),(1795,'69','MINYI','2'),(1796,'69','RUIYI','10'),(1797,'69','RUIYI','7'),(1798,'69','RUIYI','2'),(1799,'69','RUSH','1'),(1800,'69','SAIBAO','1'),(1801,'69','SAIMA','1'),(1802,'69','SIGMA','1'),(1803,'69','TOPIC','10'),(1804,'69','TOWNER','10'),(1805,'69','TOWNER','7'),(1806,'69','TOWNER','2'),(1807,'69','XINYI','10'),(1808,'69','XINYI','7'),(1809,'69','ZHONGYI','10'),(1810,'69','ZHONGYI','7'),(1811,'69','ZHONGYI','2'),(1812,'70','3333','1'),(1813,'70','2','1'),(1814,'70','3','1'),(1815,'70','7','3'),(1816,'70','FAMILY','1'),(1817,'70','FREEMA','3'),(1818,'70','FREEMA H2','17'),(1819,'70','FSTAR','10'),(1820,'70','FSTAR','7'),(1821,'70','H11','1'),(1822,'70','H2','3'),(1823,'71','H1830F','4'),(1824,'71','H6129','4'),(1825,'71','H6796','5'),(1826,'71','H6896','5'),(1827,'72','ARROW','1'),(1828,'72','AVENGER','1'),(1829,'72','ESTATE','17'),(1830,'72','HUNTER','1'),(1831,'72','MINX','1'),(1832,'72','MINX','17'),(1833,'73','300','2'),(1834,'73','4041','2'),(1835,'73','500','2'),(1836,'73','700','2'),(1837,'73','BLUE RIBBON','4'),(1838,'73','DUTRO','2'),(1839,'73','FB','2'),(1840,'73','FC','2'),(1841,'73','FC BUS','4'),(1842,'73','FC10','2'),(1843,'73','FD','2'),(1844,'73','FD','4'),(1845,'73','FF','2'),(1846,'73','FG','2'),(1847,'73','FM','2'),(1848,'73','FM','8'),(1849,'73','FM26','2'),(1850,'73','FR60','2'),(1851,'73','FS','2'),(1852,'73','GH','2'),(1853,'73','GH17','2'),(1854,'73','GT','2'),(1855,'73','KB','2'),(1856,'73','KM','2'),(1857,'73','LIESSE II','5'),(1858,'73','RAINBOW','5'),(1859,'73','RAINBOW','4'),(1860,'73','RANGER','2'),(1861,'73','RANGER','8'),(1862,'73','RK','4'),(1863,'73','SELEGA','4'),(1864,'73','SG','2'),(1865,'73','SS','2'),(1866,'73','SS','8'),(1867,'73','SUPER DOLPHIN','2'),(1868,'73','TIPPER TRUCK','2'),(1869,'74','ACCORD','1'),(1870,'74','ACCORD','17'),(1871,'74','ACTY','10'),(1872,'74','ACTY','7'),(1873,'74','ACURA','1'),(1874,'74','AIRWAVE','17'),(1875,'74','ASCOT','1'),(1876,'74','CAPA G','1'),(1877,'74','CITY','1'),(1878,'74','CIVIC','1'),(1879,'74','CIVIC','17'),(1880,'74','CIVIC SI','1'),(1881,'74','CIVIC HYBRID','1'),(1882,'74','CONCERTO','1'),(1883,'74','CRV','3'),(1884,'74','CRX','1'),(1885,'74','DOMANI','1'),(1886,'74','ELEMENT','3'),(1887,'74','FIT (CETICO)','1'),(1888,'74','FIT','1'),(1889,'74','HORIZON','3'),(1890,'74','HRV','1'),(1891,'74','HRV','17'),(1892,'74','HRV','3'),(1893,'74','INSIGHT','1'),(1894,'74','INSPIRE','1'),(1895,'74','INTEGRA','1'),(1896,'74','JAZZ','1'),(1897,'74','LEGEND','1'),(1898,'74','LIFE ','1'),(1899,'74','LOGO','1'),(1900,'74','NSX','1'),(1901,'74','ODYSSEY','17'),(1902,'74','ODYSSEY','3'),(1903,'74','ORTHIA','17'),(1904,'74','PARTNER','17'),(1905,'74','PASSPORT','3'),(1906,'74','PILOT','3'),(1907,'74','PRELUDE','1'),(1908,'74','RAFAGA','1'),(1909,'74','RIDGELINE','6'),(1910,'74','S2000','1'),(1911,'74','SHUTTLE','17'),(1912,'74','STEP WAGON','10'),(1913,'74','STREAM','17'),(1914,'74','STREAM','3'),(1915,'74','TORNEO','1'),(1916,'74','VIGOR','1'),(1917,'141','H1','3'),(1918,'141','H2','3'),(1919,'141','H3','3'),(1920,'141','HX','3'),(1921,'140','ACCENT','1'),(1922,'140','AERO','4'),(1923,'140','ATOS','1'),(1924,'140','AVANTE','1'),(1925,'140','AVANTE','17'),(1926,'140','AZERA','1'),(1927,'140','CARGO TRUCK','2'),(1928,'140','CHORUS','5'),(1929,'140','COUNTY','5'),(1930,'140','COUPE','1'),(1931,'140','DUMP TRUCK','2'),(1932,'140','ELANTRA','1'),(1933,'140','ELANTRA','17'),(1934,'140','ENTOURAGE','10'),(1935,'140','EON','1'),(1936,'140','EQUUS','1'),(1937,'140','EXCEL','1'),(1938,'140','FB 500','4'),(1939,'140','GALLOPER','3'),(1940,'140','GENESIS','1'),(1941,'140','GETZ','1'),(1942,'140','GRACE','10'),(1943,'140','GRACE','7'),(1944,'140','GRANDEUR','1'),(1945,'140','H-1','10'),(1946,'140','H-1','7'),(1947,'140','H-100','10'),(1948,'140','H-100','7'),(1949,'140','H-100','6'),(1950,'140','H-100','5'),(1951,'140','H-100','2'),(1952,'140','H-250','2'),(1953,'140','H-350','2'),(1954,'140','HB 20','1'),(1955,'140','HD 1000','2'),(1956,'140','HD 1000','8'),(1957,'140','HD 120','2'),(1958,'140','HD 160','2'),(1959,'140','HD 170','2'),(1960,'140','HD 210','2'),(1961,'140','HD 250','2'),(1962,'140','HD 250','8'),(1963,'140','HD 270','2'),(1964,'140','HD 370','2'),(1965,'140','HD 45','2'),(1966,'140','HD 65','2'),(1967,'140','HD 700','2'),(1968,'140','HD 700','8'),(1969,'140','HD 72','2'),(1970,'140','HD 75','2'),(1971,'140','HD 78','2'),(1972,'140','i10','1'),(1973,'140','i20','1'),(1974,'140','i30','1'),(1975,'140','i30','17'),(1976,'140','i40','1'),(1977,'140','i40','3'),(1978,'140','ix 20','1'),(1979,'140','LIBERO','6'),(1980,'140','LIBERO','2'),(1981,'140','MATRIX','1'),(1982,'140','MIGHTY','2'),(1983,'140','MIXER TRUCK','2'),(1984,'140','NEW ACCENT','1'),(1985,'140','NEW ELANTRA','1'),(1986,'140','NEW EON','1'),(1987,'140','NEW I30','1'),(1988,'140','NEW SONATA','1'),(1989,'140','NEW TUCSON','3'),(1990,'140','PONY','1'),(1991,'140','PONY','6'),(1992,'140','PORTER','7'),(1993,'140','PORTER','6'),(1994,'140','PORTER','2'),(1995,'140','PRESTO (EXCEL)','1'),(1996,'140','RB-520','4'),(1997,'140','SANTA FE','3'),(1998,'140','SANTAMO','17'),(1999,'140','SCOUPE','1'),(2000,'140','SONATA','1'),(2001,'140','STAREX','10'),(2002,'140','STAREX','7'),(2003,'140','STELLAR','1'),(2004,'140','SUPER AEROCITY','4'),(2005,'140','SUPER TURBO','2'),(2006,'140','TERRACAN','3'),(2007,'140','TIBURON','1'),(2008,'140','TRACTOR TRUCK','8'),(2009,'140','TRAJET','17'),(2010,'140','TRAJET','3'),(2011,'140','TRITON','2'),(2012,'140','TUCSON','3'),(2013,'140','TUSCANI','1'),(2014,'140','UNIVERSE','4'),(2015,'140','VELOSTER','1'),(2016,'140','VERACRUZ','3'),(2017,'140','VERNA','1'),(2018,'140','XG','1'),(2019,'140','ZIC','8'),(2020,'75','3509','4'),(2021,'75','2538K','2'),(2022,'75','B20','2'),(2023,'75','B30','2'),(2024,'75','B40','2'),(2025,'75','B41','2'),(2026,'75','B50','2'),(2027,'75','B60','2'),(2028,'75','CITIZEN','4'),(2029,'75','F15','2'),(2030,'75','F20','2'),(2031,'75','F30','2'),(2032,'75','F35','2'),(2033,'75','F45','2'),(2034,'75','F65','2'),(2035,'75','FD 130','2'),(2036,'75','FD 150','2'),(2037,'75','FD 25','2'),(2038,'75','FD 35','2'),(2039,'75','FD 60','2'),(2040,'75','FD 80','2'),(2041,'75','GRAND BUFFALO','5'),(2042,'75','DESTROYER III','6'),(2043,'75','METRO DIESEL','4'),(2044,'75','METRO GAS','4'),(2045,'75','NORTH BENZ (VOLQUETE)','2'),(2046,'76','CROSSOVER','3'),(2047,'76','FX35','3'),(2048,'76','FX45','3'),(2049,'76','G SEDAN','1'),(2050,'76','G20','1'),(2051,'76','G35','1'),(2052,'76','J 30','1'),(2053,'76','Q45','1'),(2054,'76','Q50','1'),(2055,'76','Q60','1'),(2056,'76','Q70','1'),(2057,'76','QX50','1'),(2058,'76','QX60','1'),(2059,'76','QX70','1'),(2060,'76','QX80','1'),(2061,'77','700','2'),(2062,'77','3550','6'),(2063,'77','3551','7'),(2064,'77','3551','6'),(2065,'77','3551','2'),(2066,'77','676','6'),(2067,'77','676','2'),(2068,'77','678','2'),(2069,'77','1700','2'),(2070,'77','1700','4'),(2071,'77','1723','5'),(2072,'77','1723','2'),(2073,'77','1753','4'),(2074,'77','1754','2'),(2075,'77','1800','4'),(2076,'77','1800','2'),(2077,'77','2554','2'),(2078,'77','2574','2'),(2079,'77','2574','8'),(2080,'77','3000','4'),(2081,'77','3100','5'),(2082,'77','3300','4'),(2083,'77','3100','4'),(2084,'77','3900','4'),(2085,'77','4300','2'),(2086,'77','4400','2'),(2087,'77','4600','2'),(2088,'77','4700','4'),(2089,'77','4700','2'),(2090,'77','4700','8'),(2091,'77','4800','2'),(2092,'77','4900','2'),(2093,'77','5000','2'),(2094,'77','5600','2'),(2095,'77','5600','8'),(2096,'77','5900','8'),(2097,'77','7400','2'),(2098,'77','7400','8'),(2099,'77','7500','2'),(2100,'77','7600','2'),(2101,'77','7600','8'),(2102,'77','8100','8'),(2103,'77','8600','8'),(2104,'77','9200','2'),(2105,'77','9200','8'),(2106,'77','9370','2'),(2107,'77','9370','8'),(2108,'77','9400','2'),(2109,'77','9400','8'),(2110,'77','9600','8'),(2111,'77','9670','2'),(2112,'77','9670','8'),(2113,'77','9700','2'),(2114,'77','9700','8'),(2115,'77','9800','8'),(2116,'77','9900','4'),(2117,'77','9900','8'),(2118,'77','B-160','2'),(2119,'77','BLUE BIRD','4'),(2120,'77','C-1300','2'),(2121,'77','CABOVER','8'),(2122,'77','CF','2'),(2123,'77','CITYSTAR','2'),(2124,'77','CO 9670','8'),(2125,'77','COF','2'),(2126,'77','COF','8'),(2127,'77','D-300','2'),(2128,'77','DIMEX','2'),(2129,'77','DIMEX','8'),(2130,'77','DURASTAR','2'),(2131,'77','DURASTAR','8'),(2132,'77','EAGLE','2'),(2133,'77','EAGLE','8'),(2134,'77','F-1954','2'),(2135,'77','F-1954','8'),(2136,'77','F-2200','2'),(2137,'77','F-2200','8'),(2138,'77','F-2275','2'),(2139,'77','F-2275','8'),(2140,'77','F-2674','2'),(2141,'77','F-5070','8'),(2142,'77','F-5070','8'),(2143,'77','F-9370','8'),(2144,'77','FC-35','2'),(2145,'77','FC-35','4'),(2146,'77','GRUMMAN','2'),(2147,'77','HARVESTER','3'),(2148,'77','HARVESTER','6'),(2149,'77','HARVESTER','4'),(2150,'77','HARVESTER','2'),(2151,'77','HARVESTER','8'),(2152,'77','JEEP-SCOUT','3'),(2153,'77','LOADSTAR','2'),(2154,'77','LOADSTAR','8'),(2155,'77','LONESTAR','8'),(2156,'77','N12','2'),(2157,'77','N14','8'),(2158,'77','NAVISTAR','2'),(2159,'77','NAVISTAR','8'),(2160,'77','PAYSTAR','2'),(2161,'77','PAYSTAR','8'),(2162,'77','PROSTAR','8'),(2163,'77','SCOUT II','3'),(2164,'77','TERRASTAR','8'),(2165,'77','TOW TRUCK','2'),(2166,'77','TRANSTAR','8'),(2167,'77','TRAVELER','4'),(2168,'77','TRAVELETTE','6'),(2169,'77','WORKSTAR','2'),(2170,'77','WORKSTAR','8'),(2171,'78','AMIGO','3'),(2172,'78','ASKA','1'),(2173,'78','AXIOM','3'),(2174,'78','BELLETT','1'),(2175,'78','BIGHORN','3'),(2176,'78','BU20KP','4'),(2177,'78','CARIBE','3'),(2178,'78','CCM410','4'),(2179,'78','CXH','2'),(2180,'78','CXY','2'),(2181,'78','CXZ','2'),(2182,'78','D-MAX','6'),(2183,'78','DECA','2'),(2184,'78','ELF','10'),(2185,'78','ELF','7'),(2186,'78','ELF','6'),(2187,'78','ELF','5'),(2188,'78','ELF','2'),(2189,'78','EURO','2'),(2190,'78','FARGO','10'),(2191,'78','FARGO','7'),(2192,'78','FARGO','2'),(2193,'78','FORWARD','4'),(2194,'78','FORWARD','2'),(2195,'78','FRR','2'),(2196,'78','FSR','2'),(2197,'78','FTR','4'),(2198,'78','FTR','2'),(2199,'78','FTS','2'),(2200,'78','FVR','2'),(2201,'78','FVY','2'),(2202,'78','FVZ','2'),(2203,'78','FY','2'),(2204,'78','FYH','2'),(2205,'78','FYJ','2'),(2206,'78','GEMINI','1'),(2207,'78','HOMBRE','6'),(2208,'78','I MARK','1'),(2209,'78','IMPULSE','1'),(2210,'78','JOURNEY','5'),(2211,'78','JOURNEY','4'),(2212,'78','KB','6'),(2213,'78','KS','2'),(2214,'78','L310','2'),(2215,'78','MIDI','10'),(2216,'78','MIDI','7'),(2217,'78','MU','3'),(2218,'78','MYSTERIOUS UTILITY','3'),(2219,'78','NHR','10'),(2220,'78','NHR','7'),(2221,'78','NHR','2'),(2222,'78','NKR','2'),(2223,'78','NLR','2'),(2224,'78','NMR','2'),(2225,'78','NPR','4'),(2226,'78','NPR','2'),(2227,'78','NPS','2'),(2228,'78','NQR','4'),(2229,'78','NQR','2'),(2230,'78','NRR','2'),(2231,'78','PIAZZA','1'),(2232,'78','REACH VAN','2'),(2233,'78','REWARD','2'),(2234,'78','REWARD 300','2'),(2235,'78','RODEO','6'),(2236,'78','RODEO','3'),(2237,'78','STYLUS','1'),(2238,'78','TF','6'),(2239,'78','TL','2'),(2240,'78','TLD','2'),(2241,'78','TROOPER','3'),(2242,'78','TROOPER','6'),(2243,'78','TX','2'),(2244,'78','TXD','2'),(2245,'78','V-275','2'),(2246,'78','V-295','2'),(2247,'78','V-305','2'),(2248,'78','V-330','2'),(2249,'78','V-340','2'),(2250,'78','WFR','10'),(2251,'78','WFR','7'),(2252,'78','WIZARD','3'),(2253,'79','3688','2'),(2254,'79','3689','2'),(2255,'79','170','2'),(2256,'79','170','8'),(2257,'79','190','8'),(2258,'79','300','2'),(2259,'79','330','2'),(2260,'79','330','8'),(2261,'79','380','2'),(2262,'79','380','8'),(2263,'79','410','2'),(2264,'79','740','2'),(2265,'79','ACCO','2'),(2266,'79','ASTRA','2'),(2267,'79','ASTRA','8'),(2268,'79','CC170E22','4'),(2269,'79','CITY','5'),(2270,'79','CITY','4'),(2271,'79','CURSOR','2'),(2272,'79','CURSOR','8'),(2273,'79','DAILY','7'),(2274,'79','DAILY','6'),(2275,'79','DAILY','5'),(2276,'79','DAILY','4'),(2277,'79','DAILY','2'),(2278,'79','EURO CARGO','2'),(2279,'79','EURO CARGO','8'),(2280,'79','EURO CARGO','5'),(2281,'79','EUROTRAKER','2'),(2282,'79','HI WAY','8'),(2283,'79','MAGIRUS','2'),(2284,'79','POWER DAILY','5'),(2285,'79','POWERSTAR','8'),(2286,'79','STRALIS','2'),(2287,'79','STRALIS','8'),(2288,'79','TECTOR','2'),(2289,'79','TRAKKER','2'),(2290,'79','TRAKKER','8'),(2291,'79','V 39.15','7'),(2292,'79','V 50.13','2'),(2293,'79','V 50.15','7'),(2294,'79','VERTIS','2'),(2295,'79','Z-100','2'),(2296,'79','Z110','2'),(2297,'80','A137','1'),(2298,'80','A138','1'),(2299,'80','A-CLASS','1'),(2300,'80','A-0','1'),(2301,'80','A-CLASS','1'),(2302,'80','B-CLASS','1'),(2303,'80','B15-CLASS','1'),(2304,'80','B-CROSS','3'),(2305,'80','B18 CROSS','3'),(2306,'80','C-CLASS','1'),(2307,'80','CITY ADVANTAGE','5'),(2308,'80','HEYUE','1'),(2309,'80','HFC 1020','2'),(2310,'80','HFC 1020','5'),(2311,'80','HFC 1023','6'),(2312,'80','HFC 1023','2'),(2313,'80','HFC 1030K','6'),(2314,'80','HFC 1030K','2'),(2315,'80','HFC 1035','2'),(2316,'80','HFC 1040','2'),(2317,'80','HFC 1042','2'),(2318,'80','HFC 1043','2'),(2319,'80','HFC 1045K2','2'),(2320,'80','HFC 1048K','2'),(2321,'80','HFC 1055','2'),(2322,'80','HFC 1061','2'),(2323,'80','HFC 1063','2'),(2324,'80','HFC 1083','2'),(2325,'80','HFC 1131KR1','2'),(2326,'80','HFC 1134KR1','2'),(2327,'80','HFC 1312K4R1','2'),(2328,'80','HFC 3048K','2'),(2329,'80','HFC 3072K','2'),(2330,'80','HFC 3090','2'),(2331,'80','HFC 4251','8'),(2332,'80','HFC 4253','8'),(2333,'80','HFC 6591 (SUNRAY)','10'),(2334,'80','HFC 6591 (SUNRAY)','5'),(2335,'80','HFC 6730','5'),(2336,'80','HFC 6738','5'),(2337,'80','HFC 6750','5'),(2338,'80','HFC 6880','4'),(2339,'80','HFC 6900','4'),(2340,'80','HK 6700','5'),(2341,'80','HK 6730','5'),(2342,'80','HK 6738','5'),(2343,'80','HK 6750','5'),(2344,'80','HK 6818K','5'),(2345,'80','HK 6920 G','4'),(2346,'80','J2','1'),(2347,'80','J3','1'),(2348,'80','J3 CROSS','3'),(2349,'80','J5','1'),(2350,'80','J6','17'),(2351,'80','J7','1'),(2352,'80','REFINE','10'),(2353,'80','REFINE','7'),(2354,'80','REIN','3'),(2355,'80','S1','3'),(2356,'80','S2','3'),(2357,'80','S5','3'),(2358,'80','SPAZIO','1'),(2359,'80','SUNRAY','10'),(2360,'80','SUNRAY','5'),(2361,'81','E-TYPE','1'),(2362,'81','F-TYPE','1'),(2363,'81','JX 8','1'),(2364,'81','S-TYPE','1'),(2365,'81','XE','1'),(2366,'81','XF','1'),(2367,'81','XJ','1'),(2368,'81','XK','1'),(2369,'81','X-TYPE','1'),(2370,'82','ASIA ROCSTA','3'),(2371,'82','CHEROKEE','3'),(2372,'82','CHEROKEE','6'),(2373,'82','CJ-10','6'),(2374,'82','CJ-5','3'),(2375,'82','CJ-6','3'),(2376,'82','CJ-7','3'),(2377,'82','CJ-8','3'),(2378,'82','COMANCHE','3'),(2379,'82','COMANCHE','6'),(2380,'82','COMMANDER','3'),(2381,'82','COMPASS','3'),(2382,'82','GRAND CHEROKEE','3'),(2383,'82','GRAND CHEROKEE','6'),(2384,'82','GRAND WAGONEER','3'),(2385,'82','J-10','6'),(2386,'82','J-12','6'),(2387,'82','J-20','6'),(2388,'82','J-200','6'),(2389,'82','J-4000','6'),(2390,'82','JEEPSTER','3'),(2391,'82','JK-8','6'),(2392,'82','KAISER','3'),(2393,'82','LAREDO','3'),(2394,'82','LIBERTY','3'),(2395,'82','NEW CHEROKEE SPORT','3'),(2396,'82','PATRIOT','3'),(2397,'82','RENEGADE','3'),(2398,'82','ROCSTA','3'),(2399,'82','VIASA','6'),(2400,'82','WAGONEER','17'),(2401,'82','WAGONEER','3'),(2402,'82','WAGONEER','6'),(2403,'82','WILLYS','3'),(2404,'82','WRANGLER','3'),(2405,'83','250D SERIE II','2'),(2406,'83','300D SERIE II','2'),(2407,'83','370E','2'),(2408,'83','410E','2'),(2409,'83','460E','2'),(2410,'84','BADAO SY6480','3'),(2411,'84','BONNETHEAD','2'),(2412,'84','CAREZA','6'),(2413,'84','CA4D32-09','2'),(2414,'84','CY410','2'),(2415,'84','FSV','1'),(2416,'84','H2L','10'),(2417,'84','H2L','5'),(2418,'84','HAISE','10'),(2419,'84','HAISE','7'),(2420,'84','HAISE','5'),(2421,'84','HAMMERHEAD','2'),(2422,'84','LITE VAN','10'),(2423,'84','LITE VAN','7'),(2424,'84','MEDIUMDUMP','2'),(2425,'84','MINIDUMP','2'),(2426,'84','STQ3129-7C9T','2'),(2427,'84','SY1021','2'),(2428,'84','SY1026','6'),(2429,'84','SY1030','2'),(2430,'84','SY1033DFH4','2'),(2431,'84','SY1040','2'),(2432,'84','SY1040','4'),(2433,'84','SY1041','2'),(2434,'84','SY1043D4ES','2'),(2435,'84','SY1044','2'),(2436,'84','SY1062','2'),(2437,'84','SY1090DR1C','2'),(2438,'84','SY1090DRIC','2'),(2439,'84','SY1120','2'),(2440,'84','SY1120BRJ','2'),(2441,'84','SY1160BSJ','2'),(2442,'84','SY3030DL4H','2'),(2443,'84','SY3040','2'),(2444,'84','SY3090','2'),(2445,'85','BAODIAN','6'),(2446,'85','BD','6'),(2447,'85','BOARDING','6'),(2448,'85','BOOMDAY','3'),(2449,'85','BOOMDAY','6'),(2450,'85','CARRYING','2'),(2451,'85','CITY','2'),(2452,'85','CONQUER','2'),(2453,'85','CONVEY','2'),(2454,'85','DUO','2'),(2455,'85','HUNTER','6'),(2456,'85','JX','2'),(2457,'85','JX','5'),(2458,'85','LANDWIND','3'),(2459,'85','N350','3'),(2460,'85','N350','6'),(2461,'85','N900','2'),(2462,'85','NHR','2'),(2463,'85','NKR','2'),(2464,'85','VIGOR','6'),(2465,'85','YUNBA','10'),(2466,'85','YUNBA','7'),(2467,'85','YUSHENG','3'),(2468,'86','A380','3'),(2469,'86','PARACAS','10'),(2470,'87','A5','10'),(2471,'87','A6','10'),(2472,'87','HKL6540','10'),(2473,'87','HKL6600','5'),(2474,'87','IFLY','10'),(2475,'87','MAJESTIC','5'),(2476,'88','39383','2'),(2477,'88','4308','2'),(2478,'88','43101','2'),(2479,'88','43114','2'),(2480,'88','43118','2'),(2481,'88','43253','2'),(2482,'88','4326','2'),(2483,'88','44108','8'),(2484,'88','45141','2'),(2485,'88','45142','2'),(2486,'88','45143','2'),(2487,'88','532','2'),(2488,'88','53215','2'),(2489,'88','5325','2'),(2490,'88','5360','2'),(2491,'88','53605','2'),(2492,'88','541','2'),(2493,'88','54112','8'),(2494,'88','54115','8'),(2495,'88','5460','8'),(2496,'88','551','2'),(2497,'88','55102','2'),(2498,'88','55111','2'),(2499,'88','63501','2'),(2500,'88','6460','8'),(2501,'88','65111','2'),(2502,'88','65115','2'),(2503,'88','65116','8'),(2504,'88','65117','2'),(2505,'88','6520','2'),(2506,'88','6522','2'),(2507,'88','65225','8'),(2508,'88','65226','8'),(2509,'88','6540','2'),(2510,'89','825','2'),(2511,'89','921','2'),(2512,'89','921','8'),(2513,'89','923','8'),(2514,'89','924','8'),(2515,'89','963 FAMILY','2'),(2516,'89','C-500','2'),(2517,'89','C-500','8'),(2518,'89','CABOVER','8'),(2519,'89','K-100','8'),(2520,'89','K-125','8'),(2521,'89','K-270','2'),(2522,'89','K-370','2'),(2523,'89','K-500','2'),(2524,'89','KW-45','2'),(2525,'89','KW-55','2'),(2526,'89','L-924','2'),(2527,'89','T-170','2'),(2528,'89','T-270','2'),(2529,'89','T-2000','8'),(2530,'89','T-300','2'),(2531,'89','T-300','8'),(2532,'89','T-370','2'),(2533,'89','T-370','8'),(2534,'89','T-440','2'),(2535,'89','T-460','2'),(2536,'89','T-470','2'),(2537,'89','T-600','2'),(2538,'89','T-600','8'),(2539,'89','T-660','8'),(2540,'89','T-680','8'),(2541,'89','T-700','8'),(2542,'89','T-800','2'),(2543,'89','T-800','8'),(2544,'89','T-880','8'),(2545,'89','W-900','8'),(2546,'89','W-921','8'),(2547,'89','W-923','8'),(2548,'89','W-924','8'),(2549,'89','W-925','8'),(2550,'90','ALL NEW CERATO','1'),(2551,'90','AMANTI','1'),(2552,'90','ASIA TOPIC','5'),(2553,'90','AVELLA','1'),(2554,'90','BESTA','10'),(2555,'90','BESTA','7'),(2556,'90','BESTA','5'),(2557,'90','BONGO','10'),(2558,'90','BONGO','2'),(2559,'90','BOXER','2'),(2560,'90','CADENZA','1'),(2561,'90','CAPITAL','1'),(2562,'90','CARENS','17'),(2563,'90','CARENS','3'),(2564,'90','CARNIVAL','10'),(2565,'90','CERATO','1'),(2566,'90','CERES','2'),(2567,'90','CLARUS','1'),(2568,'90','COMBI','5'),(2569,'90','CONCORD','1'),(2570,'90','CREDOS','1'),(2571,'90','FORTE','1'),(2572,'90','FRONTIER','2'),(2573,'90','JUMBO','2'),(2574,'90','K-2400','2'),(2575,'90','K-2500','2'),(2576,'90','K-2700','2'),(2577,'90','K-2700 II','2'),(2578,'90','K-3000','2'),(2579,'90','K-3500','2'),(2580,'90','K-3600','2'),(2581,'90','KM','3'),(2582,'90','KM','2'),(2583,'90','KOUP','1'),(2584,'90','LOTZE','1'),(2585,'90','MAGENTIS (OPTIMA)','1'),(2586,'90','MOHAVE','3'),(2587,'90','MOJAVE','6'),(2588,'90','NEW CARENS','1'),(2589,'90','NEW CERATO','1'),(2590,'90','NEW PICANTO','1'),(2591,'90','NEW RIO','1'),(2592,'90','NEW SORENTO','3'),(2593,'90','NEW SPORTAGE','3'),(2594,'90','OPIRUS','1'),(2595,'90','OPTIMA','1'),(2596,'90','PICANTO','1'),(2597,'90','PREGIO','10'),(2598,'90','PREGIO','7'),(2599,'90','PREGIO','5'),(2600,'90','PRIDE','1'),(2601,'90','QUORIS','1'),(2602,'90','RETONA','3'),(2603,'90','RHINO','2'),(2604,'90','RIO','1'),(2605,'90','RIO','17'),(2606,'90','RIO EVOLUTION','1'),(2607,'90','ROCSTA','3'),(2608,'90','SEDONA','10'),(2609,'90','SEPHIA','1'),(2610,'90','SHUMA','1'),(2611,'90','SORENTO','3'),(2612,'90','SOUL','1'),(2613,'90','SPECTRA','1'),(2614,'90','SPORTAGE','3'),(2615,'90','TITAN','2'),(2616,'90','TOPIC','10'),(2617,'90','TOWNER','10'),(2618,'90','TOWNER','7'),(2619,'90','TOWNER','2'),(2620,'90','TRADE','2'),(2621,'90','VENGA','1'),(2622,'91','CARGO VAN','10'),(2623,'91','KINGO','10'),(2624,'91','KINGWEI','10'),(2625,'91','PASSENGER MINI VAN','10'),(2626,'91','XMQ5030XYZ33','10'),(2627,'91','XMQ6101Y','4'),(2628,'91','XMQ6106G','4'),(2629,'91','XMQ6110GF','4'),(2630,'91','XMQ6111Y','4'),(2631,'91','XMQ6116','4'),(2632,'91','XMQ6117Y','4'),(2633,'91','XMQ6118Y','4'),(2634,'91','XMQ6119','4'),(2635,'91','XMQ6120','4'),(2636,'91','XMQ6121','4'),(2637,'91','XMQ6122Y','4'),(2638,'91','XMQ6126Y','4'),(2639,'91','XMQ6127','4'),(2640,'91','XMQ6128Y','4'),(2641,'91','XMQ6129','4'),(2642,'91','XMQ6130Y','4'),(2643,'91','XMQ6140','4'),(2644,'91','XMQ6181G','4'),(2645,'91','XMQ6520E','10'),(2646,'91','XMQ6606','5'),(2647,'91','XMQ6608','5'),(2648,'91','XMQ6660','5'),(2649,'91','XMQ6706','4'),(2650,'91','XMQ6728','5'),(2651,'91','XMQ6752','4'),(2652,'91','XMQ6762','4'),(2653,'91','XMQ6798Y','4'),(2654,'91','XMQ6759Y','4'),(2655,'91','XMQ6771Y','4'),(2656,'91','XMQ6798Y','4'),(2657,'91','XMQ6800','4'),(2658,'91','XMQ6802Y','4'),(2659,'91','XMQ6803Y','4'),(2660,'91','XMQ6840G2','4'),(2661,'91','XMQ6841G','4'),(2662,'91','XMQ6858Y','4'),(2663,'91','XMQ6859Y','4'),(2664,'91','XMQ6886Y','4'),(2665,'91','XMQ6891G','4'),(2666,'91','XMQ6892','4'),(2667,'91','XMQ6900Y','4'),(2668,'91','XMQ6902Y','4'),(2669,'91','XMQ6930K','4'),(2670,'91','XMQ6940G','4'),(2671,'91','XMQ6960Y','4'),(2672,'91','XMQ6996Y','4'),(2673,'91','XMQ6998Y','4'),(2674,'92','672','1'),(2675,'92','673','17'),(2676,'92','674','1'),(2677,'92','675','1'),(2678,'92','676','1'),(2679,'92','677','1'),(2680,'92','678','1'),(2681,'92','2101','1'),(2682,'92','2102','17'),(2683,'92','21023','17'),(2684,'92','2103','1'),(2685,'92','2104','17'),(2686,'92','21043','17'),(2687,'92','2105','1'),(2688,'92','21051','1'),(2689,'92','21053','1'),(2690,'92','21053','17'),(2691,'92','2106','1'),(2692,'92','21060','1'),(2693,'92','21061','1'),(2694,'92','21063','1'),(2695,'92','21065','1'),(2696,'92','2107','1'),(2697,'92','2107','17'),(2698,'92','21074','1'),(2699,'92','2108 SAMARA','1'),(2700,'92','2109 SAMARA','1'),(2701,'92','21090','1'),(2702,'92','21093','1'),(2703,'92','21093','17'),(2704,'92','21099','1'),(2705,'92','2114','1'),(2706,'92','27151','6'),(2707,'92','520-I','1'),(2708,'92','FORMA','10'),(2709,'92','GRANTA','1'),(2710,'92','KALINA','1'),(2711,'92','KALINA','17'),(2712,'92','LARGUS','17'),(2713,'92','LARGUS','7'),(2714,'92','MATRIUSKA','17'),(2715,'92','NIVA','3'),(2716,'92','PRIORA','1'),(2717,'92','PRIORA','17'),(2718,'92','RAF','10'),(2719,'92','SAMARA','1'),(2720,'93','350 GT','1'),(2721,'93','350 GTV','1'),(2722,'93','400','1'),(2723,'93','AVENTADOR','1'),(2724,'93','COUNTACH','1'),(2725,'93','DIABLO','1'),(2726,'93','ESPADA','1'),(2727,'93','ESTOQUE','1'),(2728,'93','GALLARDO','1'),(2729,'93','HURACAN','1'),(2730,'93','ISLERO','1'),(2731,'93','JALPA','1'),(2732,'93','JARAMA','1'),(2733,'93','LM002','3'),(2734,'93','MIURA','1'),(2735,'93','MURCIELAGO','1'),(2736,'93','REVENTON','1'),(2737,'93','SESTO ELEMENTO','1'),(2738,'93','SILHOUETTE','1'),(2739,'93','URRACO','1'),(2740,'93','VENENO','1'),(2741,'94','88','3'),(2742,'94','733','3'),(2743,'94','672','6'),(2744,'94','DEFENDER','3'),(2745,'94','DISCOVERY','3'),(2746,'94','DISCOVERY 4','3'),(2747,'94','FREELANDER','3'),(2748,'94','LR2','3'),(2749,'94','LR4','3'),(2750,'94','RANGE ROVER','3'),(2751,'94','SANTANA','3'),(2752,'95','CV9','17'),(2753,'95','FASHION','3'),(2754,'95','FORWARD','1'),(2755,'95','S-DRIVE','1'),(2756,'95','X5','3'),(2757,'95','X6','3'),(2758,'95','X7','3'),(2759,'95','X8','3'),(2760,'95','X9','3'),(2761,'95','X-PEDITION','3'),(2762,'96','CT 200H','1'),(2763,'96','ES','1'),(2764,'96','GS','1'),(2765,'96','GX','3'),(2766,'96','IS','1'),(2767,'96','LF-A','1'),(2768,'96','LF-LC','1'),(2769,'96','LF-NX','1'),(2770,'96','LS','1'),(2771,'96','LX','3'),(2772,'96','RC','1'),(2773,'96','RX','3'),(2774,'96','SC','1'),(2775,'97','320','1'),(2776,'97','520','1'),(2777,'97','530','1'),(2778,'97','620','1'),(2779,'97','630','1'),(2780,'97','720','1'),(2781,'97','EFFA','1'),(2782,'97','FOISON','10'),(2783,'97','FOISON','7'),(2784,'97','FOISON','2'),(2785,'97','LF 1022','10'),(2786,'97','LF 1022','2'),(2787,'97','LF 1025','2'),(2788,'97','LF 7132','1'),(2789,'97','MINI TRUCK','2'),(2790,'97','SEASON','10'),(2791,'97','X 60','3'),(2792,'98','AVIATOR','3'),(2793,'98','CONTINENTAL','1'),(2794,'98','LS','1'),(2795,'98','MKC','3'),(2796,'98','MKS','1'),(2797,'98','MKT','3'),(2798,'98','MKX','3'),(2799,'98','MKZ','1'),(2800,'98','MARK LT','6'),(2801,'98','MARK VII','1'),(2802,'98','MARK VIII','1'),(2803,'98','MARK IX','1'),(2804,'98','NAVIGATOR','3'),(2805,'98','ROYALE','1'),(2806,'98','TOWN CAR','1'),(2807,'99','600','2'),(2808,'99','600','8'),(2809,'99','B','2'),(2810,'99','B','8'),(2811,'99','B-42','2'),(2812,'99','B-42','8'),(2813,'99','B-61','8'),(2814,'99','CH','2'),(2815,'99','CH','8'),(2816,'99','CL-700','2'),(2817,'99','CRUISE LINER','8'),(2818,'99','CV-713','2'),(2819,'99','CV-713','8'),(2820,'99','CX','2'),(2821,'99','CXN-613','8'),(2822,'99','CXU-613','2'),(2823,'99','CXU-613','8'),(2824,'99','DM','2'),(2825,'99','DM','8'),(2826,'99','ECONODYNE','8'),(2827,'99','F-700','8'),(2828,'99','GRANITE ELITE','2'),(2829,'99','GU-813','2'),(2830,'99','LJT','8'),(2831,'99','M-123','2'),(2832,'99','METRO LINER','2'),(2833,'99','MH 600','8'),(2834,'99','MH 612','8'),(2835,'99','MH 613','2'),(2836,'99','MH 613','8'),(2837,'99','MH 633','2'),(2838,'99','MH 633','8'),(2839,'99','MH ULTRA LINER','2'),(2840,'99','MID LINER','2'),(2841,'99','MR-688','2'),(2842,'99','MR-688','8'),(2843,'99','MR-690','2'),(2844,'99','MR-690','8'),(2845,'99','MRU 613 E','2'),(2846,'99','MS-200','2'),(2847,'99','NH-613','8'),(2848,'99','PINNACLE','8'),(2849,'99','R-400','2'),(2850,'99','R-400','8'),(2851,'99','R-600','2'),(2852,'99','R-600','8'),(2853,'99','R-607RST','8'),(2854,'99','R-68','2'),(2855,'99','R-686','2'),(2856,'99','R-686','8'),(2857,'99','R-688','2'),(2858,'99','R-688','8'),(2859,'99','R-690','2'),(2860,'99','R-700','8'),(2861,'99','R-767','8'),(2862,'99','RB','2'),(2863,'99','RD-686SX','2'),(2864,'99','RD-688','2'),(2865,'99','RD-688','8'),(2866,'99','RG-800','2'),(2867,'99','RG-888','2'),(2868,'99','RW','8'),(2869,'99','SUPER LINER','2'),(2870,'99','SUPER LINER','8'),(2871,'99','TERRAPRO','2'),(2872,'99','TITAN','8'),(2873,'99','TRIDENT','8'),(2874,'99','U-685T','2'),(2875,'99','U-686ST','2'),(2876,'99','U-700','8'),(2877,'99','ULTRALINER','8'),(2878,'99','VISION','8'),(2879,'99','WS','8'),(2880,'100','BOLERO','3'),(2881,'100','BOLERO','6'),(2882,'100','CJ','3'),(2883,'100','CL','3'),(2884,'100','KOMODO','3'),(2885,'100','MM-540 DP','3'),(2886,'100','GENIO','6'),(2887,'100','PIK UP','6'),(2888,'100','SCORPIO','3'),(2889,'100','THAR','3'),(2890,'100','XUV 500','3'),(2891,'101','CLA','2'),(2892,'101','LION\'S CITY','4'),(2893,'101','LION\'S COACH','4'),(2894,'101','LION\'S REGIO','4'),(2895,'101','SL-200','4'),(2896,'101','SR-280','2'),(2897,'101','TGL','2'),(2898,'101','TGM','2'),(2899,'101','TGS','2'),(2900,'101','TGS','8'),(2901,'101','TGX','2'),(2902,'101','TGX','8'),(2903,'102','AUDACE','4'),(2904,'102','GRAN VIALE','4'),(2905,'102','IDEALE','4'),(2906,'102','MP 100','4'),(2907,'102','MP 115','4'),(2908,'102','MP 120','4'),(2909,'102','PARADISO','4'),(2910,'102','SENIOR INTERPROVINCIAL','5'),(2911,'102','SENIOR MIDI','4'),(2912,'102','SENIOR URBANO','5'),(2913,'102','TORINO','4'),(2914,'102','VIAGGIO','4'),(2915,'102','VIALE','4'),(2916,'102','VOLARE','5'),(2917,'102','VOLARE','4'),(2918,'103','887','1'),(2919,'103','2','1'),(2920,'103','232','1'),(2921,'103','3','1'),(2922,'103','323','1'),(2923,'103','323','17'),(2924,'103','5','10'),(2925,'103','6','1'),(2926,'103','6','17'),(2927,'103','626','1'),(2928,'103','626','17'),(2929,'103','929','1'),(2930,'103','929','17'),(2931,'103','A-6','1'),(2932,'103','ALLEGRO','1'),(2933,'103','ATENZA','1'),(2934,'103','ATENZA','17'),(2935,'103','AUTOZAM AZ3','1'),(2936,'103','AXELA','1'),(2937,'103','AZ WAGON','1'),(2938,'103','B-1600','6'),(2939,'103','B-1800','6'),(2940,'103','B-2000','6'),(2941,'103','B-2200','6'),(2942,'103','B-2500','6'),(2943,'103','B-2600','6'),(2944,'103','B-2900','6'),(2945,'103','BONGO','10'),(2946,'103','BONGO','7'),(2947,'103','BONGO','2'),(2948,'103','BRAVO','6'),(2949,'103','BT-50','6'),(2950,'103','CAPELLA','1'),(2951,'103','CAPELLA','17'),(2952,'103','COSMO','1'),(2953,'103','CRONOS','1'),(2954,'103','CX-5','3'),(2955,'103','CX-7','3'),(2956,'103','CX-9','3'),(2957,'103','DEMIO','1'),(2958,'103','E-1600','10'),(2959,'103','E-1600','7'),(2960,'103','E-1600','2'),(2961,'103','E-2000','10'),(2962,'103','E-2000','7'),(2963,'103','E-2000','2'),(2964,'103','E-2200','10'),(2965,'103','E-2200','7'),(2966,'103','E-2200','2'),(2967,'103','EFINI','1'),(2968,'103','EUNOS','1'),(2969,'103','FAMILIA','1'),(2970,'103','FAMILIA','17'),(2971,'103','FAMILIA','6'),(2972,'103','GLC','1'),(2973,'103','LANTIS','1'),(2974,'103','LEVANTE','3'),(2975,'103','LUCE','1'),(2976,'103','MIATA','1'),(2977,'103','MILLENIA','1'),(2978,'103','MPV','17'),(2979,'103','MPV','3'),(2980,'103','MX 3','1'),(2981,'103','MX 5','1'),(2982,'103','MX-6','1'),(2983,'103','NAVAJO','3'),(2984,'103','PARKWAY','5'),(2985,'103','PERSONA','1'),(2986,'103','PREMACY','3'),(2987,'103','PROCEED','3'),(2988,'103','PROCEED','6'),(2989,'103','PROTEGE','1'),(2990,'103','ROADSTER','1'),(2991,'103','RX7','1'),(2992,'103','RX8','1'),(2993,'103','T-3000','2'),(2994,'103','T-3500','5'),(2995,'103','T-3500','2'),(2996,'103','TITAN','2'),(2997,'103','TONKA B-10','6'),(2998,'103','TORNADO','6'),(2999,'103','TRIBUTE','3'),(3000,'103','VERISA','1'),(3001,'103','XEDOS','1'),(3002,'104','958','2'),(3003,'104','959','4'),(3004,'104','959','2'),(3005,'104','960','2'),(3006,'104','961','2'),(3007,'104','962','2'),(3008,'104','963','2'),(3009,'104','964','2'),(3010,'104','965','2'),(3011,'104','1318','2'),(3012,'104','967','2'),(3013,'104','968','4'),(3014,'104','969','2'),(3015,'104','970','2'),(3016,'104','971','2'),(3017,'104','972','2'),(3018,'104','973','8'),(3019,'104','974','2'),(3020,'104','975','2'),(3021,'104','975','8'),(3022,'104','977','2'),(3023,'104','978','2'),(3024,'104','1619','2'),(3025,'104','1620','2'),(3026,'104','1630','8'),(3027,'104','1718','2'),(3028,'104','1720','5'),(3029,'104','1720','4'),(3030,'104','1720','2'),(3031,'104','1721','4'),(3032,'104','1721','2'),(3033,'104','1722','2'),(3034,'104','1725','2'),(3035,'104','1728','2'),(3036,'104','180','1'),(3037,'104','1835','2'),(3038,'104','1835','8'),(3039,'104','1840','8'),(3040,'104','1844','2'),(3041,'104','190','1'),(3042,'104','1920','2'),(3043,'104','1938','8'),(3044,'104','200','1'),(3045,'104','200','17'),(3046,'104','207','7'),(3047,'104','220','1'),(3048,'104','2216','2'),(3049,'104','2219','2'),(3050,'104','2221','2'),(3051,'104','2235','2'),(3052,'104','230','1'),(3053,'104','230','17'),(3054,'104','2318','2'),(3055,'104','240','1'),(3056,'104','240','17'),(3057,'104','240','3'),(3058,'104','2423','2'),(3059,'104','2428','2'),(3060,'104','2435','2'),(3061,'104','250','1'),(3062,'104','250','17'),(3063,'104','2524','2'),(3064,'104','2535','8'),(3065,'104','2550','2'),(3066,'104','260','1'),(3067,'104','2626','8'),(3068,'104','2628','2'),(3069,'104','2635','2'),(3070,'104','2638','2'),(3071,'104','2726','2'),(3072,'104','280','1'),(3073,'104','280','17'),(3074,'104','300','1'),(3075,'104','300','17'),(3076,'104','307','7'),(3077,'104','310','7'),(3078,'104','320','1'),(3079,'104','3335','2'),(3080,'104','350','1'),(3081,'104','364','4'),(3082,'104','380','1'),(3083,'104','400','1'),(3084,'104','409','7'),(3085,'104','413','5'),(3086,'104','413','7'),(3087,'104','420','1'),(3088,'104','450','1'),(3089,'104','500','1'),(3090,'104','560','1'),(3091,'104','600','1'),(3092,'104','608','5'),(3093,'104','608','2'),(3094,'104','710','2'),(3095,'104','711','2'),(3096,'104','712','2'),(3097,'104','715','2'),(3098,'104','813','2'),(3099,'104','814','2'),(3100,'104','818 D','7'),(3101,'104','818 D','5'),(3102,'104','818 D','2'),(3103,'104','912','4'),(3104,'104','912','2'),(3105,'104','914','1'),(3106,'104','914','7'),(3107,'104','914','5'),(3108,'104','914','4'),(3109,'104','914','2'),(3110,'104','915','2'),(3111,'104','942','2'),(3112,'104','A 160','1'),(3113,'104','A 170','1'),(3114,'104','A 180','1'),(3115,'104','A 200','1'),(3116,'104','A 220','1'),(3117,'104','A 250','1'),(3118,'104','A 45 AMG','1'),(3119,'104','A-CLASS','1'),(3120,'104','ACTROS','2'),(3121,'104','ACTROS','8'),(3122,'104','ALFA','5'),(3123,'104','ALFA','4'),(3124,'104','AMG','1'),(3125,'104','AMG M-CLASS','3'),(3126,'104','ANDES AA-GL95','4'),(3127,'104','ATEGO','2'),(3128,'104','AXOR','2'),(3129,'104','AXOR','8'),(3130,'104','B DAIMLER 123','1'),(3131,'104','B 160','1'),(3132,'104','B 180','1'),(3133,'104','B 200','1'),(3134,'104','B 220','1'),(3135,'104','B 250','1'),(3136,'104','B-CLASS','1'),(3137,'104','B TOURER','1'),(3138,'104','BE 0302','4'),(3139,'104','BRUCE 2002','4'),(3140,'104','C 180','1'),(3141,'104','C 180','17'),(3142,'104','C 200','1'),(3143,'104','C 200','17'),(3144,'104','C 220','1'),(3145,'104','C 220','17'),(3146,'104','C 230','1'),(3147,'104','C 240','1'),(3148,'104','C 240','17'),(3149,'104','C 250','1'),(3150,'104','C 250','17'),(3151,'104','C 270','1'),(3152,'104','C 270','17'),(3153,'104','C 280','1'),(3154,'104','C 30','1'),(3155,'104','C 30','17'),(3156,'104','C 300','1'),(3157,'104','C 300','17'),(3158,'104','C 320','1'),(3159,'104','C 32K AMG','1'),(3160,'104','C 32K AMG','17'),(3161,'104','C 350','1'),(3162,'104','C 350','17'),(3163,'104','C 36 AMG','1'),(3164,'104','C 43 AMG','1'),(3165,'104','C 43 AMG','17'),(3166,'104','C 55 AMG','1'),(3167,'104','C 63 AMG','1'),(3168,'104','C 63 AMG','17'),(3169,'104','C-CLASS','1'),(3170,'104','C ESTATE','17'),(3171,'104','CIFERAL','4'),(3172,'104','CITAN','7'),(3173,'104','CITARO','4'),(3174,'104','CL 420','1'),(3175,'104','CL 500','1'),(3176,'104','CL 600','1'),(3177,'104','CL 63 AMG','1'),(3178,'104','CL 65 AMG','1'),(3179,'104','CL-CLASS','1'),(3180,'104','CLA 180','1'),(3181,'104','CLA 200','1'),(3182,'104','CLA 220','1'),(3183,'104','CLA 250','1'),(3184,'104','CLA 45 AMG','1'),(3185,'104','CLA-CLASS','1'),(3186,'104','CLC 180 KOMPRESSOR','1'),(3187,'104','CLC 200 SPORT COUPE','1'),(3188,'104','CLK 200','1'),(3189,'104','CLK 220','1'),(3190,'104','CLK 230','1'),(3191,'104','CLK 280','1'),(3192,'104','CLK 320','1'),(3193,'104','CLK 350','1'),(3194,'104','CLK 430','1'),(3195,'104','CLK 500','1'),(3196,'104','CLK 55','1'),(3197,'104','CLK 63','1'),(3198,'104','CLS 250','1'),(3199,'104','CLS 350','1'),(3200,'104','CLS 500','1'),(3201,'104','CLS 500','3'),(3202,'104','CLS 550','1'),(3203,'104','CLS 63','1'),(3204,'104','CLS 63 AMG','1'),(3205,'104','CLS 63 AMG','3'),(3206,'104','COMIL','4'),(3207,'104','D 190','1'),(3208,'104','E 200','1'),(3209,'104','E 200','17'),(3210,'104','E 220','1'),(3211,'104','E 220','17'),(3212,'104','E 230','1'),(3213,'104','E 240','1'),(3214,'104','E 250','1'),(3215,'104','E 250','17'),(3216,'104','E 260','1'),(3217,'104','E 280','1'),(3218,'104','E 280','17'),(3219,'104','E 290','1'),(3220,'104','E 290','17'),(3221,'104','E 300','1'),(3222,'104','E 300','17'),(3223,'104','E 320','1'),(3224,'104','E 320','17'),(3225,'104','E 350','1'),(3226,'104','E 350','17'),(3227,'104','E 400','1'),(3228,'104','E 400','17'),(3229,'104','E 420','1'),(3230,'104','E 430','1'),(3231,'104','E 500','1'),(3232,'104','E 500','17'),(3233,'104','E 550','1'),(3234,'104','E 55 AMG','1'),(3235,'104','E 63 AMG','1'),(3236,'104','E 63 AMG','17'),(3237,'104','E-CLASS','1'),(3238,'104','E-CLASS','17'),(3239,'104','EL BUSS 320','4'),(3240,'104','G 300','3'),(3241,'104','G 350','3'),(3242,'104','G 500','3'),(3243,'104','G 63 AMG','3'),(3244,'104','G 65 AMG','3'),(3245,'104','G-CLASS','3'),(3246,'104','GE 280','3'),(3247,'104','GL 350','3'),(3248,'104','GL 450','3'),(3249,'104','GL 500','3'),(3250,'104','GL 63 AMG','3'),(3251,'104','GL-CLASS','3'),(3252,'104','GLA 200','3'),(3253,'104','GLA 220','3'),(3254,'104','GLA 250','3'),(3255,'104','GLA 45 AMG','3'),(3256,'104','GLA-CLASS','3'),(3257,'104','GLK 200','3'),(3258,'104','GLK 220','3'),(3259,'104','GLK 250','3'),(3260,'104','GLK 350','3'),(3261,'104','GLK-CLASS','3'),(3262,'104','INTOURO','4'),(3263,'104','LO 608','5'),(3264,'104','LO 608','4'),(3265,'104','LO 708','4'),(3266,'104','LO 814','4'),(3267,'104','LO 914','5'),(3268,'104','LO 914','4'),(3269,'104','LO 914','2'),(3270,'104','LO 915','5'),(3271,'104','LO 915','4'),(3272,'104','M 250','3'),(3273,'104','M 350','3'),(3274,'104','M 500','3'),(3275,'104','M 63 AMG','3'),(3276,'104','M-CLASS','3'),(3277,'104','MB ','10'),(3278,'104','MB ','7'),(3279,'104','MB','4'),(3280,'104','MB','2'),(3281,'104','ML','3'),(3282,'104','ML 250','3'),(3283,'104','ML 350','3'),(3284,'104','ML 500','3'),(3285,'104','ML 55 AMG','3'),(3286,'104','ML 63 AMG','3'),(3287,'104','O 364','4'),(3288,'104','O 371','4'),(3289,'104','O 400','4'),(3290,'104','O 500','4'),(3291,'104','OC 1214','4'),(3292,'104','OC 1214','2'),(3293,'104','OF 1115','4'),(3294,'104','OF 1214','4'),(3295,'104','OF 1318','4'),(3296,'104','OF 1418','4'),(3297,'104','OF 1618','4'),(3298,'104','OF 1620','4'),(3299,'104','OF 1721','4'),(3300,'104','OF 1722','4'),(3301,'104','OF 1730','4'),(3302,'104','OH','4'),(3303,'104','OH 1318/51','4'),(3304,'104','OH 1420','4'),(3305,'104','OH 1621','4'),(3306,'104','OH 1622','4'),(3307,'104','OH 1628','4'),(3308,'104','OM','5'),(3309,'104','OM','4'),(3310,'104','OM','2'),(3311,'104','PH-50','4'),(3312,'104','PH-12-M/OF-1318','4'),(3313,'104','PREMIUM 360','4'),(3314,'104','R-CLASS','3'),(3315,'104','S 280','1'),(3316,'104','S 280','17'),(3317,'104','S 300','1'),(3318,'104','S 320','1'),(3319,'104','S 350','1'),(3320,'104','S 400 HYBRID','1'),(3321,'104','S 404','2'),(3322,'104','S 420','1'),(3323,'104','S 430','1'),(3324,'104','S 500','1'),(3325,'104','S 600','1'),(3326,'104','S 63 AMG','1'),(3327,'104','S 65 AMG','1'),(3328,'104','S-CLASS','1'),(3329,'104','SL 260','1'),(3330,'104','SL 300','1'),(3331,'104','SL 320','1'),(3332,'104','SL 350','1'),(3333,'104','SL 500','1'),(3334,'104','SL 600','1'),(3335,'104','SL 63 AMG','1'),(3336,'104','SL 65 AMG','1'),(3337,'104','SL 65 AMG CONVERTIBLE','1'),(3338,'104','SLC 280','1'),(3339,'104','SLC 500','1'),(3340,'104','SLK 200','1'),(3341,'104','SLK 230','1'),(3342,'104','SLK 250','1'),(3343,'104','SLK 280','1'),(3344,'104','SLK 320','1'),(3345,'104','SLK 350','1'),(3346,'104','SLK 55 AMG','1'),(3347,'104','SLK 55 AMG CONVERTIBLE','1'),(3348,'104','SLS AMG','1'),(3349,'104','SPRINTER','10'),(3350,'104','SPRINTER','7'),(3351,'104','SPRINTER','5'),(3352,'104','SPRINTER','2'),(3353,'104','TE 300','17'),(3354,'104','TORINO','4'),(3355,'104','TOURISMO','4'),(3356,'104','TRAVEGO','4'),(3357,'104','UNIMOG','4'),(3358,'104','UNIMOG','2'),(3359,'104','UR-416','2'),(3360,'104','V-180','10'),(3361,'104','V-200','10'),(3362,'104','V-220','10'),(3363,'104','V-230','10'),(3364,'104','V-230','7'),(3365,'104','V-CLASS','10'),(3366,'104','VANEO','10'),(3367,'104','VARIO','2'),(3368,'104','VEGUSTI','4'),(3369,'104','VIANO','10'),(3370,'104','VISION DIAMOND','10'),(3371,'104','VITO','7'),(3372,'104','VITO','10'),(3373,'104','W 114','1'),(3374,'104','W 115','1'),(3375,'104','W 123','1'),(3376,'104','W 123','17'),(3377,'104','ZETROS','2'),(3378,'105','CAPRI','1'),(3379,'105','COLONY PARK','17'),(3380,'105','COMET','1'),(3381,'105','COUGAR','1'),(3382,'105','GRAND MARQUIS','1'),(3383,'105','LYNX','1'),(3384,'105','LYNX','17'),(3385,'105','M-100','6'),(3386,'105','M-350','6'),(3387,'105','M-350','2'),(3388,'105','MARAUDER','1'),(3389,'105','MARINER','3'),(3390,'105','MILAN','1'),(3391,'105','MONARCH','1'),(3392,'105','MONTEREY','1'),(3393,'105','MONTEREY','10'),(3394,'105','MOUNTAINEER','3'),(3395,'105','MYSTIQUE','1'),(3396,'105','PARK LANE','1'),(3397,'105','SABLE','1'),(3398,'105','SABLE','17'),(3399,'105','TOPAZ','1'),(3400,'105','TRACER','1'),(3401,'105','TRACER','17'),(3402,'105','VILLAGER','10'),(3403,'105','VILLAGER','7'),(3404,'105','ZEPHYR','1'),(3405,'106','3','1'),(3406,'106','3 XROSS','1'),(3407,'106','350','1'),(3408,'106','5','1'),(3409,'106','550','1'),(3410,'106','6','1'),(3411,'106','750','1'),(3412,'107','CABRIO','1'),(3413,'107','CLUBMAN','1'),(3414,'107','COOPER','1'),(3415,'107','COOPER','17'),(3416,'107','COOPER','3'),(3417,'107','COOPER S','1'),(3418,'107','COUPE','1'),(3419,'107','COUNTRYMAN','1'),(3420,'107','JOHN COOPER WORKS','1'),(3421,'107','PACEMAN','1'),(3422,'107','ROADSTER','1'),(3423,'108','3000 GT','1'),(3424,'108','AIRTREK','17'),(3425,'108','AIRTREK (CETICO)','17'),(3426,'108','ALFA','4'),(3427,'108','ALL NEW LANCER','1'),(3428,'108','ALL NEW MONTERO LARGA','3'),(3429,'108','ALL NEW OUTLANDER','3'),(3430,'108','ASPIRE','1'),(3431,'108','ASX','3'),(3432,'108','CANTER','2'),(3433,'108','CANTER','8'),(3434,'108','CARISMA','1'),(3435,'108','CEDIA','1'),(3436,'108','CHALLENGER','3'),(3437,'108','CHARIOT','17'),(3438,'108','COLT','1'),(3439,'108','COLT','17'),(3440,'108','COLT','2'),(3441,'108','CORDIA','1'),(3442,'108','COUNTRY','2'),(3443,'108','COASTER','5'),(3444,'108','COUSTER','4'),(3445,'108','DAKAR L200','6'),(3446,'108','DELICA','3'),(3447,'108','DELICA','7'),(3448,'108','DIAMANTE','1'),(3449,'108','DIAMANTE','17'),(3450,'108','DINGO','1'),(3451,'108','DION','3'),(3452,'108','ECLIPSE','1'),(3453,'108','EK WAGON','10'),(3454,'108','ENDEAVOR','3'),(3455,'108','ETERNA','1'),(3456,'108','EXPO','1'),(3457,'108','EXPO','17'),(3458,'108','FE','5'),(3459,'108','FE','4'),(3460,'108','FE','2'),(3461,'108','FF','4'),(3462,'108','FF','2'),(3463,'108','FG','2'),(3464,'108','FH 215','2'),(3465,'108','FIGTHER','2'),(3466,'108','FK 615','2'),(3467,'108','FK 750','2'),(3468,'108','FM','4'),(3469,'108','FM','2'),(3470,'108','FTO','1'),(3471,'108','FUSO','5'),(3472,'108','FUSO','4'),(3473,'108','FUSO','2'),(3474,'108','FUSO','8'),(3475,'108','GALANT','1'),(3476,'108','GALANT','17'),(3477,'108','GALANT (CETICO)','1'),(3478,'108','GALAXI','4'),(3479,'108','GRANADA','3'),(3480,'108','GRANDIS','3'),(3481,'108','IO GRANADA','3'),(3482,'108','L 100','10'),(3483,'108','L 100','7'),(3484,'108','L 100','2'),(3485,'108','L 200','6'),(3486,'108','L 300','10'),(3487,'108','L 300','7'),(3488,'108','LANCER','1'),(3489,'108','LANCER','17'),(3490,'108','LANCER (CETICO)','1'),(3491,'108','LANCER EVOLUTION','1'),(3492,'108','LEGNUM','17'),(3493,'108','LIBERO','17'),(3494,'108','LIBERO','6'),(3495,'108','MF','1'),(3496,'108','MF 100','4'),(3497,'108','MIGHTY','6'),(3498,'108','MINICA','1'),(3499,'108','MINICAB','10'),(3500,'108','MINICAB','7'),(3501,'108','MIRAGE','1'),(3502,'108','MONTERO','3'),(3503,'108','MONTERO SPORT','3'),(3504,'108','MS','1'),(3505,'108','MX','1'),(3506,'108','NATIVA','3'),(3507,'108','NEW L200','6'),(3508,'108','NEW MIRAGE','1'),(3509,'108','OUTLANDER','17'),(3510,'108','OUTLANDER','3'),(3511,'108','PAJERO','3'),(3512,'108','PAJERO','6'),(3513,'108','PRECIS','1'),(3514,'108','RAIDER','6'),(3515,'108','ROSA','5'),(3516,'108','ROSA','4'),(3517,'108','RVR','3'),(3518,'108','SAPPORO','1'),(3519,'108','SIGMA','1'),(3520,'108','SPACE WAGON','17'),(3521,'108','SPACE WAGON','3'),(3522,'108','SPYDER','1'),(3523,'108','STARION','1'),(3524,'108','STRADA','6'),(3525,'108','TOPPO','1'),(3526,'108','TREDIA','1'),(3527,'108','TRITON (STRADA)','6'),(3528,'108','WRANGLER','3'),(3529,'108','ZX','1'),(3530,'109','REMOLQUE','8'),(3531,'109','SEMI-REMOLQUE','8'),(3532,'110','MD','6'),(3533,'110','MD','2'),(3534,'110','ZTP','6'),(3535,'110','ZTP','2'),(3536,'111','180 SX','1'),(3537,'111','200','1'),(3538,'111','240 SX','1'),(3539,'111','240 Z','1'),(3540,'111','2400','6'),(3541,'111','260 Z','1'),(3542,'111','280 Z','1'),(3543,'111','300 ZX','1'),(3544,'111','350 Z','1'),(3545,'111','370 Z','1'),(3546,'111','720','6'),(3547,'111','AD','17'),(3548,'111','ALMERA','1'),(3549,'111','ALMERA','17'),(3550,'111','ALTIMA','1'),(3551,'111','ARMADA','3'),(3552,'111','ATLAS','7'),(3553,'111','ATLAS','2'),(3554,'111','ATLEON','2'),(3555,'111','AUSTER','1'),(3556,'111','AVENIR','17'),(3557,'111','AXXESS','10'),(3558,'111','B11 (SUNNY)','1'),(3559,'111','B11 (SUNNY)','17'),(3560,'111','B12','1'),(3561,'111','B13','1'),(3562,'111','B14','1'),(3563,'111','B15','1'),(3564,'111','BASSARA','3'),(3565,'111','BGD21','6'),(3566,'111','BLUEBIRD','1'),(3567,'111','BLUEBIRD','17'),(3568,'111','BMD21','6'),(3569,'111','CABALL','2'),(3570,'111','CABSTAR','2'),(3571,'111','CALIFORNIA','1'),(3572,'111','CALIFORNIA','17'),(3573,'111','CAMINO','1'),(3574,'111','CARAVAN','10'),(3575,'111','CARAVAN','7'),(3576,'111','CD 21','6'),(3577,'111','CEDRIC','1'),(3578,'111','CEDRIC','17'),(3579,'111','CEFIRO','1'),(3580,'111','CIVILIAN','5'),(3581,'111','CIVILIAN','4'),(3582,'111','CK','2'),(3583,'111','CM','2'),(3584,'111','CONDOR','5'),(3585,'111','CONDOR','4'),(3586,'111','CONDOR','2'),(3587,'111','CONDOR','8'),(3588,'111','CUBE','1'),(3589,'111','CWB','2'),(3590,'111','D21','6'),(3591,'111','D21','2'),(3592,'111','D22','6'),(3593,'111','DUALIS','3'),(3594,'111','E-B11','1'),(3595,'111','EBRO','10'),(3596,'111','EBRO','7'),(3597,'111','EBRO','2'),(3598,'111','ECO','2'),(3599,'111','ELGRAND','10'),(3600,'111','EXPERT','17'),(3601,'111','FIERA','6'),(3602,'111','FRONTIER','6'),(3603,'111','GLORIA','1'),(3604,'111','GT-R','1'),(3605,'111','HARDBODY','6'),(3606,'111','HOMY','10'),(3607,'111','HOMY','7'),(3608,'111','JUKE','3'),(3609,'111','JUNIOR','6'),(3610,'111','JUNIOR','2'),(3611,'111','KC-BGD21','6'),(3612,'111','KIX','3'),(3613,'111','L80','2'),(3614,'111','LAFESTA','10'),(3615,'111','LANGLEY','1'),(3616,'111','LARGO','10'),(3617,'111','LARGO','7'),(3618,'111','LAUREL','1'),(3619,'111','LIBERTA','1'),(3620,'111','LIBERTY','17'),(3621,'111','LIBERTY','10'),(3622,'111','LUCINO','1'),(3623,'111','LUCINO','17'),(3624,'111','M 110-14','2'),(3625,'111','M 140','2'),(3626,'111','MARCH','1'),(3627,'111','MAXIMA','1'),(3628,'111','MAXIMA','17'),(3629,'111','MICRA','1'),(3630,'111','MISTRAL','3'),(3631,'111','MURANO','3'),(3632,'111','MW40','5'),(3633,'111','NAVARA','3'),(3634,'111','NAVARA','6'),(3635,'111','NOTE','1'),(3636,'111','NP 300','6'),(3637,'111','NSX','1'),(3638,'111','NV 200','7'),(3639,'111','NV 350 URVAN','10'),(3640,'111','NV 350 URVAN','7'),(3641,'111','NVU','6'),(3642,'111','NX','1'),(3643,'111','PATHFINDER','3'),(3644,'111','PATROL','3'),(3645,'111','PK 220','2'),(3646,'111','PKB 210','2'),(3647,'111','PLATINA','1'),(3648,'111','PRAIRIE','10'),(3649,'111','PRAIRIE','17'),(3650,'111','PRESAGE','10'),(3651,'111','PRESAGE','17'),(3652,'111','PRESEA','1'),(3653,'111','PRIMERA','1'),(3654,'111','PRIMERA','17'),(3655,'111','PULSAR','1'),(3656,'111','PULSAR','17'),(3657,'111','QASHQAI','3'),(3658,'111','QUEST','10'),(3659,'111','RANGER','6'),(3660,'111','REGULUS','3'),(3661,'111','ROGUE','3'),(3662,'111','SAFARI','3'),(3663,'111','SENTRA','1'),(3664,'111','SENTRA','17'),(3665,'111','SERENA','10'),(3666,'111','SILVIA','1'),(3667,'111','SKYLINE','1'),(3668,'111','SRV','17'),(3669,'111','STAGEA','17'),(3670,'111','STANZA','1'),(3671,'111','STANZA','17'),(3672,'111','STANZA','10'),(3673,'111','SUNNY','1'),(3674,'111','SUNNY','17'),(3675,'111','SUNNY (CETICO)','1'),(3676,'111','SUNNY (CETICO)','17'),(3677,'111','TEANA','1'),(3678,'111','TERRANO','3'),(3679,'111','TERRANO','6'),(3680,'111','TIIDA','1'),(3681,'111','TINO','1'),(3682,'111','TITAN','6'),(3683,'111','TLG-720','6'),(3684,'111','TRADE','10'),(3685,'111','TRADE','7'),(3686,'111','TRADE','2'),(3687,'111','U-41','5'),(3688,'111','U-41','2'),(3689,'111','UD','2'),(3690,'111','UD','4'),(3691,'111','URVAN','10'),(3692,'111','URVAN','7'),(3693,'111','V-16','1'),(3694,'111','VANETTE','10'),(3695,'111','VANETTE','7'),(3696,'111','VANETTE','2'),(3697,'111','VERSA','1'),(3698,'111','WINGROAD','17'),(3699,'111','X TERRA','3'),(3700,'111','X-TRAIL','3'),(3701,'111','Z-24','6'),(3702,'112','88 DINAMIC','1'),(3703,'112','98','1'),(3704,'112','ACHIEVA','1'),(3705,'112','BROUGHAN','1'),(3706,'112','CALAIS','1'),(3707,'112','CIERA','1'),(3708,'112','CUSTOM CRUISER','17'),(3709,'112','CUTLASS','1'),(3710,'112','CUTLASS','17'),(3711,'112','DELTA','1'),(3712,'112','EIGHTY-EIGHT','1'),(3713,'112','F-85','1'),(3714,'112','FIRENZA','1'),(3715,'112','NINETY EIGHT REGENCY','1'),(3716,'112','OMEGA','1'),(3717,'112','REGENCY','1'),(3718,'112','SILHOUETTE','1'),(3719,'112','SILHOUETTE','10'),(3720,'112','TORONADO','1'),(3721,'113','ANTARA','3'),(3722,'113','ASCONA','1'),(3723,'113','ASTRA','1'),(3724,'113','ASTRA','17'),(3725,'113','CARAVAN','17'),(3726,'113','COMMODORE','1'),(3727,'113','CORSA','1'),(3728,'113','FRONTERA','3'),(3729,'113','KADETT','1'),(3730,'113','KADETT','17'),(3731,'113','KAPITAN','1'),(3732,'113','MANTA','1'),(3733,'113','MERIVA','1'),(3734,'113','OMEGA','1'),(3735,'113','REKORD','1'),(3736,'113','REKORD','17'),(3737,'113','VECTRA','1'),(3738,'113','VITA SPORT','1'),(3739,'114','1677','1'),(3740,'114','2008','3'),(3741,'114','201','1'),(3742,'114','205','1'),(3743,'114','206','1'),(3744,'114','206','17'),(3745,'114','207','1'),(3746,'114','208','1'),(3747,'114','3008','3'),(3748,'114','301','1'),(3749,'114','304','1'),(3750,'114','305','1'),(3751,'114','305','17'),(3752,'114','306','1'),(3753,'114','306','17'),(3754,'114','307','1'),(3755,'114','307','17'),(3756,'114','308','1'),(3757,'114','308','17'),(3758,'114','309','1'),(3759,'114','403','1'),(3760,'114','403','17'),(3761,'114','404','1'),(3762,'114','404','17'),(3763,'114','404','6'),(3764,'114','405','1'),(3765,'114','405','17'),(3766,'114','406','1'),(3767,'114','406','17'),(3768,'114','407','1'),(3769,'114','407','17'),(3770,'114','408','1'),(3771,'114','5008','3'),(3772,'114','504','1'),(3773,'114','504','17'),(3774,'114','504','7'),(3775,'114','504','6'),(3776,'114','505','1'),(3777,'114','505','17'),(3778,'114','508','1'),(3779,'114','508','17'),(3780,'114','604','1'),(3781,'114','605','1'),(3782,'114','607','1'),(3783,'114','608','1'),(3784,'114','806','10'),(3785,'114','806','7'),(3786,'114','807','10'),(3787,'114','908','1'),(3788,'114','911','1'),(3789,'114','BIPPER','7'),(3790,'114','BOXER','10'),(3791,'114','BOXER','7'),(3792,'114','BOXER','5'),(3793,'114','BOXER','2'),(3794,'114','EXPERT','10'),(3795,'114','EXPERT','7'),(3796,'114','HOGGAR','6'),(3797,'114','PARTNER','10'),(3798,'114','PARTNER','7'),(3799,'114','RCZ','1'),(3800,'114','TEPEE','10'),(3801,'114','TEPEE','7'),(3802,'115','ACCLAIM','1'),(3803,'115','BARRACUDA','1'),(3804,'115','BELVEDERE','1'),(3805,'115','BELVEDERE','17'),(3806,'115','CARAVELLE','1'),(3807,'115','COLT','1'),(3808,'115','DUSTER','1'),(3809,'115','FURY','1'),(3810,'115','GRAND VOYAGER','10'),(3811,'115','HORIZON','1'),(3812,'115','LASER','1'),(3813,'115','NEON','1'),(3814,'115','RELIANT','1'),(3815,'115','RELIANT','17'),(3816,'115','SAPPORO','1'),(3817,'115','SATELLITE','1'),(3818,'115','SPORT FURY','1'),(3819,'115','SUNDANCE','1'),(3820,'115','TURISMO','1'),(3821,'115','VALIANT','1'),(3822,'115','VOYAGER','10'),(3823,'116','ACADIAN','1'),(3824,'116','ASTRE','1'),(3825,'116','AZTEK','3'),(3826,'116','BONNEVILLE','1'),(3827,'116','FIERO','1'),(3828,'116','FIREBIRD','1'),(3829,'116','GRAND AM','1'),(3830,'116','GRAND LEMANS','1'),(3831,'116','GRAND PRIX','1'),(3832,'116','GRAND TORINO','1'),(3833,'116','J2000','1'),(3834,'116','LEMANS','1'),(3835,'116','MONTANA','10'),(3836,'116','PARISIENNE','1'),(3837,'116','SAFARI','17'),(3838,'116','SOLSTICE','1'),(3839,'116','SUNBIRD','1'),(3840,'116','SUNBIRD','17'),(3841,'116','TEMPEST','1'),(3842,'116','TORRENT','3'),(3843,'116','TRANS SPORT','10'),(3844,'116','TRANS AM','1'),(3845,'116','VIBE','3'),(3846,'117','911','1'),(3847,'117','918 SPYDER','1'),(3848,'117','924','1'),(3849,'117','928','1'),(3850,'117','930','1'),(3851,'117','944','1'),(3852,'117','968','1'),(3853,'117','986','1'),(3854,'117','987','1'),(3855,'117','989','1'),(3856,'117','993','1'),(3857,'117','996','1'),(3858,'117','997','1'),(3859,'117','BOXSTER','1'),(3860,'117','CAYENNE','3'),(3861,'117','CAYMAN','1'),(3862,'117','GT3','1'),(3863,'117','MACAN','3'),(3864,'117','PANAMERA','1'),(3865,'117','TARGA','1'),(3866,'118','1794','1'),(3867,'118','1795','1'),(3868,'118','16','1'),(3869,'118','18','1'),(3870,'118','19','1'),(3871,'118','20','1'),(3872,'118','21','1'),(3873,'118','25','1'),(3874,'118','30','1'),(3875,'118','4','1'),(3876,'118','5','1'),(3877,'118','9','1'),(3878,'118','ALLIANCE','1'),(3879,'118','BERLIET','8'),(3880,'118','CARAVELLE','1'),(3881,'118','CLIO','1'),(3882,'118','CLIO II','1'),(3883,'118','DUSTER','3'),(3884,'118','DUSTER','6'),(3885,'118','ENCORE','1'),(3886,'118','ESCAPE','3'),(3887,'118','EXPRESS','7'),(3888,'118','FLORIDE','1'),(3889,'118','FLUENCE','1'),(3890,'118','FUEGO','1'),(3891,'118','GALA','1'),(3892,'118','GBH-280','2'),(3893,'118','GBH-280','8'),(3894,'118','GRAND SCENIC','3'),(3895,'118','KANGOO','10'),(3896,'118','KANGOO','7'),(3897,'118','KERAX','2'),(3898,'118','KERAX','8'),(3899,'118','KOLEOS','3'),(3900,'118','LAGUNA','1'),(3901,'118','LAGUNA','17'),(3902,'118','LOGAN','1'),(3903,'118','MASTER','10'),(3904,'118','MASTER','7'),(3905,'118','MASTER','5'),(3906,'118','MASTER','2'),(3907,'118','MEDALLION','1'),(3908,'118','MEGANE','1'),(3909,'118','MEGANE','3'),(3910,'118','MEGANE II','1'),(3911,'118','MIDLUM','2'),(3912,'118','NEVADA','17'),(3913,'118','NUEVO CLIO','1'),(3914,'118','PREMIUM','2'),(3915,'118','PREMIUM','8'),(3916,'118','R10','1'),(3917,'118','R11','1'),(3918,'118','R12','1'),(3919,'118','R18','1'),(3920,'118','R18','17'),(3921,'118','R19','1'),(3922,'118','R-310','2'),(3923,'118','R-310','8'),(3924,'118','R5','1'),(3925,'118','R9','1'),(3926,'118','SANDERO','1'),(3927,'118','SANDERO','6'),(3928,'118','SCENIC','1'),(3929,'118','SCENIC','3'),(3930,'118','STEPWAY','3'),(3931,'118','STEPWAY','6'),(3932,'118','SYMBOL','1'),(3933,'118','TLM 280','8'),(3934,'118','TRAFIC','10'),(3935,'118','TRAFIC','7'),(3936,'119','25','1'),(3937,'119','45','1'),(3938,'119','75','1'),(3939,'119','200','1'),(3940,'119','213','1'),(3941,'119','214','1'),(3942,'119','216','1'),(3943,'119','400','1'),(3944,'119','416','1'),(3945,'119','420','1'),(3946,'119','600','1'),(3947,'119','620','1'),(3948,'119','623','1'),(3949,'120','673','2'),(3950,'120','673','8'),(3951,'120','674','8'),(3952,'120','1862','2'),(3953,'120','1862','8'),(3954,'120','1863','2'),(3955,'120','1863','8'),(3956,'120','1864','2'),(3957,'120','1864','8'),(3958,'120','1866','2'),(3959,'120','1866','4'),(3960,'120','1867','2'),(3961,'120','1868','2'),(3962,'120','1869','2'),(3963,'120','1870','2'),(3964,'120','360','2'),(3965,'120','7112H','2'),(3966,'120','7550','8'),(3967,'120','9124 BC','2'),(3968,'120','92 M','2'),(3969,'120','ASIA','2'),(3970,'120','B111','2'),(3971,'120','B111','4'),(3972,'120','B7S 4X2','4'),(3973,'120','BIAGGIO 1100','4'),(3974,'120','BR','4'),(3975,'120','C-110','2'),(3976,'120','C-110','8'),(3977,'120','CB','2'),(3978,'120','CB6X4','8'),(3979,'120','CB8X4','2'),(3980,'120','DB 6X2','2'),(3981,'120','DC9 21 310','4'),(3982,'120','DR116','2'),(3983,'120','DS11','2'),(3984,'120','DS-14LB01','8'),(3985,'120','F112','2'),(3986,'120','F113','2'),(3987,'120','F113','4'),(3988,'120','F114','4'),(3989,'120','F310','4'),(3990,'120','F94','4'),(3991,'120','F94HB4X2NZ','4'),(3992,'120','G380','2'),(3993,'120','G380','8'),(3994,'120','G410','8'),(3995,'120','G420','2'),(3996,'120','G420','8'),(3997,'120','G460','2'),(3998,'120','G460','8'),(3999,'120','GABRIELA','4'),(4000,'120','JUM BUSS','4'),(4001,'120','K','4'),(4002,'120','K124','4'),(4003,'120','K380','4'),(4004,'120','L','4'),(4005,'120','L','2'),(4006,'120','L','8'),(4007,'120','LA','2'),(4008,'120','LA','8'),(4009,'120','LB','2'),(4010,'120','LC','2'),(4011,'120','LK','2'),(4012,'120','LK','8'),(4013,'120','LKT','2'),(4014,'120','LS','2'),(4015,'120','LS','8'),(4016,'120','LST','2'),(4017,'120','LT','2'),(4018,'120','LT','8'),(4019,'120','MARCOPOLO','2'),(4020,'120','MARCOPOLO','4'),(4021,'120','N','2'),(4022,'120','N','8'),(4023,'120','NT-110','8'),(4024,'120','P','2'),(4025,'120','P','8'),(4026,'120','P1138X4','2'),(4027,'120','P310','2'),(4028,'120','P360','4'),(4029,'120','P360','2'),(4030,'120','P360','8'),(4031,'120','P380','2'),(4032,'120','P420','2'),(4033,'120','P460','2'),(4034,'120','PARADISO','4'),(4035,'120','R','2'),(4036,'120','R','8'),(4037,'120','S','2'),(4038,'120','SN20.ST','2'),(4039,'120','T','2'),(4040,'120','T','8'),(4041,'120','VABIS','2'),(4042,'120','VABIS','8'),(4043,'120','X112','4'),(4044,'120','ZEUS','4'),(4045,'121','FR-S','1'),(4046,'121','IQ','1'),(4047,'121','TC','1'),(4048,'121','XB','3'),(4049,'121','XD','1'),(4050,'SEAT','ALHAMBRA','10'),(4051,'SEAT','ALTEA','1'),(4052,'SEAT','ALTEA','17'),(4053,'SEAT','ALTEA','7'),(4054,'SEAT','CORDOBA','1'),(4055,'SEAT','EXEO','1'),(4056,'SEAT','IBIZA','1'),(4057,'SEAT','IBIZA CUPRA','1'),(4058,'SEAT','IBIZA FR','1'),(4059,'SEAT','LEON','1'),(4060,'SEAT','LEON CUPRA','1'),(4061,'SEAT','LEON FR','1'),(4062,'SEAT','NEW IBIZA','1'),(4063,'SEAT','TOLEDO','1'),(4064,'123','D-LONG 6X4 TRACTOR','2'),(4065,'123','D-LONG 6X4 TRACTOR','8'),(4066,'123','F2000','2'),(4067,'123','SX','2'),(4068,'123','SX','8'),(4069,'124','SY1020','2'),(4070,'124','SY6370','10'),(4071,'124','SY6390','10'),(4072,'124','SY6390','7'),(4073,'125','A7','2'),(4074,'125','A7','8'),(4075,'125','A7 380','2'),(4076,'125','A7 380','8'),(4077,'125','A7 420','2'),(4078,'125','A7 420','8'),(4079,'125','HOKA','2'),(4080,'125','HOWO','2'),(4081,'125','HOWO','8'),(4082,'125','ZZ','2'),(4083,'125','ZZ','8'),(4084,'126','CITIGO','1'),(4085,'126','FABIA','1'),(4086,'126','FABIA','17'),(4087,'126','FELICIA','1'),(4088,'126','OCTAVIA','1'),(4089,'126','OCTAVIA','17'),(4090,'126','PRAKTIK','7'),(4091,'126','RAPID','1'),(4092,'126','ROOMSTER','1'),(4093,'126','SUPERB','1'),(4094,'126','YETI','3'),(4095,'127','C32','1'),(4096,'127','C52','1'),(4097,'127','C61','1'),(4098,'127','C81','1'),(4099,'127','F50','1'),(4100,'127','R51','1'),(4101,'127','R80','1'),(4102,'128','ACTYON','3'),(4103,'128','ACTYON SPORTS','6'),(4104,'128','CHAIRMAN','1'),(4105,'128','ISTANA','10'),(4106,'128','ISTANA','7'),(4107,'128','KORANDO','3'),(4108,'128','KORANDO SPORTS','6'),(4109,'128','KYRON','3'),(4110,'128','KYRON','7'),(4111,'128','MUSSO','3'),(4112,'128','MUSSO','6'),(4113,'128','NEW KYRON','3'),(4114,'128','REXTON','3'),(4115,'128','RODIUS','3'),(4116,'128','STAVIC','10'),(4117,'129','LT-501','2'),(4118,'129','LT-9500','8'),(4119,'129','LT-9511','2'),(4120,'130','ALL NEW FORESTER','3'),(4121,'130','ALL NEW LEGACY','1'),(4122,'130','ALL NEW OUTBACK','3'),(4123,'130','BRZ','1'),(4124,'130','DL','1'),(4125,'130','DL','17'),(4126,'130','DOMINGO','10'),(4127,'130','FORESTER','17'),(4128,'130','FORESTER','3'),(4129,'130','GL','1'),(4130,'130','GL','17'),(4131,'130','IMPREZA','1'),(4132,'130','IMPREZA','17'),(4133,'130','IMPREZA 2.0I-S CVT LIMITED','1'),(4134,'130','IMPREZA 2.0L 4D GL AT','1'),(4135,'130','IMPREZA CS EXTRA','1'),(4136,'130','IMPREZA GT','1'),(4137,'130','IMPREZA STI','1'),(4138,'130','IMPREZA TURBO','1'),(4139,'130','IMPREZA WRX','1'),(4140,'130','IMPREZA WRX STI','1'),(4141,'130','IMPREZA WRX TURBO','1'),(4142,'130','JUSTY','1'),(4143,'130','LEGACY','1'),(4144,'130','LEGACY','17'),(4145,'130','LEONE','1'),(4146,'130','LEONE','17'),(4147,'130','LOYALE','1'),(4148,'130','LOYALE','17'),(4149,'130','NEW WRX','1'),(4150,'130','NEW XV','3'),(4151,'130','OUTBACK','1'),(4152,'130','OUTBACK','17'),(4153,'130','OUTBACK','3'),(4154,'130','PLEO','1'),(4155,'130','SAMBAR','10'),(4156,'130','SAMBAR','7'),(4157,'130','SVX','1'),(4158,'130','TRAVIQ','3'),(4159,'130','TRIBECA','3'),(4160,'130','XT','1'),(4161,'130','XV','3'),(4162,'131','2','1'),(4163,'131','AERIO','1'),(4164,'131','AERIO','17'),(4165,'131','ALTO','1'),(4166,'131','APV','10'),(4167,'131','APV','7'),(4168,'131','APV','2'),(4169,'131','AUDAZ','3'),(4170,'131','BALENO','1'),(4171,'131','BALENO','17'),(4172,'131','CARRY','10'),(4173,'131','CARRY','7'),(4174,'131','CARRY','2'),(4175,'131','CELERIO','1'),(4176,'131','CERVO','1'),(4177,'131','CULTUS','1'),(4178,'131','CULTUS','17'),(4179,'131','EQUATOR','6'),(4180,'131','ERTIGA','3'),(4181,'131','ESCUDO','3'),(4182,'131','ESTEEM','1'),(4183,'131','ESTEEM','17'),(4184,'131','EVERY','10'),(4185,'131','EVERY','7'),(4186,'131','FORENZA','1'),(4187,'131','FORENZA','17'),(4188,'131','FORSA','1'),(4189,'131','FRONTE','1'),(4190,'131','GRAND NOMADE','3'),(4191,'131','GRAND VITARA','3'),(4192,'131','IGNIS','1'),(4193,'131','IGNIS','3'),(4194,'131','JIMNY','3'),(4195,'131','KEI','1'),(4196,'131','KIZASHI','1'),(4197,'131','LANDY','10'),(4198,'131','LIANA','1'),(4199,'131','MARUTI','1'),(4200,'131','MARUTI','3'),(4201,'131','MASTERVAN','10'),(4202,'131','MR WAGON','1'),(4203,'131','NOMADE','3'),(4204,'131','RENO','1'),(4205,'131','S-CROSS','3'),(4206,'131','SAMURAI','3'),(4207,'131','SAMURAI','6'),(4208,'131','SIDEKICK','3'),(4209,'131','SOLIO','1'),(4210,'131','SPLASH','1'),(4211,'131','SUPER CARRY','10'),(4212,'131','SUPER CARRY','7'),(4213,'131','SWIFT','1'),(4214,'131','SX','1'),(4215,'131','SX4','1'),(4216,'131','VITARA','3'),(4217,'131','WAGON R','10'),(4218,'131','XL-7','3'),(4219,'132','ZB1022BDB (2 T)','2'),(4220,'132','ZB1040LDDS (4.5 T)','2'),(4221,'132','ZB1041LDC5S (2.5 T)','2'),(4222,'132','ZB1041LSC 5S','2'),(4223,'132','ZB1050TPIS (6 T)','2'),(4224,'132','ZB1120TPF5S (7.5 T)','2'),(4225,'132','ZB3047JDD (VOLQ. 6 T)','2'),(4226,'132','ZB3072TPJ (VOLQ. 9 T)','2'),(4227,'132','ZB3092MPI (12.5 T)','2'),(4228,'133','4RUNNER','3'),(4229,'133','4RUNNER','6'),(4230,'133','86 GT','1'),(4231,'133','ACE','2'),(4232,'133','AE 86','1'),(4233,'133','ALLION','1'),(4234,'133','ALTEZZA','1'),(4235,'133','ARISTO','1'),(4236,'133','AURIS','1'),(4237,'133','AVALON','1'),(4238,'133','AVANZA','1'),(4239,'133','AVANZA','3'),(4240,'133','AVENSIS','1'),(4241,'133','BANDEIRANTE','3'),(4242,'133','BANDEIRANTE','6'),(4243,'133','BELTA','1'),(4244,'133','BLIZZARD','3'),(4245,'133','CALDINA','1'),(4246,'133','CALDINA','17'),(4247,'133','CAMI','3'),(4248,'133','CAMRY','1'),(4249,'133','CAMRY','17'),(4250,'133','CARIB','1'),(4251,'133','CARIB','17'),(4252,'133','CARINA','1'),(4253,'133','CARINA','17'),(4254,'133','CAVALIER','1'),(4255,'133','CELICA','1'),(4256,'133','CELICA ST','1'),(4257,'133','CELICA STX','1'),(4258,'133','CERES','1'),(4259,'133','CHASER','1'),(4260,'133','COASTER','5'),(4261,'133','COMFORT','1'),(4262,'133','COROLLA','1'),(4263,'133','COROLLA','17'),(4264,'133','CORONA','1'),(4265,'133','CORONA','17'),(4266,'133','CORONA EXIV','1'),(4267,'133','CORSA','1'),(4268,'133','CRESSIDA','1'),(4269,'133','CRESSIDA','17'),(4270,'133','CRESTA','1'),(4271,'133','CROWN','1'),(4272,'133','CROWN','17'),(4273,'133','CYNOS','1'),(4274,'133','DUET','1'),(4275,'133','DYNA','7'),(4276,'133','DYNA','5'),(4277,'133','DYNA','2'),(4278,'133','ECHO','1'),(4279,'133','EFI','10'),(4280,'133','EFI','6'),(4281,'133','ESTIMA','10'),(4282,'133','FIELDER','17'),(4283,'133','FJ CRUISER','3'),(4284,'133','FORTUNER','3'),(4285,'133','FUNCARGO','3'),(4286,'133','GAIA','17'),(4287,'133','GAIA','3'),(4288,'133','GRAND HIACE','10'),(4289,'133','GT 86','1'),(4290,'133','HARRIER G','3'),(4291,'133','HI ACE','10'),(4292,'133','HI ACE','7'),(4293,'133','HI ACE','5'),(4294,'133','HI ACE','2'),(4295,'133','HIGHLANDER','3'),(4296,'133','HIGHLANDER HYBRID','3'),(4297,'133','HILUX','6'),(4298,'133','IPSUM','3'),(4299,'133','ISIS','10'),(4300,'133','IST','1'),(4301,'133','LAND CRUISER','3'),(4302,'133','LAND CRUISER PRADO','3'),(4303,'133','LAND CRUISER 200','3'),(4304,'133','LAND ROVER','3'),(4305,'133','LEVIN','1'),(4306,'133','LEXUS','1'),(4307,'133','LEXUS','3'),(4308,'133','LITE ACE','10'),(4309,'133','LITE ACE','7'),(4310,'133','LITE ACE','2'),(4311,'133','LUCIDA','10'),(4312,'133','MARINO','1'),(4313,'133','MARK II','1'),(4314,'133','MARK II','17'),(4315,'133','MARK X','1'),(4316,'133','MATRIX','1'),(4317,'133','MR2','1'),(4318,'133','NADIA','3'),(4319,'133','NOAH','10'),(4320,'133','PASEO','1'),(4321,'133','PASSO','1'),(4322,'133','PLATZ','1'),(4323,'133','PORTE','1'),(4324,'133','PRADO','3'),(4325,'133','PREMIO','1'),(4326,'133','PREVIA','10'),(4327,'133','PRIUS','1'),(4328,'133','PROBOX','17'),(4329,'133','RACTIS X','1'),(4330,'133','RAUM','10'),(4331,'133','RAV-4','3'),(4332,'133','RUNNER','3'),(4333,'133','SAFRANE','1'),(4334,'133','SAMURAI','3'),(4335,'133','SEQUOIA','3'),(4336,'133','SERA','1'),(4337,'133','SIENNA','10'),(4338,'133','SOARER','1'),(4339,'133','SOLUNA','1'),(4340,'133','SPACIO','3'),(4341,'133','SPARKY','10'),(4342,'133','SPRINTER','1'),(4343,'133','SPRINTER','17'),(4344,'133','SR5','6'),(4345,'133','STARLET','1'),(4346,'133','STARLET','17'),(4347,'133','STOUT','6'),(4348,'133','SUCCEED','17'),(4349,'133','SUPRA','1'),(4350,'133','TACOMA','6'),(4351,'133','TERCEL','1'),(4352,'133','TERCEL','17'),(4353,'133','TOURING HIACE','10'),(4354,'133','TOWN ACE','10'),(4355,'133','TOWN ACE','7'),(4356,'133','TOYOACE','2'),(4357,'133','TRUENO','1'),(4358,'133','TUNDRA','6'),(4359,'133','URBAN CRUISER','1'),(4360,'133','URBAN CRUISER','3'),(4361,'133','VANGUARD','3'),(4362,'133','VENZA','3'),(4363,'133','VIOS','1'),(4364,'133','VISTA','1'),(4365,'133','VITZ','1'),(4366,'133','VOXY','10'),(4367,'133','WILL','1'),(4368,'133','WISH','3'),(4369,'133','YARIS','1'),(4370,'133','ZELAS','1'),(4371,'134','2191','2'),(4372,'134','2192','1'),(4373,'134','2193','1'),(4374,'134','2194','1'),(4375,'134','2195','2'),(4376,'134','2196','1'),(4377,'134','2197','2'),(4378,'134','2198','2'),(4379,'134','14.150','2'),(4380,'134','677','1'),(4381,'134','2201','4'),(4382,'134','2201','2'),(4383,'134','2202','2'),(4384,'134','678','1'),(4385,'134','16.210','2'),(4386,'134','16.210','4'),(4387,'134','17.210','4'),(4388,'134','17.210','2'),(4389,'134','17.220','2'),(4390,'134','17.220','8'),(4391,'134','17.230','4'),(4392,'134','17.240','4'),(4393,'134','17.250E','2'),(4394,'134','17.260','4'),(4395,'134','18.310','2'),(4396,'134','18.310','8'),(4397,'134','19.320','8'),(4398,'134','211 (COMBI)','3'),(4399,'134','211 (COMBI)','7'),(4400,'134','24.220','2'),(4401,'134','24.250','2'),(4402,'134','24.250','8'),(4403,'134','25.370','8'),(4404,'134','26.220','2'),(4405,'134','26.260','2'),(4406,'134','26.310','2'),(4407,'134','26.310','8'),(4408,'134','31.260 E','2'),(4409,'134','31.310','2'),(4410,'134','31.320','2'),(4411,'134','31.370','2'),(4412,'134','6.80','2'),(4413,'134','6.90','2'),(4414,'134','8.120','2'),(4415,'134','8.140','2'),(4416,'134','8.150','2'),(4417,'134','9.150','5'),(4418,'134','9.150','4'),(4419,'134','9.150','2'),(4420,'134','AMAROK','6'),(4421,'134','AMAZON','1'),(4422,'134','BEETLE','1'),(4423,'134','BORA','1'),(4424,'134','BRASILIA','1'),(4425,'134','CADDY','10'),(4426,'134','CADDY','7'),(4427,'134','CADDY','6'),(4428,'134','CALIFORNIA','10'),(4429,'134','CARAT','1'),(4430,'134','CARAVELLE','10'),(4431,'134','CARAVELLE','7'),(4432,'134','CC','1'),(4433,'134','COMBI','10'),(4434,'134','CORRADO','1'),(4435,'134','CRAFTER','10'),(4436,'134','CRAFTER','7'),(4437,'134','CRAFTER','5'),(4438,'134','CRAFTER','2'),(4439,'134','CROSS FOX','1'),(4440,'134','CROSSOVER','17'),(4441,'134','DERBY','1'),(4442,'134','ESCARABAJO','1'),(4443,'134','FOX','1'),(4444,'134','FOX','17'),(4445,'134','GOL','1'),(4446,'134','GOL','17'),(4447,'134','GOL','6'),(4448,'134','GOLF','1'),(4449,'134','GOLF','17'),(4450,'134','GOLF GTI TURBO','1'),(4451,'134','JETTA','1'),(4452,'134','JETTA','17'),(4453,'134','K-70','1'),(4454,'134','KÄFER (ESCARABAJO)','1'),(4455,'134','KARMANN GHIA','1'),(4456,'134','KOMBI','10'),(4457,'134','KOMBI','7'),(4458,'134','KOMBI','6'),(4459,'134','LUPO','1'),(4460,'134','MULTIVAN','10'),(4461,'134','MULTIVAN','7'),(4462,'134','NEW BEETLE','1'),(4463,'134','PARATI','1'),(4464,'134','PARATI','17'),(4465,'134','PASSAT','1'),(4466,'134','PASSAT','17'),(4467,'134','PHAETON','1'),(4468,'134','POINTER','1'),(4469,'134','POLO','1'),(4470,'134','POLO','17'),(4471,'134','PUMA','1'),(4472,'134','QUANTUM','1'),(4473,'134','QUANTUM','17'),(4474,'134','RABBIT','1'),(4475,'134','RABBIT','6'),(4476,'134','ROUTAN','10'),(4477,'134','SANTANA','1'),(4478,'134','SANTANA','17'),(4479,'134','SAVEIRO','6'),(4480,'134','SCIROCCO','1'),(4481,'134','SHARAN 1.9 TD1','3'),(4482,'134','SKODA','1'),(4483,'134','SPACEFOX','1'),(4484,'134','SPACEFOX','17'),(4485,'134','SURAN','1'),(4486,'134','T5','10'),(4487,'134','T5','7'),(4488,'134','TAIGUN','3'),(4489,'134','TARO','6'),(4490,'134','TIGUAN','3'),(4491,'134','TOUAREG','3'),(4492,'134','TRANSPORTER','10'),(4493,'134','TRANSPORTER','7'),(4494,'134','TRANSPORTER','2'),(4495,'134','VANAGON','10'),(4496,'134','VANAGON','7'),(4497,'134','VARIANT','1'),(4498,'134','VARIANT','17'),(4499,'134','VENTO','1'),(4500,'134','VOLKSBUS','4'),(4501,'134','VOYAGE','1'),(4502,'134','WESTFALIA (KOMBI)','10'),(4503,'134','WORKER','2'),(4504,'134','ZEUS','4'),(4505,'55','887','1'),(4506,'55','1800','1'),(4507,'55','240','1'),(4508,'55','240','17'),(4509,'55','240','6'),(4510,'55','244','1'),(4511,'55','245','17'),(4512,'55','260','1'),(4513,'55','260','17'),(4514,'55','262 C','1'),(4515,'55','264','1'),(4516,'55','265','17'),(4517,'55','300','1'),(4518,'55','340','1'),(4519,'55','343','1'),(4520,'55','345','1'),(4521,'55','360','1'),(4522,'55','440','1'),(4523,'55','440','17'),(4524,'55','460','1'),(4525,'55','480','1'),(4526,'55','740','1'),(4527,'55','740','17'),(4528,'55','745','17'),(4529,'55','760','1'),(4530,'55','760','17'),(4531,'55','780','1'),(4532,'55','850','1'),(4533,'55','850','17'),(4534,'55','854','1'),(4535,'55','855','17'),(4536,'55','940','1'),(4537,'55','940','17'),(4538,'55','945','17'),(4539,'55','960','1'),(4540,'55','960','17'),(4541,'55','AMAZON','1'),(4542,'55','APOLO','4'),(4543,'55','B-10','4'),(4544,'55','B-12','4'),(4545,'55','B-270F','4'),(4546,'55','B-290R','4'),(4547,'55','B-340R','4'),(4548,'55','B-380R','4'),(4549,'55','B-420R','4'),(4550,'55','B-430R','4'),(4551,'55','B-450R','4'),(4552,'55','B-58','4'),(4553,'55','B-7','4'),(4554,'55','C-30','1'),(4555,'55','C-350','1'),(4556,'55','C-40','1'),(4557,'55','C-70','1'),(4558,'55','F-10','2'),(4559,'55','F-10','8'),(4560,'55','F-12','8'),(4561,'55','F-16','2'),(4562,'55','F-16','8'),(4563,'55','F-4','2'),(4564,'55','F-6','2'),(4565,'55','F-7','2'),(4566,'55','F-7','8'),(4567,'55','F-7','4'),(4568,'55','F-720','2'),(4569,'55','FB','8'),(4570,'55','FE','2'),(4571,'55','FE','8'),(4572,'55','FE 6','2'),(4573,'55','FH','2'),(4574,'55','FH','8'),(4575,'55','FH-12','8'),(4576,'55','FH-16','8'),(4577,'55','FL','2'),(4578,'55','FL','8'),(4579,'55','FL-6','2'),(4580,'55','FL-7','2'),(4581,'55','FL-10','2'),(4582,'55','FL-10','8'),(4583,'55','FL-12','8'),(4584,'55','FM','2'),(4585,'55','FM','8'),(4586,'55','FM-10','2'),(4587,'55','FM-10','8'),(4588,'55','FM-12','2'),(4589,'55','FM-12','8'),(4590,'55','FM-400','2'),(4591,'55','FM-400','8'),(4592,'55','FMX','2'),(4593,'55','FMX','8'),(4594,'55','FS-7','2'),(4595,'55','GLOBETROTTER','8'),(4596,'55','MARCOPOLO','4'),(4597,'55','N','2'),(4598,'55','N','8'),(4599,'55','N-7','2'),(4600,'55','N-7','8'),(4601,'55','N-10','2'),(4602,'55','N-10','8'),(4603,'55','N-12','2'),(4604,'55','N-12','8'),(4605,'55','N-88','2'),(4606,'55','NH','2'),(4607,'55','NH','8'),(4608,'55','NH-12','2'),(4609,'55','NH-12','8'),(4610,'55','NH-16','8'),(4611,'55','NL','2'),(4612,'55','NL','8'),(4613,'55','NL-10','2'),(4614,'55','NL-10','8'),(4615,'55','NL-12','2'),(4616,'55','NL-12','8'),(4617,'55','P-20','1'),(4618,'55','S-40','1'),(4619,'55','S-60','1'),(4620,'55','S-70','1'),(4621,'55','S-80','1'),(4622,'55','S-90','1'),(4623,'55','SATECI NOVARA','4'),(4624,'55','TERBERG','2'),(4625,'55','TORINO','4'),(4626,'55','URBANUSS','4'),(4627,'55','V-40','1'),(4628,'55','V-40','17'),(4629,'55','V-50','17'),(4630,'55','V-70','17'),(4631,'55','VM','2'),(4632,'55','VM','8'),(4633,'55','VNL','2'),(4634,'55','VNL','8'),(4635,'55','WCA 64T','2'),(4636,'55','WCA 64T','8'),(4637,'55','WG 64T','2'),(4638,'55','WG 64T','8'),(4639,'55','WHITE','2'),(4640,'55','WHITE','8'),(4641,'55','WIA','2'),(4642,'55','WIA','8'),(4643,'55','XC-60','3'),(4644,'55','XC-70','17'),(4645,'55','XC-90','3'),(4646,'56','NXG3251D3KC','2'),(4647,'56','NXG5160CSY3','2'),(4648,'57','C-32','1'),(4649,'57','C-61','1'),(4650,'57','CENTURY','6'),(4651,'57','HXK1021','3'),(4652,'57','HXK1021','6'),(4653,'57','HXK103','6'),(4654,'57','HXK1031','2'),(4655,'57','HXK1041','2'),(4656,'57','HXK2021CJ','6'),(4657,'57','HXK2121CJ','3'),(4658,'57','HXK2121CJ','6'),(4659,'57','HXK6490','3'),(4660,'57','MOCHE','10'),(4661,'57','RUDA','6'),(4662,'57','THUNDER','3'),(4663,'58','NJ-1020DF','2'),(4664,'58','NJ-1020DFC','2'),(4665,'58','NJ-1020DFC','7'),(4666,'58','NJ-1028DB','2'),(4667,'58','NJ-1028DBC','2'),(4668,'58','NJ-1042DA','2'),(4669,'58','NJ-1042MDF3','2'),(4670,'58','NJ-1050HDF3','2'),(4671,'58','NJ-1050HDFL3','2'),(4672,'58','NJ-1061','2'),(4673,'58','NJ-1062DA','2'),(4674,'58','NJ-1062DAC','2'),(4675,'58','NJ-1062DAL','2'),(4676,'58','NJ-1063DAW','2'),(4677,'58','NJ-1120DYW3','2'),(4678,'58','NJ-3250','2'),(4679,'58','NJ-4180','8'),(4680,'58','NJ-4250','8'),(4681,'58','NJ-612','2'),(4682,'58','NJ-712','2'),(4683,'59','ZK','5'),(4684,'59','ZK','4'),(4685,'ZHENGZHOU','RICH','6'),(4686,'ZHENGZHOU','SUCCE','10'),(4687,'ZHENGZHOU','SUCCE','7'),(4688,'136','ADMIRAL','3'),(4689,'136','ADMIRAL','6'),(4690,'60','RICH','6'),(4691,'60','SUCCE','10'),(4692,'60','SUCCE','7'),(4693,'1','HUNTER','3'),(4694,'1','NEW HUNTER','3'),(4695,'1','NOMAD','3'),(4696,'1','NOMADA','3'),(4697,'1','Z-200','1'),(4698,'7','ADMIRAL','6'),(4699,'7','GRANDTIGER','6'),(4700,'7','LANDMARK','3');
/*!40000 ALTER TABLE `hermes_autos` ENABLE KEYS */;
UNLOCK TABLES;

--
-- Table structure for table `marca`
--

DROP TABLE IF EXISTS `marca`;
/*!40101 SET @saved_cs_client     = @@character_set_client */;
/*!40101 SET character_set_client = utf8 */;
CREATE TABLE `marca` (
  `id_marca` int(11) NOT NULL AUTO_INCREMENT,
  `name_marca` varchar(20) NOT NULL,
  PRIMARY KEY (`id_marca`),
  KEY `name_marca` (`name_marca`)
) ENGINE=InnoDB AUTO_INCREMENT=146 DEFAULT CHARSET=latin1;
/*!40101 SET character_set_client = @saved_cs_client */;

--
-- Dumping data for table `marca`
--

LOCK TABLES `marca` WRITE;
/*!40000 ALTER TABLE `marca` DISABLE KEYS */;
INSERT INTO `marca` VALUES (34,'ACURA'),(29,'AGRALE MODASA'),(30,'ALFA ROMEO'),(31,'ASHOK LEYLAND'),(32,'ASIA'),(33,'AUDI'),(35,'AUTOCAR'),(36,'AUTOCRAFT'),(37,'BAIC'),(38,'BAW (BEIJING)'),(9,'BMW'),(40,'BRILLIANCE'),(41,'BUICK'),(42,'BYD'),(43,'CADILLAC'),(44,'CAMC'),(45,'CHANGAN'),(52,'CHANGHE'),(46,'CHENGLONG'),(47,'CHERY'),(138,'CHEVROLET'),(49,'CHRYSLER'),(50,'CHUNZHOU'),(51,'CITROEN'),(53,'DAEWOO'),(6,'DAF'),(5,'DAIHATSU'),(54,'DATSUN'),(2,'DENWAY'),(3,'DODGE'),(4,'DONG FENG'),(10,'EAGLE'),(11,'FAW'),(12,'FERRARI'),(15,'FIAT'),(20,'FORD'),(8,'FORLAND'),(61,'FOTON'),(62,'FREIGHTLINER'),(63,'GEELY'),(64,'GEO'),(65,'GMC'),(66,'GOLDEN DRAGON'),(67,'GONOW'),(68,'GREAT WALL'),(69,'HAFEI'),(70,'HAIMA'),(71,'HIGER'),(72,'HILLMAN'),(73,'HINO'),(74,'HONDA'),(141,'HUMMER'),(140,'HYUNDAI'),(75,'INCAPOWER'),(76,'INFINITI'),(77,'INTERNATIONAL'),(78,'ISUZU'),(79,'IVECO'),(80,'JAC'),(81,'JAGUAR'),(82,'JEEP'),(84,'JINBEI'),(85,'JMC'),(83,'JOHN DEERE'),(86,'JONWAY'),(87,'JOYLONG'),(88,'KAMAZ'),(89,'KENWORTH'),(90,'KIA'),(91,'KING LONG'),(92,'LADA'),(93,'LAMBORGHINI'),(94,'LAND ROVER'),(95,'LANDWIND'),(96,'LEXUS'),(97,'LIFAN'),(98,'LINCOLN'),(99,'MACK'),(100,'MAHINDRA'),(101,'MAN'),(102,'MARCO POLO'),(103,'MAZDA'),(104,'MERCEDES BENZ'),(105,'MERCURY'),(106,'MG'),(107,'MINI'),(108,'MITSUBISHI'),(109,'MONTENEGRO'),(110,'MUDAN'),(111,'NISSAN'),(112,'OLDSMOBILE'),(113,'OPEL'),(114,'PEUGEOT'),(115,'PLYMOUTH'),(116,'PONTIAC'),(117,'PORSCHE'),(118,'RENAULT'),(119,'ROVER'),(120,'SCANIA'),(121,'SCION'),(122,'SEAT'),(139,'SHAC101'),(123,'SHACMAN'),(124,'SHINERAY'),(125,'SINOTRUK'),(126,'SKODA'),(127,'SMA'),(128,'SSANG YONG'),(129,'STERLING'),(130,'SUBARU'),(131,'SUZUKI'),(132,'T-KING'),(133,'TOYOTA'),(134,'VOLKSWAGEN'),(55,'VOLVO'),(56,'XCMG'),(57,'XINKAI'),(58,'YUEJIN'),(59,'YUTONG'),(135,'ZHENGZHOU'),(136,'ZHONGXING'),(60,'ZNA'),(1,'ZOTYE'),(145,'ZX1'),(7,'ZXAUTO');
/*!40000 ALTER TABLE `marca` ENABLE KEYS */;
UNLOCK TABLES;

--
-- Table structure for table `modalidad`
--

DROP TABLE IF EXISTS `modalidad`;
/*!40101 SET @saved_cs_client     = @@character_set_client */;
/*!40101 SET character_set_client = utf8 */;
CREATE TABLE `modalidad` (
  `id_modalidad` int(11) NOT NULL AUTO_INCREMENT,
  `name_modalidad` varchar(50) NOT NULL,
  PRIMARY KEY (`id_modalidad`),
  KEY `name_cobertura` (`name_modalidad`)
) ENGINE=InnoDB AUTO_INCREMENT=5 DEFAULT CHARSET=latin1;
/*!40101 SET character_set_client = @saved_cs_client */;

--
-- Dumping data for table `modalidad`
--

LOCK TABLES `modalidad` WRITE;
/*!40000 ALTER TABLE `modalidad` DISABLE KEYS */;
INSERT INTO `modalidad` VALUES (4,'NA'),(1,'Pérdida Total'),(3,'Responsabilidad Civil'),(2,'Todo Riesgo');
/*!40000 ALTER TABLE `modalidad` ENABLE KEYS */;
UNLOCK TABLES;

--
-- Table structure for table `modelo`
--

DROP TABLE IF EXISTS `modelo`;
/*!40101 SET @saved_cs_client     = @@character_set_client */;
/*!40101 SET character_set_client = utf8 */;
CREATE TABLE `modelo` (
  `id_model` int(11) NOT NULL AUTO_INCREMENT,
  `name_model` varchar(50) NOT NULL,
  PRIMARY KEY (`id_model`),
  KEY `name_model` (`name_model`)
) ENGINE=InnoDB AUTO_INCREMENT=3950 DEFAULT CHARSET=latin1;
/*!40101 SET character_set_client = @saved_cs_client */;

--
-- Dumping data for table `modelo`
--

LOCK TABLES `modelo` WRITE;
/*!40000 ALTER TABLE `modelo` DISABLE KEYS */;
INSERT INTO `modelo` VALUES (3333,'1'),(2191,'10.150E'),(141,'100'),(3550,'1000'),(3509,'103G'),(2838,'105'),(1677,'106'),(2839,'106 S'),(3148,'108-SD'),(733,'109'),(1794,'11'),(672,'110'),(3551,'1100'),(673,'111'),(2192,'111 (ESCARABAJO)'),(958,'1112'),(959,'1113'),(960,'1114'),(961,'1117'),(674,'112'),(675,'1121'),(1862,'112E'),(1863,'112H'),(1864,'113'),(2193,'113 (BEETLE)'),(1866,'113E'),(1867,'113E INTERCOOLER'),(1868,'113H'),(228,'114'),(3149,'114-SD'),(229,'116'),(21,'118'),(1795,'12'),(2195,'12.140'),(231,'120'),(676,'1200'),(2194,'1200 (ESCARABAJO)'),(3688,'120E'),(2628,'120Y'),(887,'121'),(3150,'122-SD'),(962,'1222'),(2842,'124'),(232,'125'),(2197,'13.150'),(2198,'13.180'),(233,'130'),(2622,'1300'),(2196,'1300 (ESCARABAJO)'),(2844,'131'),(963,'1313'),(964,'1315'),(965,'1316'),(966,'1318'),(2845,'132'),(234,'135'),(2846,'135'),(2847,'138'),(2199,'14.150'),(2623,'1400'),(967,'1414'),(968,'1417'),(969,'1418'),(1869,'142 H'),(970,'1420'),(1870,'143'),(51,'145'),(85,'146'),(88,'147'),(2851,'149'),(2624,'15'),(2201,'15.180'),(2202,'15.190'),(2852,'150'),(3689,'150 E'),(677,'1500'),(2626,'150Y'),(971,'1516'),(972,'1518'),(973,'1519'),(974,'1520'),(975,'1526'),(89,'155'),(90,'156'),(91,'156T SPARK'),(183,'158'),(92,'159'),(1796,'16'),(2204,'16.210'),(2629,'160'),(678,'1600'),(235,'1602'),(977,'1617'),(978,'1618'),(979,'1619'),(980,'1620'),(981,'1630'),(93,'164'),(94,'166'),(2205,'17.210'),(2206,'17.220'),(2207,'17.230'),(2208,'17.240'),(2209,'17.250E'),(2210,'17.260'),(3690,'170'),(3554,'1700'),(982,'1718'),(983,'1720'),(984,'1721'),(985,'1722'),(3555,'1723'),(986,'1725'),(987,'1728'),(3556,'1753'),(3557,'1754'),(1797,'18'),(2211,'18.310'),(988,'180'),(1517,'180 SX'),(2289,'1800'),(3558,'1800'),(989,'1835'),(990,'1835'),(991,'1840'),(1031,'1840'),(992,'1844'),(1032,'1844'),(1798,'19'),(2212,'19.320'),(993,'190'),(1033,'190'),(2853,'190'),(3691,'190'),(2589,'1900'),(994,'1920'),(1034,'1920'),(995,'1938'),(1035,'1938'),(236,'1M'),(888,'2'),(893,'2'),(2022,'2'),(3334,'2'),(3075,'2 TN LINEAL'),(1799,'20'),(996,'200'),(1036,'200'),(1518,'200'),(1850,'200'),(2630,'200 SX'),(237,'2000'),(2777,'2000 GTX'),(1678,'2008'),(1680,'2008'),(1681,'201'),(200,'205'),(1682,'205'),(201,'206'),(1683,'206'),(202,'206C'),(997,'207'),(1684,'207'),(1685,'208'),(2631,'210'),(679,'2101'),(680,'2102'),(681,'21023'),(682,'2103'),(683,'2104'),(684,'21043'),(685,'2105'),(686,'21051'),(687,'21053'),(688,'2106'),(689,'21060'),(690,'21061'),(691,'21063'),(692,'21065'),(693,'2107'),(694,'21074'),(695,'2108 SAMARA'),(696,'2109 SAMARA'),(697,'21090'),(698,'21093'),(699,'21099'),(2213,'211 (COMBI)'),(700,'2114'),(1851,'213'),(1852,'214'),(1853,'216'),(238,'216 i'),(998,'220'),(999,'2216'),(1000,'2219'),(1001,'2221'),(1002,'2235'),(1003,'230'),(2854,'2300'),(1004,'2318'),(889,'232'),(894,'232'),(2214,'24.220'),(2215,'24.250'),(1005,'240'),(2290,'240'),(1519,'240 SX'),(1520,'240 Z'),(1521,'2400'),(2632,'240C'),(1006,'2423'),(1007,'2428'),(1008,'2435'),(2291,'244'),(2292,'245'),(1800,'25'),(1847,'25'),(2216,'25.370'),(1009,'250'),(1060,'250'),(3814,'250D SERIE II'),(1010,'2524'),(1011,'2535'),(3510,'2538K'),(1012,'2550'),(3559,'2554'),(3560,'2574'),(2217,'26.220'),(2218,'26.260'),(2219,'26.310'),(1013,'260'),(2293,'260'),(1522,'260 Z'),(2633,'260Z'),(2294,'262 C'),(1014,'2626'),(1015,'2628'),(1016,'2635'),(1017,'2638'),(2295,'264'),(2296,'265'),(701,'27151'),(1018,'2726'),(1019,'280'),(1523,'280 Z'),(2634,'280 ZX'),(2590,'2800'),(890,'3'),(895,'3'),(1334,'3'),(1374,'3'),(3335,'3'),(1335,'3 XROSS'),(1801,'30'),(1020,'300'),(2297,'300'),(2457,'300'),(3352,'300'),(3692,'300'),(1524,'300 ZX'),(3561,'3000'),(1350,'3000 GT'),(1686,'3008'),(1687,'301'),(1688,'304'),(1689,'305'),(1691,'306'),(1021,'307'),(1692,'307'),(1693,'308'),(1694,'309'),(2220,'31.260 E'),(2221,'31.310'),(2222,'31.320'),(2223,'31.370'),(1023,'310'),(2635,'310'),(481,'3100'),(3562,'3100'),(239,'315'),(240,'316'),(241,'318'),(242,'318 I CABRIO'),(243,'320'),(766,'320'),(1024,'320'),(891,'323'),(896,'323'),(244,'323 I CONVERTIBLE'),(245,'324'),(246,'325'),(247,'327'),(248,'328'),(95,'33'),(249,'330'),(2665,'330'),(3693,'330'),(2855,'330.3'),(2591,'3300'),(3563,'3300'),(1025,'3335'),(250,'335'),(2298,'340'),(2299,'343'),(2300,'345'),(2821,'348'),(1026,'350'),(1336,'350'),(1376,'350'),(712,'350 GT'),(713,'350 GTV'),(1525,'350 Z'),(2666,'3500'),(2822,'355'),(1871,'360'),(2301,'360'),(2599,'360'),(2823,'360'),(1027,'364'),(1526,'370 Z'),(3815,'370E'),(1028,'380'),(3694,'380'),(3564,'3900'),(3875,'39383'),(3915,'39383'),(1802,'4'),(142,'400'),(714,'400'),(1029,'400'),(1854,'400'),(143,'4000'),(1695,'403'),(1696,'404'),(3353,'4041'),(1697,'405'),(1701,'405'),(1698,'406'),(1699,'407'),(1700,'408'),(1702,'408'),(1030,'409'),(3695,'410'),(3816,'410E'),(1037,'413'),(1855,'416'),(251,'420'),(1038,'420'),(1856,'420'),(252,'428'),(3565,'4300'),(3876,'4308'),(3916,'4308'),(3877,'43101'),(3917,'43101'),(3878,'43114'),(3918,'43114'),(3879,'43118'),(3919,'43118'),(3880,'43253'),(3920,'43253'),(3881,'4326'),(3921,'4326'),(253,'435'),(2302,'440'),(3566,'4400'),(3882,'44108'),(3922,'44108'),(1848,'45'),(1039,'450'),(2856,'450'),(3883,'45141'),(3923,'45141'),(3884,'45142'),(3924,'45142'),(3885,'45143'),(3925,'45143'),(2824,'456'),(2825,'458'),(2303,'460'),(3567,'4600'),(3817,'460E'),(3568,'4700'),(2304,'480'),(3569,'4800'),(3570,'4900'),(96,'4C'),(2074,'4RUNNER'),(2728,'4X2'),(364,'4X2 CARGO TRUCK'),(365,'4X2 DUMP TRUCK'),(366,'4X2-1 TRACTOR'),(367,'4X2-2 TRACTOR'),(368,'4X2-3 TRACTOR'),(897,'5'),(1337,'5'),(1377,'5'),(1803,'5'),(1040,'500'),(2857,'500'),(3354,'500'),(144,'5000'),(3571,'5000'),(1703,'5008'),(1704,'504'),(1705,'505'),(1706,'508'),(2636,'510'),(254,'518'),(255,'520'),(767,'520'),(702,'520-I'),(256,'523'),(257,'525'),(258,'528'),(259,'530'),(768,'530'),(3886,'532'),(3926,'532'),(3887,'53215'),(3927,'53215'),(3888,'5325'),(3928,'5325'),(260,'533'),(261,'535'),(3889,'5360'),(3929,'5360'),(3890,'53605'),(3930,'53605'),(262,'540'),(3891,'541'),(3931,'541'),(3892,'54112'),(3932,'54112'),(3933,'54115'),(263,'545'),(3934,'5460'),(264,'550'),(1338,'550'),(1378,'550'),(2826,'550'),(3935,'551'),(3936,'55102'),(3937,'55111'),(1041,'560'),(3572,'5600'),(2827,'575'),(3573,'5900'),(2828,'599'),(898,'6'),(1339,'6'),(1379,'6'),(2224,'6.80'),(2225,'6.90'),(795,'600'),(1042,'600'),(1857,'600'),(2667,'600'),(2858,'600'),(482,'6000'),(2908,'6000'),(2948,'6000'),(3218,'6000'),(1707,'604'),(1708,'605'),(1715,'605'),(1709,'607'),(1043,'608'),(1710,'608'),(2829,'612'),(2859,'615'),(2860,'619'),(769,'620'),(1858,'620'),(2637,'620'),(1859,'623'),(2861,'625'),(899,'626'),(265,'628'),(266,'630'),(770,'630'),(267,'633'),(268,'635'),(3938,'63501'),(269,'640'),(483,'6400'),(2862,'643'),(270,'645'),(3939,'6460'),(271,'650'),(2863,'650'),(3940,'65111'),(3941,'65115'),(3942,'65116'),(3943,'65117'),(3944,'6520'),(3945,'6522'),(3946,'65225'),(3947,'65226'),(3948,'6540'),(2864,'682'),(2865,'691H'),(2866,'693'),(2867,'697'),(369,'6X2 CARGO TRUCK'),(2729,'6X4'),(370,'6X4 CARGO TRUCK'),(371,'6X4 DUMP TRUCK'),(372,'6X4-1 TRACTOR'),(373,'6X4-2 TRACTOR'),(3336,'7'),(3216,'700'),(3355,'700'),(3549,'700'),(484,'7000'),(2909,'7000'),(2949,'7000'),(3219,'7000'),(1044,'710'),(2638,'710'),(1045,'711'),(1872,'7112H'),(1046,'712'),(1047,'715'),(771,'720'),(1527,'720'),(272,'728'),(273,'730'),(274,'732'),(275,'733'),(276,'735'),(277,'740'),(2305,'740'),(3696,'740'),(3574,'7400'),(3575,'7400'),(278,'745'),(2306,'745'),(97,'75'),(1849,'75'),(279,'750'),(1340,'750'),(1380,'750'),(3576,'7500'),(1873,'7550'),(280,'760'),(2307,'760'),(3577,'7600'),(2308,'780'),(2226,'8.120'),(2227,'8.140'),(2228,'8.150'),(145,'80'),(2668,'800'),(2910,'8000'),(2950,'8000'),(1711,'806'),(1712,'807'),(116,'808'),(3578,'8100'),(1048,'813'),(1049,'814'),(1050,'818 D'),(601,'825'),(281,'840'),(282,'850'),(2309,'850'),(2868,'850'),(2310,'854'),(2311,'855'),(2076,'86 GT'),(3217,'860'),(3579,'8600'),(732,'88'),(1643,'88 DINAMIC'),(374,'8X4 CARGO TRUCK'),(375,'8X4 DUMP TRUCK'),(1804,'9'),(146,'90'),(2911,'9000'),(2951,'9000'),(1713,'908'),(1714,'911'),(1774,'911'),(1051,'912'),(1874,'9124 BC'),(1052,'914'),(1053,'915'),(1775,'918 SPYDER'),(1875,'92 M'),(3580,'9200'),(602,'921'),(607,'923'),(608,'924'),(1776,'924'),(1777,'928'),(900,'929'),(1778,'930'),(3581,'9370'),(2312,'940'),(3582,'9400'),(1054,'942'),(1779,'944'),(2313,'945'),(3220,'9500'),(2314,'960'),(3583,'9600'),(609,'963 FAMILY'),(3584,'9670'),(1780,'968'),(3585,'9700'),(1644,'98'),(3586,'9800'),(1781,'986'),(1782,'987'),(1783,'989'),(3587,'9900'),(1784,'993'),(1785,'996'),(1786,'997'),(2912,'A'),(1055,'A 160'),(1056,'A 170'),(1057,'A 180'),(147,'A 200'),(1059,'A 220'),(1061,'A 45 AMG'),(3721,'A-0'),(2669,'A-100'),(901,'A-6'),(1062,'A-CLASS'),(148,'A1'),(464,'A11'),(3718,'A137'),(3719,'A138'),(465,'A15'),(149,'A2'),(466,'A21'),(150,'A3'),(462,'A3 SKIN'),(3867,'A380'),(151,'A4'),(152,'A5'),(463,'A5'),(3869,'A5'),(3909,'A5'),(153,'A6'),(3870,'A6'),(3910,'A6'),(154,'A6 TDI 140 HP'),(155,'A7'),(1953,'A7'),(1954,'A7 380'),(1955,'A7 420'),(156,'A8'),(2830,'ABARTH'),(3221,'ACADIA'),(1742,'ACADIAN'),(3429,'ACCENT'),(1724,'ACCLAIM'),(3697,'ACCO'),(3384,'ACCORD'),(2077,'ACE'),(1645,'ACHIEVA'),(2783,'ACTIS'),(1063,'ACTROS'),(3385,'ACTY'),(1975,'ACTYON'),(1976,'ACTYON SPORTS'),(12,'ACURA'),(1528,'AD'),(2427,'ADMIRAL'),(2078,'AE 86'),(2023,'AERO'),(3222,'AERO ASTRO'),(2913,'AEROMAX'),(2914,'AEROSTAR'),(485,'AGILE'),(1351,'AIRTREK'),(1352,'AIRTREK (CETICO)'),(3387,'AIRWAVE'),(1064,'ALFA'),(98,'ALFASUD'),(99,'ALFETTA'),(1935,'ALHAMBRA'),(1990,'ALL NEW FORESTER'),(1354,'ALL NEW LANCER'),(1991,'ALL NEW LEGACY'),(1355,'ALL NEW MONTERO LARGA'),(1992,'ALL NEW OUTBACK'),(1356,'ALL NEW OUTLANDER'),(902,'ALLEGRO'),(1805,'ALLIANCE'),(2079,'ALLION'),(157,'ALLROAD'),(1529,'ALMERA'),(410,'ALSVIN'),(1936,'ALTEA'),(3280,'ALTER'),(2080,'ALTEZZA'),(1530,'ALTIMA'),(2024,'ALTO'),(117,'AM'),(118,'AM 420 (GRUA)'),(2229,'AMAROK'),(2230,'AMAZON'),(1065,'AMG'),(1066,'AMG M-CLASS'),(3623,'AMIGO'),(1067,'ANDES AA-GL95'),(40,'ANDINO'),(1660,'ANTARA'),(3281,'AOOSED'),(486,'APACHE'),(2316,'APOLO'),(2600,'APPLAUSE'),(2025,'APV'),(2550,'ARCADIA'),(3151,'ARGOSY'),(2670,'ARIES'),(2081,'ARISTO'),(1531,'ARMADA'),(3347,'ARROW'),(1661,'ASCONA'),(3388,'ASCOT'),(1876,'ASIA'),(3784,'ASIA ROCSTA'),(3624,'ASKA'),(2458,'ASPEN'),(1357,'ASPIRE'),(487,'ASTRA'),(1743,'ASTRE'),(488,'ASTRO'),(1358,'ASX'),(1398,'ASX'),(1068,'ATEGO'),(903,'ATENZA'),(489,'ATLAS'),(1533,'ATLEON'),(3431,'ATOS'),(2601,'ATRAI'),(343,'ATS'),(873,'AUDACE'),(2026,'AUDAZ'),(3111,'AUMAN'),(3112,'AUMARK'),(2082,'AURIS'),(1534,'AUSTER'),(904,'AUTOZAM AZ3'),(3113,'AUV'),(490,'AVALANCHE'),(2083,'AVALON'),(3432,'AVANTE'),(2084,'AVANZA'),(2672,'AVENGER'),(1535,'AVENIR'),(2085,'AVENSIS'),(715,'AVENTADOR'),(491,'AVEO'),(2548,'AVIA'),(780,'AVIATOR'),(2520,'AX'),(2521,'AXEL'),(905,'AXELA'),(3625,'AXIOM'),(1069,'AXOR'),(1536,'AXXESS'),(906,'AZ WAGON'),(2522,'AZAM-M28'),(3433,'AZERA'),(1744,'AZTEK'),(796,'B'),(1071,'B 160'),(1072,'B 180'),(1073,'B 200'),(1074,'B 220'),(1075,'B 250'),(1070,'B DAIMLER 123'),(1077,'B TOURER'),(2317,'B-10'),(2673,'B-100'),(2318,'B-12'),(3588,'B-160'),(907,'B-1600'),(908,'B-1800'),(2459,'B-200'),(909,'B-2000'),(910,'B-2200'),(911,'B-2500'),(912,'B-2600'),(2319,'B-270F'),(913,'B-2900'),(2320,'B-290R'),(2321,'B-340R'),(2322,'B-380R'),(797,'B-42'),(2323,'B-420R'),(2324,'B-430R'),(2325,'B-450R'),(2785,'B-50'),(2326,'B-58'),(2916,'B-600'),(2327,'B-7'),(2786,'B-70'),(2917,'B-700'),(1076,'B-CLASS'),(3724,'B-CROSS'),(207,'B100'),(1537,'B11 (SUNNY)'),(1877,'B111'),(1538,'B12'),(1539,'B13'),(1540,'B14'),(1541,'B15'),(3723,'B15-CLASS'),(3725,'B18 CROSS'),(208,'B20'),(3511,'B20'),(209,'B30'),(3512,'B30'),(210,'B40'),(3514,'B41'),(212,'B50'),(213,'B60'),(214,'B70'),(1878,'B7S 4X2'),(215,'B90'),(3818,'BADAO SY6480'),(2027,'BALENO'),(2086,'BANDEIRANTE'),(3848,'BAODIAN'),(2869,'BARCHETTA'),(1725,'BARRACUDA'),(1542,'BASSARA'),(3849,'BD'),(1078,'BE 0302'),(467,'BEAT'),(2231,'BEETLE'),(492,'BEL AIR'),(3626,'BELLETT'),(2087,'BELTA'),(1726,'BELVERDE'),(411,'BENNI'),(493,'BERETTA'),(1806,'BERLIET'),(2523,'BERLINA'),(2524,'BERLINGO'),(2871,'BERTONE'),(119,'BESTA'),(2784,'BESTURN'),(2551,'BF105'),(2552,'BF120'),(1543,'BGD21'),(2553,'BH 115'),(2554,'BH 116'),(1879,'BIAGGIO 1100'),(3627,'BIGHORN'),(1716,'BIPPER'),(494,'BISCAYNE'),(495,'BISON'),(3114,'BJ1010'),(3076,'BJ1010V0JA3'),(3077,'BJ1020'),(3078,'BJ1020V3JV2-S1'),(216,'BJ1021'),(3116,'BJ1027'),(217,'BJ1030'),(3079,'BJ1030V3JA4'),(3080,'BJ1032V3JB3-A'),(3081,'BJ1033'),(3082,'BJ1036V3JB3-5'),(3117,'BJ1039'),(3083,'BJ1041V8JD6-S1'),(3118,'BJ1043'),(3084,'BJ1043B8JEA-S'),(3086,'BJ1043V8JD3-S'),(3085,'BJ1043VJD3-S'),(218,'BJ1044'),(3119,'BJ1053'),(3120,'BJ1063'),(3087,'BJ1063VCJFA-1'),(219,'BJ1065'),(3121,'BJ1069'),(220,'BJ1086'),(3122,'BJ1089'),(3123,'BJ1129'),(3124,'BJ1133'),(3125,'BJ1143'),(3088,'BJ1153VLPFG-B'),(3126,'BJ1167'),(221,'BJ2031'),(3089,'BJ3043D89DA-S'),(3090,'BJ3043D8PDA-S'),(3091,'BJ3053DBJE5-1'),(3092,'BJ3073DCPFA-S4'),(3093,'BJ3163DKPEA-4'),(3127,'BJ5046'),(3128,'BJ5069'),(3129,'BJ5089'),(3130,'BJ5121'),(3131,'BJ5253'),(222,'BJ6490'),(223,'BJ6520'),(3132,'BJ6526'),(3133,'BJ6536'),(3134,'BJ6700'),(3135,'BJ6800'),(496,'BLAZER'),(2088,'BLIZZARD'),(344,'BLS'),(3589,'BLUE BIRD'),(3356,'BLUE RIBBON'),(1544,'BLUEBIRD'),(1545,'BMD21'),(3850,'BOARDING'),(851,'BOLERO'),(497,'BONANZA'),(498,'BONAVENTURE'),(914,'BONGO'),(3819,'BONNETHEAD'),(1745,'BONNEVILLE'),(3851,'BOOMDAY'),(2602,'BOON'),(2232,'BORA'),(1717,'BOXER'),(1787,'BOXSTER'),(1880,'BR'),(2233,'BRASILIA'),(2872,'BRAVA'),(915,'BRAVO'),(100,'BRERA'),(499,'BRIGADIER'),(2958,'BRONCO'),(2959,'BRONCO II'),(345,'BROUGHAM'),(1079,'BRUCE 2012'),(1993,'BRZ'),(2556,'BS106 PUBLIC'),(310,'BS4'),(311,'BS6'),(2460,'BT-2E-R20'),(916,'BT-50'),(3628,'BU20KP'),(2525,'BX'),(1080,'C 180'),(1081,'C 200'),(1082,'C 220'),(1083,'C 230'),(1084,'C 240'),(1085,'C 250'),(1086,'C 270'),(1087,'C 280'),(1088,'C 30'),(1089,'C 300'),(1090,'C 320'),(1091,'C 32K AMG'),(1092,'C 350'),(1093,'C 36 AMG'),(1094,'C 43 AMG'),(1095,'C 55 AMG'),(1096,'C 63 AMG'),(2531,'C ELYSEE'),(1098,'C ESTATE'),(501,'C-10'),(1881,'C-110'),(3590,'C-1300'),(502,'C-15'),(3227,'C-1500'),(503,'C-20'),(3228,'C-2500'),(504,'C-30'),(2393,'C-32'),(2730,'C-35'),(2329,'C-350'),(505,'C-3500'),(3230,'C-3500'),(2731,'C-37'),(506,'C-40'),(507,'C-50'),(610,'C-500'),(3231,'C-5500'),(508,'C-60'),(2394,'C-61'),(509,'C-65'),(3233,'C-6500'),(2331,'C-70'),(184,'C-70 S'),(3235,'C-700'),(3236,'C-7000'),(3237,'C-7500'),(3240,'C-8500'),(185,'C-90'),(3241,'C-9500'),(1097,'C-CLASS'),(3726,'C-CLASS'),(500,'C/K'),(3297,'C10'),(2530,'C15'),(2640,'C20'),(3298,'C20R'),(2526,'C3'),(3299,'C30'),(1968,'C32'),(2527,'C4'),(2528,'C5'),(3300,'C50T'),(1969,'C52'),(2529,'C6'),(1970,'C61'),(510,'C70'),(3239,'C7D042'),(1971,'C81'),(2787,'CA1010'),(2788,'CA1020'),(2789,'CA1021'),(2790,'CA1023'),(2791,'CA1024'),(2792,'CA1041'),(2793,'CA1075'),(2794,'CA1083'),(2795,'CA1161'),(2797,'CA1258'),(2798,'CA3256'),(2799,'CA4206'),(2800,'CA4258'),(3821,'CA4D32-09'),(2801,'CA5013'),(2802,'CA5023XXY'),(2803,'CA5083'),(2804,'CA6371'),(2805,'CA6390'),(2806,'CA6480P6E'),(1546,'CABALL'),(611,'CABOVER'),(1341,'CABRIO'),(158,'CABRIOLET'),(1547,'CABSTAR'),(2234,'CADDY'),(1647,'CALAIS'),(2089,'CALDINA'),(2807,'CALE'),(2674,'CALIBER'),(1548,'CALIFORNIA'),(511,'CAMARO'),(2090,'CAMI'),(1549,'CAMINO'),(2091,'CAMRY'),(1359,'CANTER'),(3242,'CANYON'),(3389,'CAPA G'),(917,'CAPELLA'),(512,'CAPRE'),(1273,'CAPRI'),(513,'CAPRICE'),(2732,'CAPTAIN N'),(514,'CAPTIVA'),(2236,'CARAT'),(1550,'CARAVAN'),(1727,'CARAVELLE'),(3820,'CAREZA'),(120,'CARGO'),(3434,'CARGO TRUCK'),(620,'CARGO VAN'),(224,'CARGOVAN'),(2092,'CARIB'),(3629,'CARIBE'),(2093,'CARINA'),(1360,'CARISMA'),(2962,'CARPENTER'),(2028,'CARRY'),(3852,'CARRYING'),(2463,'CASA RODANTE'),(3153,'CASCADIA'),(515,'CAVALIER'),(1788,'CAYENNE'),(1789,'CAYMAN'),(121,'CB'),(516,'CB6P042'),(1883,'CB6X4'),(2238,'CC'),(3699,'CC170E22'),(3301,'CC6460KY'),(3630,'CCM410'),(1551,'CD 21'),(1361,'CEDIA'),(1401,'CEDIA'),(1552,'CEDRIC'),(2641,'CEDRIC'),(1553,'CEFIRO'),(517,'CELEBRITY'),(2029,'CELERIO'),(2095,'CELICA'),(2096,'CELICA ST'),(2097,'CELICA STX'),(518,'CELTA'),(322,'CENTURY'),(3155,'CENTURY CLASS'),(2098,'CERES'),(2030,'CERVO'),(2593,'CF'),(2963,'CF-7000'),(2964,'CF-8000'),(799,'CH'),(1977,'CHAIRMAN'),(1362,'CHALLENGER'),(414,'CHANA'),(413,'CHANA STAR'),(2603,'CHARADE'),(2464,'CHARGER'),(1363,'CHARIOT'),(2604,'CHARMANT'),(2099,'CHASER'),(122,'CHASSIS'),(2465,'CHASSIS CABINA'),(3785,'CHEROKEE'),(520,'CHEVELLE'),(3243,'CHEVETTE'),(521,'CHEVY'),(522,'CHEVY METRO'),(523,'CHEYENNE'),(3435,'CHORUS'),(2559,'CIELO'),(1648,'CIERA'),(1099,'CIFERAL'),(346,'CIMARRON'),(2874,'CINQUECENTO'),(2466,'CISTERNA'),(2592,'CISTERNA'),(1100,'CITAN'),(1101,'CITARO'),(524,'CITATION'),(1959,'CITIGO'),(3516,'CITIZEN'),(3390,'CITY'),(3727,'CITY ADVANTAGE'),(2733,'CITY VAN'),(3593,'CITYSTAR'),(3391,'CIVIC'),(3393,'CIVIC HYBRID'),(3392,'CIVIC SI'),(1554,'CIVILIAN'),(853,'CJ'),(3786,'CJ-10'),(3787,'CJ-5'),(3788,'CJ-6'),(3789,'CJ-7'),(3790,'CJ-8'),(525,'CK'),(854,'CL'),(1102,'CL 420'),(1103,'CL 500'),(1104,'CL 600'),(1105,'CL 63 AMG'),(1106,'CL 65 AMG'),(800,'CL-700'),(2965,'CL-9000'),(1107,'CL-CLASS'),(3156,'CL112'),(3157,'CL120'),(862,'CLA'),(1108,'CLA 180'),(1109,'CLA 200'),(1110,'CLA 220'),(1111,'CLA 250'),(1112,'CLA 45 AMG'),(1113,'CLA-CLASS'),(2467,'CLASS'),(3158,'CLASSIC'),(1114,'CLC 180 KOMPRESSOR'),(1115,'CLC 200 SPORT COUPE'),(1809,'CLIO'),(1810,'CLIO II'),(1116,'CLK 200'),(1117,'CLK 220'),(1118,'CLK 230'),(1119,'CLK 280'),(1120,'CLK 320'),(1121,'CLK 350'),(1122,'CLK 430'),(1123,'CLK 500'),(1124,'CLK 55'),(1125,'CLK 63'),(1126,'CLS 250'),(1127,'CLS 350'),(1128,'CLS 500'),(1130,'CLS 550'),(1129,'CLS 63'),(1131,'CLS 63 AMG'),(2966,'CLT-9000'),(2967,'CLUB WAGON'),(1342,'CLUBMAN'),(1556,'CM'),(415,'CM10'),(376,'CNG DUMP TRUCK 8X4'),(377,'CNG TRACTOR TRUCK 4X2'),(378,'CNG TRACTOR TRUCK 6X4'),(2468,'CNT900'),(3594,'CO 9670'),(1367,'COASTER'),(526,'COBALT'),(3159,'COE'),(3595,'COF'),(1274,'COLONY PARK'),(527,'COLORADO'),(1364,'COLT'),(3160,'COLUMBIA'),(3791,'COMANCHE'),(123,'COMBI'),(528,'COMBO'),(1275,'COMET'),(159,'COMETA'),(2101,'COMFORT'),(1132,'COMIL'),(3792,'COMMANDER'),(1664,'COMMODORE'),(225,'COMMUTER'),(14,'COMPACT'),(3793,'COMPASS'),(3161,'CON'),(3394,'CONCERTO'),(2469,'CONCORDE'),(160,'CONCOURS'),(1557,'CONDOR'),(3854,'CONQUER'),(3137,'CONQUEROR'),(2968,'CONQUISTADOR'),(2969,'CONSUL'),(781,'CONTINENTAL'),(2970,'CONTOUR'),(3855,'CONVEY'),(3302,'COOLBEAR'),(450,'COOLCAR'),(1343,'COOPER'),(1344,'COOPER S'),(2971,'CORCEL'),(1365,'CORDIA'),(1937,'CORDOBA'),(2102,'COROLLA'),(2103,'CORONA'),(2104,'CORONA EXIV'),(3163,'CORONADO'),(2471,'CORONET'),(2240,'CORRADO'),(529,'CORSA'),(2972,'CORSAIR'),(530,'CORSICA'),(2973,'CORTINA'),(531,'CORVETTE'),(532,'CORVETTE CONVERTIBLE'),(918,'COSMO'),(124,'COSMOS'),(125,'COSMOS AM-818'),(1276,'COUGAR'),(716,'COUNTACH'),(1366,'COUNTRY'),(2975,'COUNTRY SQUIRE'),(1346,'COUNTRYMAN'),(3436,'COUNTY'),(312,'COUPE'),(161,'COUPE E QUATTRO'),(2976,'COURIER'),(1368,'COUSTER'),(3303,'COWRY'),(2472,'CP41'),(2241,'CRAFTER'),(2106,'CRESSIDA'),(2107,'CRESTA'),(2876,'CROMA'),(919,'CRONOS'),(2242,'CROSS FOX'),(2734,'CROSS H30'),(2473,'CROSSFIRE'),(2243,'CROSSOVER'),(2108,'CROWN'),(2977,'CROWN VICTORIA'),(801,'CRUISE LINER'),(533,'CRUZE'),(3395,'CRV'),(3396,'CRX'),(283,'CS'),(416,'CS1'),(417,'CS35'),(753,'CT 200H'),(348,'CTS'),(1558,'CUBE'),(2031,'CULTUS'),(2605,'CUORE'),(3701,'CURSOR'),(1649,'CUSTOM CRUISER'),(2680,'CUSTOM VAN'),(535,'CUTLASS'),(802,'CV-713'),(418,'CV1'),(419,'CV6'),(743,'CV9'),(1559,'CWB'),(803,'CX'),(920,'CX-5'),(921,'CX-7'),(922,'CX-9'),(420,'CX20'),(421,'CX30'),(3631,'CXH'),(804,'CXN-613'),(3632,'CXY'),(3633,'CXZ'),(3822,'CY410'),(2109,'CYNOS'),(1133,'D 190'),(2474,'D-100'),(2681,'D-100'),(536,'D-14000'),(2682,'D-150'),(2475,'D-200'),(2683,'D-200'),(2476,'D-300'),(2684,'D-300'),(3596,'D-300'),(2477,'D-350'),(538,'D-40'),(2685,'D-400'),(2686,'D-4500'),(539,'D-500'),(2687,'D-500'),(540,'D-600'),(2478,'D-600'),(2688,'D-600'),(2978,'D-600'),(541,'D-6000'),(542,'D-70'),(2689,'D-800'),(1947,'D-LONG 6X4 TRACTOR'),(545,'D-MAX'),(3634,'D-MAX'),(3164,'D120064ST'),(537,'D20'),(1560,'D21'),(1561,'D22'),(3702,'DAILY'),(1369,'DAKAR L200'),(1409,'DAKAR L200'),(2690,'DAKOTA'),(2560,'DAMAS'),(2479,'DART'),(2692,'DAYTONA'),(1884,'DB 6X2'),(186,'DC 6-6'),(187,'DC-9964-B'),(1885,'DC9 21 310'),(543,'DE LUXE'),(544,'DE LUXE CONVERTIBLE'),(3635,'DECA'),(3305,'DEER'),(735,'DEFENDER'),(2979,'DEL REY'),(1370,'DELICA'),(1651,'DELTA'),(923,'DEMIO'),(2480,'DEMON'),(3244,'DENALI'),(2244,'DERBY'),(468,'DESTINY'),(3530,'DESTROYER III'),(349,'DEVILLE'),(2735,'DF1014'),(2736,'DF1416'),(2737,'DF410'),(2738,'DF610'),(2739,'DF711'),(2740,'DF913'),(2741,'DFA'),(2742,'DFL'),(2743,'DFM'),(2744,'DFM CARGO PLUS'),(2745,'DFM CITY'),(2746,'DFM MINI TRUCK'),(717,'DIABLO'),(1371,'DIAMANTE'),(188,'DIESEL 6X4'),(3597,'DIMEX'),(1412,'DINGO'),(1452,'DINGO'),(1413,'DION'),(1453,'DION'),(2693,'DIPLOMAT'),(736,'DISCOVERY'),(737,'DISCOVERY 4'),(189,'DK64BT'),(1994,'DL'),(805,'DM'),(2694,'DN-800'),(2877,'DOBLO'),(3397,'DOMANI'),(1995,'DOMINGO'),(2695,'DP-200'),(2696,'DP-300'),(2697,'DP-500'),(1886,'DR116'),(1888,'DS-14LB01'),(2533,'DS-19'),(1887,'DS11'),(2534,'DS3'),(2535,'DS4'),(2536,'DS5'),(350,'DTS'),(1562,'DUALIS'),(2878,'DUCATO'),(2110,'DUET'),(2561,'DUMP'),(3438,'DUMP TRUCK'),(2879,'DUNA'),(2919,'DUNA'),(3856,'DUO'),(3896,'DUO'),(2698,'DURANGO'),(3598,'DURASTAR'),(1729,'DUSTER'),(3357,'DUTRO'),(2111,'DYNA'),(2699,'DYNASTY'),(284,'E'),(1134,'E 200'),(1135,'E 220'),(1136,'E 230'),(1137,'E 240'),(1138,'E 250'),(1139,'E 260'),(1140,'E 280'),(1141,'E 290'),(1142,'E 300'),(1143,'E 320'),(1144,'E 350'),(1145,'E 400'),(1146,'E 420'),(1147,'E 430'),(1148,'E 500'),(1150,'E 55 AMG'),(1149,'E 550'),(1151,'E 63 AMG'),(2980,'E-150'),(924,'E-1600'),(925,'E-2000'),(926,'E-2200'),(2981,'E-250'),(2982,'E-350'),(2983,'E-450'),(2984,'E-800'),(1563,'E-B11'),(1152,'E-CLASS'),(3775,'E-TYPE'),(2747,'E32-501'),(2748,'E33-861'),(422,'EADO'),(3599,'EAGLE'),(113,'EAGLE 814'),(1564,'EBRO'),(3191,'EC2'),(3192,'EC7'),(3193,'EC718'),(3194,'EC820'),(3195,'EC825'),(2112,'ECHO'),(1414,'ECLIPSE'),(1565,'ECO'),(806,'ECONODYNE'),(2985,'ECONOLINE'),(2986,'ECOSPORT'),(2987,'EDGE'),(772,'EFFA'),(3319,'EFFA'),(2113,'EFI'),(927,'EFINI'),(3282,'EIGHT'),(1652,'EIGHTY-EIGHT'),(1415,'EK WAGON'),(1153,'EL BUSS 320'),(546,'EL CAMINO'),(351,'EL DORADO'),(3439,'ELANTRA'),(2880,'ELBA'),(323,'ELECTRA'),(3398,'ELEMENT'),(2562,'ELF'),(3636,'ELF'),(1566,'ELGRAND'),(3196,'EMGRAND EC'),(1812,'ENCORE'),(1416,'ENDEAVOR'),(1456,'ENDEAVOR'),(3440,'ENTOURAGE'),(3245,'ENVOY'),(3441,'EON'),(2749,'EQ'),(2032,'EQUATOR'),(547,'EQUINOX'),(3442,'EQUUS'),(2033,'ERTIGA'),(754,'ES'),(352,'ESCALADE'),(1813,'ESCAPE'),(2245,'ESCARABAJO'),(2989,'ESCORT'),(2034,'ESCUDO'),(718,'ESPADA'),(2563,'ESPERO'),(3349,'ESTATE'),(2035,'ESTEEM'),(2114,'ESTIMA'),(1417,'ETERNA'),(928,'EUNOS'),(3637,'EURO'),(3703,'EURO CARGO'),(379,'EUROPEAN HEAVY TRUCK TRACTOR 6X4'),(548,'EUROSPORT'),(3704,'EUROTRAKER'),(2036,'EVERY'),(3197,'EX7'),(3443,'EXCEL'),(2990,'EXCURSION'),(1938,'EXEO'),(192,'EXOR'),(2991,'EXPEDITION'),(1567,'EXPERT'),(2992,'EXPLORER'),(1418,'EXPO'),(1458,'EXPO'),(549,'EXPRESS'),(2332,'F-10'),(2993,'F-100'),(3094,'F-110'),(2994,'F-11000'),(2333,'F-12'),(2995,'F-12000'),(3095,'F-130'),(2996,'F-13000'),(2997,'F-14000'),(2998,'F-150'),(2334,'F-16'),(3600,'F-1954'),(3096,'F-20'),(3601,'F-2200'),(3602,'F-2275'),(3097,'F-25'),(2999,'F-250'),(3603,'F-2674'),(3098,'F-30'),(3000,'F-350'),(2832,'F-355'),(2335,'F-4'),(3001,'F-400'),(3002,'F-4000'),(2833,'F-430'),(3099,'F-45'),(3003,'F-450'),(2834,'F-50'),(3004,'F-500'),(3604,'F-5070'),(2835,'F-512'),(3005,'F-550'),(2336,'F-6'),(3006,'F-600'),(3100,'F-65'),(3007,'F-650'),(2337,'F-7'),(3008,'F-700'),(3009,'F-7000'),(2338,'F-720'),(3010,'F-750'),(3011,'F-8'),(3012,'F-800'),(3013,'F-8000'),(1653,'F-85'),(3014,'F-900'),(3015,'F-9000'),(3605,'F-9370'),(3025,'F-SUPER DUTY'),(3776,'F-TYPE'),(335,'F0'),(336,'F10'),(1889,'F112'),(1890,'F113'),(1891,'F114'),(2831,'F12 BERLINETTA'),(3517,'F15'),(285,'F20'),(2607,'F20'),(3518,'F20'),(1948,'F2000'),(337,'F3'),(3519,'F30'),(1892,'F310'),(3520,'F35'),(3521,'F45'),(1972,'F50'),(2608,'F50'),(338,'F6'),(3522,'F65'),(1893,'F94'),(1894,'F94HB4X2NZ'),(2594,'FA1600'),(1960,'FABIA'),(469,'FACE'),(3016,'FAIRLANE'),(3017,'FAIRMONT'),(3018,'FALCON'),(929,'FAMILIA'),(3337,'FAMILY'),(3283,'FAN'),(3638,'FARGO'),(744,'FASHION'),(3019,'FASTBACK'),(2339,'FB'),(3358,'FB'),(3444,'FB 500'),(3360,'FC'),(3361,'FC BUS'),(3246,'FC-152'),(3606,'FC-35'),(3362,'FC10'),(3363,'FD'),(3523,'FD 130'),(3524,'FD 150'),(3525,'FD 25'),(3526,'FD 35'),(3527,'FD 60'),(3528,'FD 80'),(3101,'FD-130'),(3102,'FD-150'),(3103,'FD-25'),(3104,'FD-60'),(3105,'FD-80'),(1419,'FE'),(1459,'FE'),(2340,'FE'),(2341,'FE 6'),(353,'FEDERAL RENAISSANCE'),(1961,'FELICIA'),(2609,'FEROZA'),(3020,'FESTIVA'),(1420,'FF'),(1460,'FF'),(3364,'FF'),(1421,'FG'),(2342,'FH'),(1422,'FH 215'),(1462,'FH 215'),(2343,'FH-12'),(2344,'FH-16'),(2115,'FIELDER'),(1568,'FIERA'),(1746,'FIERO'),(3021,'FIESTA'),(2481,'FIFTH AVENUE'),(1423,'FIGTHER'),(2881,'FIORINO'),(2921,'FIORINO'),(1747,'FIREBIRD'),(1654,'FIRENZA'),(3400,'FIT'),(3399,'FIT (CETICO)'),(2116,'FJ CRUISER'),(1424,'FK 615'),(1464,'FK 615'),(1425,'FK 750'),(1465,'FK 750'),(2345,'FL'),(3165,'FL'),(2348,'FL-10'),(3166,'FL-112'),(2349,'FL-12'),(2346,'FL-6'),(2347,'FL-7'),(3167,'FL-80'),(3168,'FLA'),(3169,'FLA-8664'),(3170,'FLA-9664'),(3171,'FLB'),(3172,'FLB-9064'),(3173,'FLB-9664'),(3174,'FLC'),(3175,'FLC-112'),(3176,'FLC-120'),(3177,'FLC-12064T'),(3178,'FLD'),(3179,'FLD-112'),(3180,'FLD-11264ST'),(3181,'FLD-120'),(550,'FLEETLINE'),(354,'FLEETWOOD'),(3306,'FLORID'),(1815,'FLORIDE'),(3182,'FLT'),(3183,'FLT-6342T'),(3184,'FLT-6364T'),(3185,'FLT-8664T'),(1816,'FLUENCE'),(1426,'FM'),(1466,'FM'),(2350,'FM'),(3366,'FM'),(2351,'FM-10'),(2352,'FM-12'),(2353,'FM-400'),(3367,'FM26'),(2354,'FMX'),(3022,'FOCUS'),(773,'FOISON'),(2037,'FORENZA'),(1996,'FORESTER'),(3138,'FORLAND'),(3106,'FORLAND 3800'),(3107,'FORLAND 6 TON'),(3108,'FORLAND 8 TON'),(703,'FORMA'),(2038,'FORSA'),(2117,'FORTUNER'),(745,'FORWARD'),(2246,'FOX'),(1930,'FR-S'),(3368,'FR60'),(451,'FREEDOM'),(452,'FREEDOM DOUBLE CABIN'),(453,'FREEDOM MINITRUCK'),(454,'FREEDOM SINGLE CABIN'),(738,'FREELANDER'),(3338,'FREEMA'),(3339,'FREEMA H2'),(3023,'FREESTAR'),(3024,'FREESTYLE'),(2039,'FRONTE'),(1667,'FRONTERA'),(1569,'FRONTIER'),(3640,'FRR'),(313,'FRV'),(3369,'FS'),(2355,'FS-7'),(2564,'FSO'),(551,'FSR'),(3340,'FSTAR'),(314,'FSV'),(3026,'FT-7000'),(3027,'FT-900'),(1427,'FTO'),(552,'FTR'),(3643,'FTS'),(2595,'FTT-CF85'),(1817,'FUEGO'),(470,'FULWIN'),(2118,'FUNCARGO'),(1730,'FURY'),(3028,'FUSION'),(1428,'FUSO'),(2808,'FV70'),(553,'FVR'),(3645,'FVY'),(3646,'FVZ'),(3535,'FX35'),(3536,'FX45'),(3647,'FY'),(3648,'FYH'),(3649,'FYJ'),(1154,'G 300'),(1155,'G 350'),(1156,'G 500'),(1157,'G 63 AMG'),(1158,'G 65 AMG'),(3537,'G SEDAN'),(3248,'G-15'),(3249,'G-20'),(1159,'G-CLASS'),(3538,'G20'),(339,'G3'),(3539,'G35'),(1895,'G380'),(1896,'G410'),(1897,'G420'),(1898,'G460'),(3284,'GA6380'),(3285,'GA6460'),(1899,'GABRIELA'),(2119,'GAIA'),(1818,'GALA'),(1429,'GALANT'),(1430,'GALANT (CETICO)'),(1431,'GALAXI'),(3029,'GALAXIE'),(41,'GALAXY'),(719,'GALLARDO'),(3445,'GALLOPER'),(2565,'GARBAGE PRESS PACK'),(1819,'GBH-280'),(1160,'GE 280'),(3650,'GEMINI'),(3250,'GENERAL'),(3446,'GENESIS'),(857,'GENIO'),(2566,'GENTRA'),(554,'GEO'),(3447,'GETZ'),(3370,'GH'),(3371,'GH17'),(101,'GIULIA SUPER'),(102,'GIULIETTA'),(1997,'GL'),(1161,'GL 350'),(1162,'GL 450'),(1163,'GL 500'),(1164,'GL 63 AMG'),(1165,'GL-CLASS'),(1166,'GLA 200'),(1167,'GLA 220'),(1168,'GLA 250'),(1169,'GLA 45 AMG'),(1170,'GLA-CLASS'),(930,'GLC'),(340,'GLI'),(1171,'GLK 200'),(1172,'GLK 220'),(1173,'GLK 250'),(1174,'GLK 350'),(1175,'GLK-CLASS'),(2356,'GLOBETROTTER'),(1570,'GLORIA'),(2750,'GLORY'),(2247,'GOL'),(2248,'GOLF'),(2249,'GOLF GTI TURBO'),(3448,'GRACE'),(874,'GRAN VIALE'),(1432,'GRANADA'),(1748,'GRAND AM'),(3529,'GRAND BUFFALO'),(2482,'GRAND CARAVAN'),(3794,'GRAND CHEROKEE'),(2120,'GRAND HIACE'),(1750,'GRAND LEMANS'),(1277,'GRAND MARQUIS'),(2610,'GRAND MOVE'),(2040,'GRAND NOMADE'),(1749,'GRAND PRIX'),(1820,'GRAND SCENIC'),(555,'GRAND VITARA'),(1731,'GRAND VOYAGER'),(3795,'GRAND WAGONEER'),(2882,'GRANDE PUNTO'),(3449,'GRANDEUR'),(1433,'GRANDIS'),(2436,'GRANDTIGER'),(1751,'GRANDTORINO'),(808,'GRANITE ELITE'),(704,'GRANTA'),(3607,'GRUMMAN'),(755,'GS'),(2537,'GSA'),(103,'GT'),(3372,'GT'),(163,'GT 855-363'),(2121,'GT 86'),(1571,'GT-R'),(1790,'GT3'),(104,'GTV'),(809,'GU-813'),(3238,'GUILIETTA'),(3307,'GWPERI'),(756,'GX'),(3199,'GX2'),(3286,'GX6'),(3200,'GX7'),(2662,'GZ-6701'),(2661,'GZ-6750E'),(3450,'H-1'),(3451,'H-100'),(3452,'H-250'),(3453,'H-350'),(3425,'H1'),(3341,'H11'),(3343,'H1830F'),(3342,'H2'),(315,'H220'),(316,'H230'),(3824,'H2L'),(3308,'H3'),(2751,'H30'),(3309,'H5'),(317,'H530'),(3310,'H6'),(3344,'H6129'),(3345,'H6796'),(3346,'H6896'),(3825,'HAISE'),(3826,'HAMMERHEAD'),(2122,'HARRIER G'),(3608,'HARVESTER'),(3311,'HAVAL'),(114,'HAWK'),(3454,'HB 20'),(3455,'HD 1000'),(3456,'HD 120'),(3457,'HD 160'),(3458,'HD 170'),(3459,'HD 210'),(3460,'HD 250'),(3461,'HD 270'),(3462,'HD 370'),(3463,'HD 45'),(3464,'HD 65'),(3465,'HD 700'),(3466,'HD 72'),(3467,'HD 75'),(3468,'HD 78'),(324,'HEARSE'),(380,'HEAVY DUMP TRUCK 6X4'),(381,'HEAVY DUMP TRUCK 8X4'),(382,'HEAVY TRUCK TRACTOR 4X2'),(383,'HEAVY TRUCK TRACTOR 6X2'),(384,'HEAVY TRUCK TRACTOR 6X4'),(3728,'HEYUE'),(3729,'HFC 1020'),(3730,'HFC 1023'),(3731,'HFC 1030K'),(3732,'HFC 1035'),(3733,'HFC 1040'),(3734,'HFC 1042'),(3735,'HFC 1043'),(3736,'HFC 1045K2'),(3737,'HFC 1048K'),(3738,'HFC 1055'),(3739,'HFC 1061'),(3740,'HFC 1063'),(3741,'HFC 1083'),(3742,'HFC 1131KR1'),(3743,'HFC 1134KR1'),(3744,'HFC 1312K4R1'),(3745,'HFC 3048K'),(3746,'HFC 3072K'),(3747,'HFC 3090'),(3748,'HFC 4251'),(3749,'HFC 4253'),(3750,'HFC 6591 (SUNRAY)'),(3751,'HFC 6730'),(3752,'HFC 6738'),(3753,'HFC 6750'),(3754,'HFC 6880'),(3755,'HFC 6900'),(556,'HHR'),(2123,'HI ACE'),(2611,'HI JET'),(126,'HI TOPIC'),(3705,'HI WAY'),(2124,'HIGHLANDER'),(2125,'HIGHLANDER HYBRID'),(2484,'HILLMAN'),(2126,'HILUX'),(3756,'HK 6700'),(3757,'HK 6730'),(3758,'HK 6738'),(3759,'HK 6750'),(3760,'HK 6818K'),(3761,'HK 6920 G'),(3871,'HKL6540'),(3872,'HKL6600'),(385,'HN 3500 MINING DUMP TRUCK 6X4'),(386,'HN 3501 MINING GAS DUMPER 6X4'),(387,'HN 3600 MINING DUMP TRUCK 6X4'),(388,'HN 3601 MINING GAS SIDE DUMP TRUCK 6X4'),(389,'HN 3602 COAL MINING DUMP TRUCK'),(1719,'HOGGAR'),(1956,'HOKA'),(3651,'HOMBRE'),(1572,'HOMY'),(2809,'HONGQI HQ 300'),(423,'HONOR'),(3401,'HORIZON'),(2485,'HORNET'),(3312,'HOVER'),(1957,'HOWO'),(3201,'HQ'),(3402,'HRV'),(2430,'HUNTER'),(720,'HURACAN'),(3428,'HX'),(2396,'HXK1021'),(2397,'HXK103'),(2398,'HXK1031'),(2399,'HXK1041'),(2400,'HXK2021CJ'),(2401,'HXK6490'),(3652,'I MARK'),(3469,'i10'),(3470,'i20'),(286,'i3'),(3471,'i30'),(3472,'i40'),(287,'i8'),(1939,'IBIZA'),(1940,'IBIZA CUPRA'),(1941,'IBIZA FR'),(2538,'ID-19 BERLINA'),(2883,'IDEA'),(2923,'IDEA'),(875,'IDEALE'),(449,'IDEALII'),(3873,'IFLY'),(3913,'IFLY'),(2042,'IGNIS'),(557,'IMPALA'),(558,'IMPALA CONVERTIBLE'),(1998,'IMPREZA'),(1999,'IMPREZA 2.0I-S CVT LIMITED'),(2000,'IMPREZA 2.0L 4D GL AT'),(2001,'IMPREZA CS EXTRA'),(2002,'IMPREZA GT'),(2003,'IMPREZA STI'),(2004,'IMPREZA TURBO'),(2005,'IMPREZA WRX'),(2006,'IMPREZA WRX STI'),(2007,'IMPREZA WRX TURBO'),(3653,'IMPULSE'),(226,'INCAPOWER'),(424,'INCAPOWER CITIZEN'),(3403,'INSIGHT'),(3404,'INSPIRE'),(16,'INTEGRA'),(1176,'INTOURO'),(2486,'INTREPID'),(1434,'IO GRANADA'),(559,'IPANEMA'),(2127,'IPSUM'),(1931,'IQ'),(757,'IS'),(2128,'ISIS'),(721,'ISLERO'),(2129,'IST'),(1978,'ISTANA'),(2884,'IVECO'),(2924,'IVECO'),(3473,'ix 20'),(3540,'J 30'),(3796,'J-10'),(3797,'J-12'),(3798,'J-20'),(3799,'J-200'),(3800,'J-4000'),(3032,'J-80'),(2642,'J15-80'),(3762,'J2'),(1752,'J2000'),(1762,'J2000'),(3763,'J3'),(3764,'J3 CROSS'),(2810,'J5'),(3765,'J5'),(2811,'J6'),(3766,'J6'),(3767,'J7'),(722,'JALPA'),(723,'JARAMA'),(3406,'JAZZ'),(127,'JEEP ASIA'),(3609,'JEEP-SCOUT'),(3801,'JEEPSTER'),(2250,'JETTA'),(3251,'JIMMY'),(2043,'JIMNY'),(318,'JINBEI'),(2752,'JING YI'),(3802,'JK-8'),(2643,'JNL710'),(2516,'JNQ6670'),(2517,'JNQ6701'),(2518,'JNQ6900'),(1347,'JOHN COOPER WORKS'),(193,'JOURNEY'),(2702,'JOURNEY'),(3654,'JOURNEY'),(194,'JOURWAY'),(2753,'JOYEAR'),(1573,'JUKE'),(1900,'JUM BUSS'),(2539,'JUMPER'),(1574,'JUNIOR'),(105,'JUNIOR GT '),(3320,'JUNYI'),(2008,'JUSTY'),(3858,'JX'),(3898,'JX'),(3777,'JX 8'),(1901,'K'),(2754,'K-01'),(2755,'K-02'),(2756,'K-05'),(2757,'K-07'),(2758,'K-07II'),(560,'K-1500'),(2251,'K-70'),(3139,'K1'),(1902,'K124'),(3110,'K2-2TN K2-2T'),(1903,'K380'),(3033,'KA'),(561,'KADETT'),(3803,'KAISER'),(705,'KALINA'),(2567,'KALOS'),(1821,'KANGOO'),(1669,'KAPITAN'),(2253,'KARMANN GHIA'),(3373,'KB'),(3655,'KB'),(1575,'KC-BGD21'),(2644,'KD-510'),(2645,'KD-521'),(2044,'KEI'),(203,'KENBO S2'),(204,'KENBO S3'),(1822,'KERAX'),(2646,'KING'),(621,'KINGO'),(2760,'KINGRUN 15'),(2761,'KINGRUN 17'),(2762,'KINGRUN 20'),(2763,'KINGRUN 20C'),(2764,'KINGRUN 33'),(622,'KINGWEI'),(2759,'KINLAND'),(1576,'KIX'),(2045,'KIZASHI'),(3374,'KM'),(190,'KM64W'),(227,'KNIGHT'),(562,'KODIAK'),(1823,'KOLEOS'),(128,'KOMBI'),(855,'KOMODO'),(1979,'KORANDO'),(1980,'KORANDO SPORTS'),(3949,'KOUP'),(3656,'KS'),(1981,'KYRON'),(2252,'KÄFER (ESCARABAJO)'),(1904,'L'),(1435,'L 100'),(1436,'L 200'),(1437,'L 300'),(2647,'L-510'),(2648,'L-520'),(2649,'L-521'),(2650,'L-620'),(2651,'L-710'),(3034,'L-8000'),(3035,'L-900'),(3657,'L310'),(1577,'L80'),(3036,'L9000'),(1905,'LA'),(2569,'LABO'),(2570,'LACETTI'),(325,'LACROSSE'),(1578,'LAFESTA'),(1824,'LAGUNA'),(1438,'LANCER'),(1478,'LANCER'),(2703,'LANCER'),(1439,'LANCER (CETICO)'),(1440,'LANCER EVOLUTION'),(106,'LANCIA'),(2487,'LANCIA DELTA'),(2130,'LAND CRUISER'),(2132,'LAND CRUISER 200'),(2131,'LAND CRUISER PRADO'),(2133,'LAND ROVER'),(2437,'LANDMARK'),(3859,'LANDWIND'),(3899,'LANDWIND'),(2046,'LANDY'),(1579,'LANGLEY'),(2571,'LANOS'),(931,'LANTIS'),(3804,'LAREDO'),(1580,'LARGO'),(706,'LARGUS'),(1733,'LASER'),(3037,'LASER'),(1581,'LAUREL'),(1906,'LB'),(1907,'LC'),(3202,'LC'),(3203,'LC CROSS'),(2489,'LE BARON'),(2488,'LE BARON GTC CONVERTIBLE'),(326,'LE SABRE'),(2704,'LEBARON'),(2009,'LEGACY'),(2572,'LEGANZA'),(38,'LEGEND'),(1441,'LEGNUM'),(1753,'LEMANS'),(1942,'LEON'),(1943,'LEON CUPRA'),(1944,'LEON FR'),(2010,'LEONE'),(932,'LEVANTE'),(2134,'LEVIN'),(2135,'LEXUS'),(2596,'LF'),(774,'LF 1022'),(775,'LF 1025'),(776,'LF 7132'),(758,'LF-A'),(759,'LF-LC'),(760,'LF-NX'),(2653,'LG-720'),(2490,'LHS'),(2047,'LIANA'),(1442,'LIBERO'),(1482,'LIBERO'),(3474,'LIBERO'),(1582,'LIBERTA'),(1583,'LIBERTY'),(3805,'LIBERTY'),(3375,'LIESSE II'),(3408,'LIFE '),(129,'LIFESTAR'),(390,'LIGHTWEIGHT CARGO TRUCK 4X2'),(391,'LIGHTWEIGHT CARGO TRUCK 8X4'),(392,'LIGHTWEIGHT CARGO VAN 6X2'),(393,'LIGHTWEIGHT TRACTOR 4X2'),(394,'LIGHTWEIGHT TRACTOR 6X2'),(395,'LIGHTWEIGHT TRACTOR 6X4'),(164,'LIMOUSINE'),(3038,'LINCOLN'),(2885,'LINEA'),(2925,'LINEA'),(863,'LION\'S CITY'),(864,'LION\'S COACH'),(865,'LION\'S REGIO'),(2136,'LITE ACE'),(3827,'LITE VAN'),(810,'LJT'),(1908,'LK'),(1909,'LKT'),(724,'LM002'),(3039,'LN-8000'),(396,'LNG DUMP TRUCK 8X4'),(397,'LNG TRACTOR TRUCK 4X2'),(398,'LNG TRACTOR TRUCK 6X4'),(3040,'LNT-8000'),(3041,'LNT-9000'),(1177,'LO 608'),(1178,'LO 708'),(1179,'LO 814'),(1180,'LO 914'),(1181,'LO 915'),(3610,'LOADSTAR'),(3321,'LOBO'),(1825,'LOGAN'),(3409,'LOGO'),(3042,'LOUISVILLE'),(2011,'LOYALE'),(739,'LR2'),(740,'LR4'),(761,'LS'),(782,'LS'),(1910,'LS'),(1911,'LST'),(1912,'LT'),(1987,'LT-501'),(1988,'LT-9500'),(1989,'LT-9511'),(3043,'LTA 9000'),(3044,'LTD'),(3045,'LTL-9000'),(3046,'LTLA-9000'),(2574,'LUBLIN'),(933,'LUCE'),(2137,'LUCIDA'),(1584,'LUCINO'),(564,'LUMINA'),(2255,'LUPO'),(565,'LUV'),(107,'LUXURY'),(3322,'LUZUN'),(762,'LX'),(1278,'LYNX'),(1318,'LYNX'),(115,'LYNX BS II'),(458,'LZ3121LAH'),(459,'LZ3122LAH'),(460,'LZ6431BQBE'),(289,'M'),(1585,'M 110-14'),(1586,'M 140'),(1182,'M 250'),(1183,'M 350'),(1184,'M 500'),(1185,'M 63 AMG'),(1279,'M-100'),(1319,'M-100'),(811,'M-123'),(812,'M-123'),(1280,'M-350'),(1320,'M-350'),(1186,'M-CLASS'),(290,'M1'),(3186,'M1'),(3288,'M1'),(3187,'M2'),(205,'M20'),(291,'M3'),(292,'M4'),(3313,'M4'),(293,'M5'),(130,'M6'),(294,'M6'),(42,'MA'),(1791,'MACAN'),(3706,'MAGIRUS'),(2705,'MAGNUM'),(2575,'MAGNUS'),(3874,'MAJESTIC'),(3914,'MAJESTIC'),(567,'MALIBU'),(43,'MAM'),(1670,'MANTA'),(1281,'MARAUDER'),(1587,'MARCH'),(1913,'MARCOPOLO'),(2886,'MAREA'),(2926,'MAREA'),(1282,'MARINER'),(2138,'MARINO'),(2139,'MARK II'),(791,'MARK IX'),(788,'MARK LT'),(789,'MARK VII'),(790,'MARK VIII'),(2140,'MARK X'),(2048,'MARUTI'),(44,'MAS'),(1826,'MASTER'),(2049,'MASTERVAN'),(2576,'MATIZ'),(566,'MATIZ (M200)'),(707,'MATRIUSKA'),(2141,'MATRIX'),(46,'MAV 800'),(3047,'MAVERICK'),(1588,'MAXIMA'),(1187,'MB '),(3188,'MB-80'),(1515,'MD'),(37,'MDX'),(1827,'MEDALLION'),(3828,'MEDIUMDUMP'),(1828,'MEGANE'),(1829,'MEGANE II'),(3048,'MERCURY'),(1671,'MERIVA'),(3049,'MERKUR XR4'),(568,'METRO'),(3531,'METRO DIESEL'),(3532,'METRO GAS'),(131,'METROPOLITANA'),(1443,'MF'),(1483,'MF'),(1444,'MF 100'),(1484,'MF 100'),(813,'MH 600'),(814,'MH 612'),(815,'MH 613'),(816,'MH 633'),(817,'MH ULTRA LINER'),(934,'MIATA'),(1589,'MICRA'),(818,'MID LINER'),(3140,'MIDI'),(1830,'MIDLUM'),(1445,'MIGHTY'),(3476,'MIGHTY'),(1283,'MILAN'),(1323,'MILAN'),(935,'MILLENIA'),(47,'MILLENIUM'),(357,'MILLER'),(777,'MINI TRUCK'),(3290,'MINI VAN'),(2491,'MINIBUS'),(1446,'MINICA'),(1447,'MINICAB'),(425,'MINICARGO'),(3829,'MINIDUMP'),(455,'MINITRUCK'),(426,'MINIVAN'),(3351,'MINX'),(3323,'MINYI'),(2612,'MIRA'),(1448,'MIRAGE'),(1590,'MISTRAL'),(108,'MITO'),(725,'MIURA'),(399,'MIXER TRUCK'),(3204,'MK'),(783,'MKC'),(784,'MKS'),(785,'MKT'),(786,'MKX'),(787,'MKZ'),(1188,'ML'),(1189,'ML 250'),(1190,'ML 350'),(1191,'ML 500'),(1192,'ML 55 AMG'),(1193,'ML 63 AMG'),(856,'MM-540 DP'),(2402,'MOCHE'),(48,'MODASA'),(2706,'MONACO'),(1284,'MONARCH'),(3050,'MONDEO'),(569,'MONTANA'),(570,'MONTECARLO'),(1285,'MONTEREY'),(1325,'MONTEREY'),(1449,'MONTERO'),(1450,'MONTERO SPORT'),(571,'MONZA'),(1286,'MOUNTAINEER'),(572,'MOVE'),(2613,'MOVE'),(876,'MP 100'),(877,'MP 115'),(878,'MP 120'),(936,'MPV'),(3141,'MPX'),(3205,'MR'),(2050,'MR WAGON'),(819,'MR-688'),(820,'MR-690'),(2142,'MR2'),(821,'MRU 613 E'),(1451,'MS'),(1491,'MS'),(822,'MS-200'),(3189,'MT-45'),(3659,'MU'),(2887,'MULTIPLA'),(2256,'MULTIVAN'),(1591,'MURANO'),(726,'MURCIELAGO'),(1982,'MUSSO'),(2577,'MUSSO'),(3051,'MUSTANG'),(573,'MW'),(1592,'MW40'),(1492,'MX'),(937,'MX 3'),(938,'MX 5'),(939,'MX-6'),(3660,'MYSTERIOUS UTILITY'),(1287,'MYSTIQUE'),(1914,'N'),(2358,'N'),(2360,'N-10'),(2361,'N-12'),(2359,'N-7'),(2362,'N-88'),(3611,'N12'),(3612,'N14'),(574,'N200'),(575,'N300'),(3860,'N350'),(3900,'N350'),(2812,'N5'),(3861,'N900'),(3901,'N900'),(2143,'NADIA'),(1493,'NATIVA'),(940,'NAVAJO'),(1593,'NAVARA'),(792,'NAVIGATOR'),(3613,'NAVISTAR'),(2540,'NEMO'),(1734,'NEON'),(1831,'NEVADA'),(132,'NEVADA 2.0 I'),(3478,'NEW ACCENT'),(576,'NEW AVEO'),(2257,'NEW BEETLE'),(577,'NEW CAPTIVA'),(3806,'NEW CHEROKEE SPORT'),(3479,'NEW ELANTRA'),(3480,'NEW EON'),(3291,'NEW FAN'),(2431,'NEW HUNTER'),(3481,'NEW I30'),(1945,'NEW IBIZA'),(1983,'NEW KYRON'),(1494,'NEW L200'),(1495,'NEW MIRAGE'),(578,'NEW SAIL'),(3482,'NEW SONATA'),(471,'NEW TIGGO'),(3483,'NEW TUCSON'),(427,'NEW VAN'),(2012,'NEW WRX'),(2013,'NEW XV'),(2493,'NEW YORK'),(2494,'NEW YORKER'),(2578,'NEXIA'),(2363,'NH'),(2364,'NH-12'),(2365,'NH-16'),(823,'NH-613'),(3661,'NHR'),(1655,'NINETY EIGHT REGENCY'),(2708,'NITRO'),(708,'NIVA'),(2405,'NJ-1020DF'),(2406,'NJ-1020DFC'),(2407,'NJ-1028DB'),(2408,'NJ-1028DBC'),(2409,'NJ-1042DA'),(2410,'NJ-1042MDF3'),(2411,'NJ-1050HDF3'),(2412,'NJ-1050HDFL3'),(2413,'NJ-1061'),(2414,'NJ-1062DA'),(2415,'NJ-1062DAC'),(2416,'NJ-1062DAL'),(2417,'NJ-1063DAW'),(2418,'NJ-1120DYW3'),(2419,'NJ-3250'),(2420,'NJ-4180'),(2421,'NJ-4250'),(2422,'NJ-612'),(2423,'NJ-712'),(579,'NKR'),(3662,'NKR'),(3863,'NKR'),(3903,'NKR'),(2366,'NL'),(2367,'NL-10'),(2368,'NL-12'),(3663,'NLR'),(3664,'NMR'),(2144,'NOAH'),(2432,'NOMAD'),(2433,'NOMADA'),(2051,'NOMADE'),(3533,'NORTH BENZ (VOLQUETE)'),(1594,'NOTE'),(580,'NOVA'),(2579,'NOVUS'),(1595,'NP 300'),(581,'NPR'),(3666,'NPS'),(3667,'NQR'),(3668,'NRR'),(165,'NSU'),(1596,'NSX'),(3410,'NSX'),(1915,'NT-110'),(2580,'NUBIRA'),(1832,'NUEVO CLIO'),(1597,'NV 200'),(1598,'NV 350 URVAN'),(1599,'NVU'),(1600,'NX'),(2391,'NXG3251D3KC'),(2392,'NXG5160CSY3'),(1194,'O 364'),(1195,'O 371'),(1196,'O 400'),(1197,'O 500'),(1198,'OC 1214'),(1962,'OCTAVIA'),(3411,'ODYSSEY'),(1199,'OF 1115'),(1200,'OF 1214'),(1201,'OF 1318'),(1202,'OF 1418'),(1203,'OF 1618'),(1204,'OF 1620'),(1205,'OF 1721'),(1206,'OF 1722'),(1207,'OF 1730'),(1208,'OH'),(1209,'OH 1318/51'),(1210,'OH 1420'),(1211,'OH 1621'),(1212,'OH 1622'),(1213,'OH 1628'),(2765,'OLIMPIC'),(3142,'OLLIN'),(3143,'OLLIN BJ-1039'),(1214,'OM'),(1656,'OMEGA'),(2709,'OMNI'),(582,'OPALA'),(583,'OPTRA'),(3052,'ORION'),(584,'ORLANDO'),(3412,'ORTHIA'),(2014,'OUTBACK'),(1496,'OUTLANDER'),(1916,'P'),(2369,'P-20'),(2710,'P-300'),(1917,'P1138X4'),(133,'P113H'),(1918,'P310'),(1919,'P360'),(1920,'P380'),(1921,'P420'),(1922,'P460'),(1348,'PACEMAN'),(2495,'PACIFICA'),(2496,'PACIFICA TOURING'),(1497,'PAJERO'),(2888,'PALIO'),(2928,'PALIO'),(1792,'PANAMERA'),(2889,'PANDA'),(2890,'PANORAMA'),(3868,'PARACAS'),(879,'PARADISO'),(2258,'PARATI'),(1755,'PARISIENNE'),(327,'PARK AVENUE'),(1288,'PARK LANE'),(941,'PARKWAY'),(1720,'PARTNER'),(2145,'PASEO'),(2259,'PASSAT'),(623,'PASSENGER MINI VAN'),(2146,'PASSO'),(3414,'PASSPORT'),(1601,'PATHFINDER'),(3807,'PATRIOT'),(1602,'PATROL'),(3614,'PAYSTAR'),(3314,'PERI'),(942,'PERSONA'),(1216,'PH-12-M/OF-1318'),(1215,'PH-50'),(2260,'PHAETON'),(49,'PHASER'),(3669,'PIAZZA'),(428,'PICK UP'),(2497,'PICK UP'),(2711,'PICK UP'),(2654,'PICK-UP'),(858,'PIK UP'),(3415,'PILOT'),(2891,'PININFARINA'),(824,'PINNACLE'),(3053,'PINTO'),(1603,'PK 220'),(1604,'PKB 210'),(1605,'PLATINA'),(2147,'PLATZ'),(2015,'PLEO'),(2498,'PLYMOUTH'),(2261,'POINTER'),(2712,'POLARA'),(2262,'POLO'),(2892,'POLSKI'),(3484,'PONY'),(2148,'PORTE'),(3485,'PORTER'),(3707,'POWER DAILY'),(2499,'POWER WAGON'),(3708,'POWERSTAR'),(2149,'PRADO'),(1606,'PRAIRIE'),(1963,'PRAKTIK'),(1498,'PRECIS'),(3416,'PRELUDE'),(943,'PREMACY'),(2778,'PREMIER'),(2150,'PREMIO'),(2933,'PREMIO'),(1833,'PREMIUM'),(1217,'PREMIUM 360'),(1607,'PRESAGE'),(1608,'PRESEA'),(3486,'PRESTO (EXCEL)'),(2151,'PREVIA'),(1609,'PRIMERA'),(2581,'PRINCE'),(709,'PRIORA'),(2152,'PRIUS'),(3212,'PRIZM'),(3055,'PROBE'),(2153,'PROBOX'),(944,'PROCEED'),(3615,'PROSTAR'),(946,'PROTEGE'),(2500,'PT CRUISER'),(1610,'PULSAR'),(2263,'PUMA'),(408,'PUMP TRUCK'),(2894,'PUNTO'),(2614,'PYZAR'),(472,'Q22'),(166,'Q3'),(3541,'Q45'),(167,'Q5'),(3542,'Q50'),(3543,'Q60'),(168,'Q7'),(3544,'Q70'),(1611,'QASHQAI'),(473,'QQ'),(2264,'QUANTUM'),(169,'QUATRO N'),(1612,'QUEST'),(3545,'QX50'),(3546,'QX60'),(3547,'QX70'),(3548,'QX80'),(1924,'R'),(3056,'R-100'),(1838,'R-310'),(825,'R-400'),(826,'R-600'),(827,'R-607RST'),(828,'R-68'),(829,'R-686'),(830,'R-688'),(831,'R-690'),(832,'R-700'),(833,'R-767'),(1218,'R-CLASS'),(1834,'R10'),(295,'R100'),(1835,'R11'),(1836,'R12'),(1837,'R19'),(1839,'R5'),(1973,'R51'),(170,'R8'),(1974,'R80'),(1840,'R9'),(2265,'RABBIT'),(2582,'RACER'),(2154,'RACTIS X'),(710,'RAF'),(3417,'RAFAGA'),(1499,'RAIDER'),(2714,'RAIDER'),(3376,'RAINBOW'),(3252,'RALLY'),(2501,'RAM'),(2715,'RAM'),(741,'RANGE ROVER'),(1613,'RANGER'),(1964,'RAPID'),(2155,'RAUM'),(2156,'RAV-4'),(834,'RB'),(3487,'RB-520'),(763,'RC'),(1721,'RCZ'),(835,'RD-686SX'),(836,'RD-688'),(837,'RD-688'),(3670,'REACH VAN'),(3768,'REFINE'),(328,'REGAL'),(2895,'REGATA'),(1657,'REGENCY'),(1614,'REGULUS'),(3769,'REIN'),(1673,'REKORD'),(1735,'RELIANT'),(1513,'REMOLQUE'),(329,'RENDEZVOUS'),(3808,'RENEGADE'),(2052,'RENO'),(727,'REVENTON'),(3671,'REWARD'),(3672,'REWARD 300'),(1984,'REXTON'),(2583,'REZZO'),(838,'RG-800'),(839,'RG-888'),(2425,'RICH'),(3418,'RIDGELINE'),(2896,'RITMO'),(330,'RIVERA'),(3378,'RK'),(2519,'RMB6701'),(331,'ROADMASTER'),(947,'ROADSTER'),(2615,'ROCKY'),(134,'ROCSTA'),(585,'RODEO'),(3673,'RODEO'),(1985,'RODIUS'),(1615,'ROGUE'),(1965,'ROOMSTER'),(1500,'ROSA'),(2266,'ROUTAN'),(793,'ROYALE'),(171,'RS3'),(172,'RS4'),(173,'RS5'),(174,'RS6'),(175,'RS8'),(86,'RSX'),(3253,'RTS 7000'),(2403,'RUDA'),(3324,'RUIYI'),(2157,'RUNNER'),(3325,'RUSH'),(1501,'RVR'),(840,'RW'),(764,'RX'),(948,'RX7'),(949,'RX8'),(474,'S 21'),(475,'S 22'),(1219,'S 280'),(1220,'S 300'),(1221,'S 320'),(1222,'S 350'),(1223,'S 400 HYBRID'),(1224,'S 404'),(1225,'S 420'),(1226,'S 430'),(1227,'S 500'),(1228,'S 600'),(1229,'S 63 AMG'),(1230,'S 65 AMG'),(3058,'S MAX'),(586,'S-10'),(3254,'S-15'),(2370,'S-40'),(2371,'S-60'),(191,'S-64 TB'),(2372,'S-70'),(2373,'S-80'),(2813,'S-80'),(2374,'S-90'),(1231,'S-CLASS'),(2053,'S-CROSS'),(746,'S-DRIVE'),(3778,'S-TYPE'),(3770,'S1'),(429,'S100'),(176,'S2'),(3771,'S2'),(3419,'S2000'),(177,'S3'),(341,'S3'),(2767,'S30'),(430,'S300'),(178,'S4'),(179,'S5'),(3772,'S5'),(180,'S6'),(342,'S6'),(181,'S8'),(1289,'SABLE'),(3292,'SABOO'),(1616,'SAFARI'),(3315,'SAFE'),(2158,'SAFRANE'),(3326,'SAIBAO'),(587,'SAIL'),(3327,'SAIMA'),(711,'SAMARA'),(2016,'SAMBAR'),(2054,'SAMURAI'),(2159,'SAMURAI'),(1841,'SANDERO'),(3488,'SANTA FE'),(3489,'SANTAMO'),(742,'SANTANA'),(1502,'SAPPORO'),(2375,'SATECI NOVARA'),(1737,'SATELLITE'),(588,'SATURN'),(3256,'SAVANA'),(2268,'SAVEIRO'),(2541,'SAXO'),(765,'SC'),(431,'SC1021CD1'),(432,'SC1022D7'),(433,'SC1026S1'),(434,'SC1040D'),(435,'SC1050KD1'),(3207,'SC5'),(3208,'SC6'),(436,'SC6360F'),(437,'SC6443'),(438,'SC6726C'),(439,'SC6821'),(3209,'SC7'),(440,'SC7133'),(135,'SCANIA'),(2502,'SCD'),(1842,'SCENIC'),(3060,'SCHOOL'),(3257,'SCHOOL'),(589,'SCHOOL BUS'),(2269,'SCIROCCO'),(859,'SCORPIO'),(3490,'SCOUPE'),(3616,'SCOUT II'),(441,'SD1030D'),(442,'SD1040D'),(778,'SEASON'),(2503,'SEBRING'),(136,'SELECTA'),(3379,'SELEGA'),(1514,'SEMI-REMOLQUE'),(880,'SENIOR INTERPROVINCIAL'),(881,'SENIOR MIDI'),(882,'SENIOR URBANO'),(1617,'SENTRA'),(2160,'SEQUOIA'),(2161,'SERA'),(1618,'SERENA'),(728,'SESTO ELEMENTO'),(358,'SEVILLE'),(3380,'SG'),(400,'SH3250G4D DUMP TRUCK'),(401,'SH3310P34DLM DUMP TRUCK'),(402,'SH3310P38C3M DUMP TRUCK'),(403,'SH3320P39C3M DUMP TRUCK'),(404,'SH5253GSN CEMENT TRUCK'),(405,'SH5310GSN1 CEMENT TRUCK'),(406,'SH5323GJB MIXER TRUCK'),(407,'SH5382GJB MIXER TRUCK'),(2504,'SHADOW'),(2505,'SHADOW CONVERTIBLE'),(2270,'SHARAN 1.9 TD1'),(3061,'SHELBY'),(3420,'SHUTTLE'),(2055,'SIDEKICK'),(2898,'SIENA'),(2162,'SIENNA'),(3062,'SIERRA'),(1503,'SIGMA'),(729,'SILHOUETTE'),(590,'SILVERADO'),(1619,'SILVIA'),(2657,'SILVIA'),(2616,'SIRION'),(2814,'SIRIUS'),(476,'SKIN'),(2271,'SKODA'),(332,'SKYLARK'),(1620,'SKYLINE'),(3210,'SL'),(1232,'SL 260'),(1233,'SL 300'),(1234,'SL 320'),(1235,'SL 350'),(1236,'SL 500'),(1237,'SL 600'),(1238,'SL 63 AMG'),(1239,'SL 65 AMG'),(1240,'SL 65 AMG CONVERTIBLE'),(866,'SL-200'),(1241,'SLC 280'),(1242,'SLC 500'),(1243,'SLK 200'),(1244,'SLK 230'),(1245,'SLK 250'),(1246,'SLK 280'),(1247,'SLK 320'),(1248,'SLK 350'),(1249,'SLK 55 AMG'),(1250,'SLK 55 AMG CONVERTIBLE'),(1251,'SLS AMG'),(137,'SMITH'),(1925,'SN20.ST'),(3316,'SO COOL'),(2163,'SOARER'),(2768,'SOKON'),(1758,'SOLBIRD'),(2056,'SOLIO'),(1757,'SOLSTICE'),(2164,'SOLUNA'),(3491,'SONATA'),(591,'SONIC'),(3259,'SONOMA'),(612,'SOUL'),(333,'SOVEREIGN'),(1504,'SPACE WAGON'),(2272,'SPACEFOX'),(2165,'SPACIO'),(592,'SPARK'),(2166,'SPARKY'),(3773,'SPAZIO'),(613,'SPECTRA'),(593,'SPECTRUM'),(109,'SPIDER'),(2506,'SPIRIT'),(456,'SPLASH'),(319,'SPLENDOR'),(1738,'SPORT FURY'),(594,'SPORT MAN'),(614,'SPORTAGE'),(2718,'SPORTSMAN'),(595,'SPORTVAN'),(110,'SPRINT'),(1252,'SPRINTER'),(1505,'SPYDER'),(3063,'SQUIRE'),(867,'SR-280'),(2168,'SR5'),(1621,'SRV'),(360,'SRX'),(3381,'SS'),(2720,'ST REGIS'),(1622,'STAGEA'),(597,'STAKE'),(1623,'STANZA'),(2769,'STAR'),(443,'STAR 2'),(444,'STAR LIGHT 4500'),(445,'STAR TRUCK'),(3492,'STAREX'),(1506,'STARION'),(2169,'STARLET'),(3293,'STARRY'),(361,'STATESMAN'),(1986,'STAVIC'),(2721,'STEALTH'),(3493,'STELLAR'),(2507,'STELTH'),(598,'STEP VAN'),(3421,'STEP WAGON'),(1843,'STEPWAY'),(3064,'STERLING'),(2900,'STILO'),(2940,'STILO'),(195,'STJ6400A'),(2617,'STORIA'),(3214,'STORM'),(2170,'STOUT'),(3830,'STQ3129-7C9T'),(1507,'STRADA'),(3709,'STRALIS'),(2508,'STRATUS'),(3422,'STREAM'),(362,'STS'),(3674,'STYLUS'),(599,'SUBURBAN'),(2426,'SUCCE'),(2171,'SUCCEED'),(196,'SUGOI 8 SEAT'),(334,'SUMERSET'),(2779,'SUMMIT'),(1768,'SUNBIRD'),(1739,'SUNDANCE'),(1624,'SUNNY'),(2659,'SUNNY'),(1625,'SUNNY (CETICO)'),(3774,'SUNRAY'),(3144,'SUP'),(3494,'SUPER AEROCITY'),(2058,'SUPER CARRY'),(3382,'SUPER DOLPHIN'),(3065,'SUPER DUTY'),(841,'SUPER LINER'),(3495,'SUPER TURBO'),(1966,'SUPERB'),(446,'SUPERCARGO'),(447,'SUPERVAN'),(2172,'SUPRA'),(2273,'SURAN'),(2017,'SVX'),(2059,'SWIFT'),(2723,'SWINGER'),(1949,'SX'),(2060,'SX'),(2061,'SX4'),(1950,'SY1020'),(198,'SY1020DB3AJ'),(3831,'SY1021'),(3832,'SY1026'),(3833,'SY1030'),(3834,'SY1033DFH4'),(3835,'SY1040'),(3836,'SY1041'),(3837,'SY1043D4ES'),(3838,'SY1044'),(3839,'SY1062'),(3840,'SY1090DR1C'),(3841,'SY1090DRIC'),(3843,'SY1120'),(3842,'SY1120BRJ'),(3844,'SY1160BSJ'),(3845,'SY3030DL4H'),(3846,'SY3040'),(3847,'SY3090'),(1951,'SY6370'),(1952,'SY6390'),(1844,'SYMBOL'),(1926,'T'),(206,'T 205 D'),(2509,'T-2500'),(950,'T-3000'),(951,'T-3500'),(2510,'T-4000'),(2770,'T-LIFT'),(2274,'T5'),(2173,'TACOMA'),(2584,'TACUMA'),(2618,'TAFT'),(2438,'TAHOE'),(2275,'TAIGUN'),(2781,'TALON'),(1793,'TARGA'),(2276,'TARO'),(3066,'TAUNUS'),(3067,'TAURUS'),(2597,'TB2105DHT'),(1932,'TC'),(1253,'TE 300'),(1626,'TEANA'),(3710,'TECTOR'),(1769,'TEMPEST'),(3068,'TEMPO'),(2902,'TEMPRA'),(1722,'TEPEE'),(2376,'TERBERG'),(2174,'TERCEL'),(2619,'TERIOS'),(3496,'TERRACAN'),(3145,'TERRACOTA'),(3260,'TERRAIN'),(1627,'TERRANO'),(842,'TERRAPRO'),(3617,'TERRASTAR'),(2837,'TESTAROSSA'),(3675,'TF'),(2439,'TFR'),(868,'TGL'),(869,'TGM'),(870,'TGS'),(872,'TGX'),(860,'THAR'),(2440,'THOMAS'),(2404,'THUNDER'),(3069,'THUNDERBIRD'),(3497,'TIBURON'),(2585,'TICO'),(477,'TIGGO'),(2815,'TIGRE'),(2277,'TIGUAN'),(1628,'TIIDA'),(2441,'TILIMASTER'),(1629,'TINO'),(2903,'TIPO'),(3383,'TIPPER TRUCK'),(615,'TITAN'),(87,'TL'),(3677,'TLD'),(1631,'TLG-720'),(1845,'TLM 280'),(197,'TOKIMA'),(1946,'TOLEDO'),(953,'TONKA B-10'),(1290,'TOPAZ'),(138,'TOPIC'),(3262,'TOPKICK'),(1508,'TOPPO'),(883,'TORINO'),(954,'TORNADO'),(3423,'TORNEO'),(1659,'TORONADO'),(1770,'TORRENT'),(2586,'TOSCA'),(2278,'TOUAREG'),(2175,'TOURING HIACE'),(1255,'TOURISMO'),(1295,'TOURISMO'),(3618,'TOW TRUCK'),(2511,'TOWN & COUNTRY'),(2176,'TOWN ACE'),(794,'TOWN CAR'),(139,'TOWNER'),(2177,'TOYOACE'),(1291,'TRACER'),(3215,'TRACKER'),(3498,'TRACTOR TRUCK'),(618,'TRADE'),(3070,'TRADER'),(2724,'TRADESMAN'),(1846,'TRAFIC'),(2444,'TRAILBLAZER'),(3499,'TRAJET'),(3711,'TRAKKER'),(2512,'TRANDESMAN'),(1772,'TRANS AM'),(1771,'TRANS SPORT'),(3071,'TRANSIT'),(2279,'TRANSPORTER'),(3619,'TRANSTAR'),(1256,'TRAVEGO'),(3620,'TRAVELER'),(3621,'TRAVELETTE'),(2445,'TRAVERSE'),(2018,'TRAVIQ'),(2446,'TRAX'),(1509,'TREDIA'),(2019,'TRIBECA'),(955,'TRIBUTE'),(844,'TRIDENT'),(3500,'TRITON'),(1510,'TRITON (STRADA)'),(2447,'TROOPER'),(3678,'TROOPER'),(3294,'TROY 100'),(3295,'TROY 500'),(2660,'TRUCK'),(2178,'TRUENO'),(182,'TT'),(3501,'TUCSON'),(2179,'TUNDRA'),(3146,'TUNLAND'),(50,'TURISMO'),(3502,'TUSCANI'),(3679,'TX'),(3680,'TXD'),(1633,'U-41'),(3072,'U-50'),(845,'U-685T'),(846,'U-686ST'),(847,'U-700'),(1634,'UD'),(848,'ULTRALINER'),(2904,'ULYSSE'),(2944,'ULYSSE'),(1257,'UNIMOG'),(3503,'UNIVERSE'),(2905,'UNO'),(2945,'UNO'),(1258,'UR-416'),(1298,'UR-416'),(2180,'URBAN CRUISER'),(2378,'URBANUSS'),(730,'URRACO'),(1635,'URVAN'),(3712,'V 39.15'),(3713,'V 50.13'),(3714,'V 50.15'),(1636,'V-16'),(1259,'V-180'),(1299,'V-180'),(1260,'V-200'),(1300,'V-200'),(2771,'V-21'),(2772,'V-22'),(1261,'V-220'),(1301,'V-220'),(1262,'V-230'),(1302,'V-230'),(2773,'V-25'),(2774,'V-27'),(3681,'V-275'),(2775,'V-29'),(3682,'V-295'),(3683,'V-305'),(3684,'V-330'),(3685,'V-340'),(2379,'V-40'),(2380,'V-50'),(2381,'V-70'),(1263,'V-CLASS'),(1303,'V-CLASS'),(2816,'V2'),(320,'V5'),(478,'V5'),(2817,'V70'),(1927,'VABIS'),(2513,'VALIANT'),(448,'VAN'),(2448,'VAN'),(457,'VAN CARGO'),(2514,'VAN SPORT WAGON'),(2280,'VANAGON'),(3263,'VANDURA'),(1637,'VANETTE'),(2181,'VANGUARD'),(2281,'VARIANT'),(1264,'VARIO'),(1304,'VARIO'),(1674,'VECTRA'),(1265,'VEGUSTI'),(3504,'VELOSTER'),(731,'VENENO'),(619,'VENGA'),(2282,'VENTO'),(2450,'VENTURE'),(2182,'VENZA'),(3505,'VERACRUZ'),(956,'VERISA'),(3506,'VERNA'),(1638,'VERSA'),(3715,'VERTIS'),(884,'VIAGGIO'),(885,'VIALE'),(1266,'VIANO'),(1306,'VIANO'),(3810,'VIASA'),(1773,'VIBE'),(3147,'VIEW'),(39,'VIGOR'),(2451,'VIKING'),(1332,'VILLAGER'),(2183,'VIOS'),(2725,'VIPER'),(2542,'VISA'),(849,'VISION'),(2780,'VISION'),(1267,'VISION DIAMOND'),(2184,'VISTA'),(2818,'VITA'),(1675,'VITA SPORT'),(2062,'VITARA'),(2452,'VITARA'),(1268,'VITO'),(2185,'VITZ'),(2453,'VIVANT'),(2382,'VM'),(2383,'VNL'),(886,'VOLARE'),(3317,'VOLEEX'),(2283,'VOLKSBUS'),(2906,'VOLQUETE'),(2186,'VOXY'),(2284,'VOYAGE'),(1741,'VOYAGER'),(1309,'W 114'),(1270,'W 115'),(1271,'W 123'),(2726,'W-100'),(3264,'W-4500'),(3265,'W-5500'),(2727,'W-600'),(2454,'W4500'),(2782,'WAGON'),(2063,'WAGON R'),(3811,'WAGONEER'),(409,'WATER TRUCK'),(3296,'WAY'),(140,'WAYNE'),(2384,'WCA 64T'),(2285,'WESTFALIA (KOMBI)'),(3686,'WFR'),(2385,'WG 64T'),(3266,'WG42'),(2386,'WHITE'),(2387,'WIA'),(2187,'WILL'),(3812,'WILLYS'),(3073,'WINDSTAR'),(3318,'WINGLE'),(1639,'WINGROAD'),(2587,'WINSTORM'),(2188,'WISH'),(3687,'WIZARD'),(2286,'WORKER'),(3622,'WORKSTAR'),(1511,'WRANGLER'),(850,'WS'),(779,'X 60'),(1640,'X TERRA'),(752,'X-PEDITION'),(1641,'X-TRAIL'),(3783,'X-TYPE'),(296,'X1'),(479,'X1 BEAT'),(2907,'X1/9'),(1928,'X112'),(297,'X3'),(298,'X4'),(299,'X5'),(300,'X6'),(301,'X7'),(302,'X8'),(751,'X9'),(2543,'XANTIA'),(1933,'XB'),(2544,'XC'),(2388,'XC-60'),(2389,'XC-70'),(2390,'XC-90'),(1934,'XD'),(3779,'XE'),(957,'XEDOS'),(2819,'XENIA'),(3780,'XF'),(2598,'XF105'),(3507,'XG'),(2820,'XIALI'),(3331,'XINYI'),(3781,'XJ'),(3782,'XK'),(2064,'XL-7'),(2545,'XM'),(3268,'XML6121'),(3269,'XML6125'),(3270,'XML6126'),(3271,'XML6127J12'),(3272,'XML6145J13CN'),(3273,'XML6532'),(3274,'XML6601'),(3275,'XML6700'),(3276,'XML6770'),(3277,'XML6821'),(3278,'XML6897J12'),(3279,'XML6901'),(624,'XMQ5030XYZ33'),(625,'XMQ6101Y'),(626,'XMQ6106G'),(627,'XMQ6110GF'),(628,'XMQ6111Y'),(629,'XMQ6116'),(630,'XMQ6117Y'),(631,'XMQ6118Y'),(632,'XMQ6119'),(633,'XMQ6120'),(634,'XMQ6121'),(635,'XMQ6122Y'),(636,'XMQ6126Y'),(637,'XMQ6127'),(638,'XMQ6128Y'),(639,'XMQ6129'),(640,'XMQ6130Y'),(641,'XMQ6140'),(642,'XMQ6181G'),(643,'XMQ6520E'),(644,'XMQ6606'),(645,'XMQ6608'),(646,'XMQ6660'),(647,'XMQ6706'),(648,'XMQ6728'),(649,'XMQ6752'),(652,'XMQ6759Y'),(650,'XMQ6762'),(653,'XMQ6771Y'),(654,'XMQ6798Y'),(655,'XMQ6800'),(656,'XMQ6802Y'),(657,'XMQ6803Y'),(658,'XMQ6840G2'),(659,'XMQ6841G'),(660,'XMQ6858Y'),(661,'XMQ6859Y'),(662,'XMQ6886Y'),(663,'XMQ6891G'),(664,'XMQ6892'),(665,'XMQ6900Y'),(666,'XMQ6902Y'),(667,'XMQ6930K'),(668,'XMQ6940G'),(669,'XMQ6960Y'),(670,'XMQ6996Y'),(671,'XMQ6998Y'),(2546,'XSARA'),(2020,'XT'),(363,'XTS'),(861,'XUV 500'),(2021,'XV'),(2776,'YANGTSE'),(2189,'YARIS'),(1967,'YETI'),(2620,'YRV L'),(3267,'YUKON'),(3865,'YUNBA'),(3866,'YUSHENG'),(3716,'Z-100'),(2434,'Z-200'),(1642,'Z-24'),(303,'Z1'),(3717,'Z110'),(304,'Z2'),(305,'Z3'),(306,'Z4'),(307,'Z6'),(308,'Z8'),(2455,'ZAFIRA'),(2456,'ZAFIRO'),(2065,'ZB1022BDB (2 T)'),(2066,'ZB1040LDDS (4.5 T)'),(2067,'ZB1041LDC5S (2.5 T)'),(2068,'ZB1041LSC 5S'),(2069,'ZB1050TPIS (6 T)'),(2070,'ZB1120TPF5S (7.5 T)'),(2071,'ZB3047JDD (VOLQ. 6 T)'),(2072,'ZB3072TPJ (VOLQ. 9 T)'),(2073,'ZB3092MPI (12.5 T)'),(2190,'ZELAS'),(1333,'ZEPHYR'),(1272,'ZETROS'),(2287,'ZEUS'),(199,'ZGT6700'),(321,'ZHONGHUA'),(3332,'ZHONGYI'),(3508,'ZIC'),(2424,'ZK'),(1516,'ZTP'),(1512,'ZX'),(1958,'ZZ');
/*!40000 ALTER TABLE `modelo` ENABLE KEYS */;
UNLOCK TABLES;

--
-- Table structure for table `parametros`
--

DROP TABLE IF EXISTS `parametros`;
/*!40101 SET @saved_cs_client     = @@character_set_client */;
/*!40101 SET character_set_client = utf8 */;
CREATE TABLE `parametros` (
  `id` int(100) NOT NULL AUTO_INCREMENT,
  `igv` int(100) DEFAULT NULL,
  `d_emision` int(100) DEFAULT NULL,
  PRIMARY KEY (`id`)
) ENGINE=InnoDB AUTO_INCREMENT=2 DEFAULT CHARSET=latin1;
/*!40101 SET character_set_client = @saved_cs_client */;

--
-- Dumping data for table `parametros`
--

LOCK TABLES `parametros` WRITE;
/*!40000 ALTER TABLE `parametros` DISABLE KEYS */;
INSERT INTO `parametros` VALUES (1,878,78);
/*!40000 ALTER TABLE `parametros` ENABLE KEYS */;
UNLOCK TABLES;

--
-- Table structure for table `programa`
--

DROP TABLE IF EXISTS `programa`;
/*!40101 SET @saved_cs_client     = @@character_set_client */;
/*!40101 SET character_set_client = utf8 */;
CREATE TABLE `programa` (
  `id_program` int(11) NOT NULL AUTO_INCREMENT,
  `program` varchar(100) NOT NULL,
  PRIMARY KEY (`id_program`),
  KEY `modalidad` (`program`)
) ENGINE=InnoDB AUTO_INCREMENT=14 DEFAULT CHARSET=latin1;
/*!40101 SET character_set_client = @saved_cs_client */;

--
-- Dumping data for table `programa`
--

LOCK TABLES `programa` WRITE;
/*!40000 ALTER TABLE `programa` DISABLE KEYS */;
INSERT INTO `programa` VALUES (4,'Auto 0 Km'),(7,'Auto 0 Km x2'),(2,'Dorada Economica'),(8,'Dorada Economica'),(10,'NA'),(3,'Perdida Total Liviano'),(12,'Poliza Dorada'),(13,'Responsabilidad Civil Livianos'),(5,'Segmento A'),(9,'Slip Poliza Mujer'),(6,'Taxi Individual'),(11,'Timón cambiado y versión americana'),(1,'VIP Mujer');
/*!40000 ALTER TABLE `programa` ENABLE KEYS */;
UNLOCK TABLES;

--
-- Table structure for table `riesg_aseg`
--

DROP TABLE IF EXISTS `riesg_aseg`;
/*!40101 SET @saved_cs_client     = @@character_set_client */;
/*!40101 SET character_set_client = utf8 */;
CREATE TABLE `riesg_aseg` (
  `id` int(11) NOT NULL AUTO_INCREMENT,
  `id_riesg` int(11) NOT NULL,
  `id_model` int(11) NOT NULL,
  PRIMARY KEY (`id`),
  KEY `id_riesg` (`id_riesg`),
  KEY `id_model` (`id_model`),
  CONSTRAINT `riesg_aseg_ibfk_1` FOREIGN KEY (`id_riesg`) REFERENCES `riesgo` (`id_riesgo`),
  CONSTRAINT `riesg_aseg_ibfk_2` FOREIGN KEY (`id_model`) REFERENCES `modelo` (`id_model`)
) ENGINE=InnoDB AUTO_INCREMENT=9 DEFAULT CHARSET=latin1;
/*!40101 SET character_set_client = @saved_cs_client */;

--
-- Dumping data for table `riesg_aseg`
--

LOCK TABLES `riesg_aseg` WRITE;
/*!40000 ALTER TABLE `riesg_aseg` DISABLE KEYS */;
INSERT INTO `riesg_aseg` VALUES (1,3,37),(2,2,37),(3,1,42),(4,2,40),(5,1,46),(6,2,39),(7,2,38),(8,2,48);
/*!40000 ALTER TABLE `riesg_aseg` ENABLE KEYS */;
UNLOCK TABLES;

--
-- Table structure for table `riesgo`
--

DROP TABLE IF EXISTS `riesgo`;
/*!40101 SET @saved_cs_client     = @@character_set_client */;
/*!40101 SET character_set_client = utf8 */;
CREATE TABLE `riesgo` (
  `id_riesgo` int(11) NOT NULL AUTO_INCREMENT,
  `tipo_riesgo` varchar(20) NOT NULL,
  PRIMARY KEY (`id_riesgo`),
  KEY `tipo_riesgo` (`tipo_riesgo`)
) ENGINE=InnoDB AUTO_INCREMENT=4 DEFAULT CHARSET=latin1;
/*!40101 SET character_set_client = @saved_cs_client */;

--
-- Dumping data for table `riesgo`
--

LOCK TABLES `riesgo` WRITE;
/*!40000 ALTER TABLE `riesgo` DISABLE KEYS */;
INSERT INTO `riesgo` VALUES (1,'Alto'),(3,'Bajo'),(2,'Medio');
/*!40000 ALTER TABLE `riesgo` ENABLE KEYS */;
UNLOCK TABLES;

--
-- Table structure for table `servic_asegur`
--

DROP TABLE IF EXISTS `servic_asegur`;
/*!40101 SET @saved_cs_client     = @@character_set_client */;
/*!40101 SET character_set_client = utf8 */;
CREATE TABLE `servic_asegur` (
  `id` int(11) NOT NULL AUTO_INCREMENT,
  `id_serv` int(11) NOT NULL,
  `id_aseg` int(11) NOT NULL,
  `id_uso` int(11) NOT NULL,
  `modalidad` int(100) DEFAULT NULL,
  `tipo` int(11) DEFAULT NULL,
  `anio` int(100) DEFAULT NULL,
  `categoria` int(100) DEFAULT NULL,
  `programa` int(100) DEFAULT NULL,
  PRIMARY KEY (`id`),
  KEY `id_serv` (`id_serv`),
  KEY `id_aseg` (`id_aseg`),
  KEY `id_uso` (`id_uso`),
  KEY `modalidad` (`modalidad`),
  KEY `tipo` (`tipo`),
  KEY `anio` (`anio`),
  KEY `categoria` (`categoria`),
  KEY `programa` (`programa`),
  CONSTRAINT `servic_asegur_ibfk_1` FOREIGN KEY (`id_serv`) REFERENCES `servicios` (`id_serv`),
  CONSTRAINT `servic_asegur_ibfk_2` FOREIGN KEY (`id_aseg`) REFERENCES `aseguradora` (`id_asegurad`),
  CONSTRAINT `servic_asegur_ibfk_3` FOREIGN KEY (`id_uso`) REFERENCES `uso` (`id_uso`),
  CONSTRAINT `servic_asegur_ibfk_4` FOREIGN KEY (`modalidad`) REFERENCES `modalidad` (`id_modalidad`),
  CONSTRAINT `servic_asegur_ibfk_5` FOREIGN KEY (`tipo`) REFERENCES `clase` (`id_clase`),
  CONSTRAINT `servic_asegur_ibfk_6` FOREIGN KEY (`anio`) REFERENCES `anio` (`id_anio`),
  CONSTRAINT `servic_asegur_ibfk_7` FOREIGN KEY (`categoria`) REFERENCES `categorias` (`id_categ`),
  CONSTRAINT `servic_asegur_ibfk_8` FOREIGN KEY (`programa`) REFERENCES `programa` (`id_program`)
) ENGINE=InnoDB AUTO_INCREMENT=362 DEFAULT CHARSET=latin1;
/*!40101 SET character_set_client = @saved_cs_client */;

--
-- Dumping data for table `servic_asegur`
--

LOCK TABLES `servic_asegur` WRITE;
/*!40000 ALTER TABLE `servic_asegur` DISABLE KEYS */;
INSERT INTO `servic_asegur` VALUES (2,12,4,9,4,1,24,3,4),(3,13,4,10,4,1,24,3,4),(4,14,4,9,4,1,24,3,4),(5,15,4,10,4,1,24,3,4),(6,16,4,9,4,1,24,3,4),(7,12,4,1,4,16,24,3,4),(8,13,4,1,4,16,24,3,4),(9,14,4,1,4,16,24,3,4),(10,15,4,1,4,16,16,3,4),(11,16,4,1,4,16,6,3,4),(15,8,1,1,2,1,21,3,10),(16,8,1,1,2,17,21,3,10),(17,8,1,1,2,7,21,3,10),(19,8,1,1,2,3,21,3,10),(20,8,1,1,2,6,21,3,10),(21,7,1,1,2,1,21,3,10),(22,7,1,1,2,17,21,3,10),(23,7,1,1,2,7,21,3,10),(24,7,1,1,2,3,21,3,10),(25,7,1,1,2,6,21,3,10),(26,11,1,1,2,1,21,3,10),(27,11,1,1,2,17,21,3,10),(28,11,1,1,2,7,21,3,10),(29,11,1,1,2,3,21,3,10),(30,11,1,1,2,6,21,3,10),(31,7,1,1,2,15,16,3,10),(32,7,1,3,2,1,3,3,10),(33,7,1,3,2,17,3,3,10),(34,7,1,3,2,3,3,3,10),(35,8,1,3,2,1,3,3,10),(36,8,1,3,2,17,3,3,10),(37,8,1,3,2,3,3,3,10),(38,7,1,3,2,4,16,3,10),(39,7,1,3,2,5,16,3,10),(40,7,1,6,2,1,3,3,10),(41,7,1,6,2,17,3,3,10),(42,7,1,6,2,3,3,3,10),(43,7,1,6,2,6,3,3,10),(44,7,1,15,2,7,3,3,10),(45,7,1,15,2,6,3,3,10),(46,7,1,16,2,1,21,3,10),(47,7,1,16,2,17,21,3,10),(48,7,1,16,2,7,21,3,10),(49,7,1,16,2,3,21,3,10),(50,7,1,16,2,6,21,3,10),(51,7,1,7,2,1,3,3,10),(52,7,1,7,2,17,3,3,10),(53,7,1,7,2,7,3,3,10),(54,7,1,7,2,3,3,3,10),(55,7,1,7,2,6,3,3,10),(56,7,1,8,2,1,24,3,10),(57,7,1,8,2,17,24,3,10),(58,7,1,8,2,7,24,3,10),(59,7,1,8,2,3,24,3,10),(60,7,1,8,2,6,24,3,10),(61,7,1,8,2,2,24,3,10),(62,7,1,8,2,8,24,3,10),(63,7,1,17,2,2,16,3,10),(64,7,1,17,2,8,16,3,10),(65,7,1,17,2,18,16,3,10),(66,7,1,17,2,19,16,3,10),(67,7,1,4,2,4,3,3,10),(68,7,1,5,2,4,16,3,10),(69,7,1,5,2,5,16,3,10),(70,7,1,5,2,16,16,3,10),(71,7,1,1,3,1,21,3,10),(72,7,1,1,3,17,21,3,10),(73,7,1,1,3,7,21,3,10),(74,7,1,1,3,3,21,3,10),(75,7,1,1,3,6,21,3,10),(76,7,1,17,3,2,21,3,10),(77,7,1,17,3,8,21,3,10),(78,7,1,17,3,18,21,3,10),(79,7,1,1,1,1,21,3,10),(80,7,1,1,1,17,21,3,10),(81,7,1,1,2,7,21,3,10),(82,7,1,1,1,3,21,3,10),(83,7,1,1,1,6,21,3,10),(84,7,1,17,1,2,21,3,10),(85,7,1,17,1,8,21,3,10),(86,7,1,17,1,18,21,3,10),(87,8,1,1,1,1,21,3,10),(88,8,1,1,1,17,21,3,10),(89,8,1,1,1,7,21,3,10),(90,8,1,1,1,3,21,3,10),(91,8,1,1,1,6,21,3,10),(92,8,1,17,1,2,21,3,10),(93,8,1,17,1,18,21,3,10),(94,8,1,17,1,8,21,3,10),(95,11,1,1,1,1,21,3,10),(96,11,1,1,1,17,21,3,10),(97,11,1,1,1,7,21,3,10),(98,11,1,1,1,3,21,3,10),(99,11,1,1,1,6,21,3,10),(100,11,1,17,1,2,21,3,10),(101,11,1,17,1,8,21,3,10),(102,11,1,17,1,18,21,3,10),(103,12,4,1,4,1,24,3,4),(104,12,4,1,4,16,24,3,4),(105,12,4,1,4,6,24,3,4),(106,13,4,1,4,1,24,3,4),(107,13,4,1,4,16,24,3,4),(108,13,4,1,4,6,24,3,4),(109,14,4,1,4,1,24,3,4),(110,14,4,1,4,16,24,3,4),(111,14,4,1,4,6,24,3,4),(112,15,4,1,4,1,24,3,4),(113,15,4,1,4,16,24,3,4),(114,15,4,1,4,6,24,3,4),(115,16,4,1,4,1,24,3,4),(116,16,4,1,4,16,24,3,4),(117,16,4,1,4,6,24,3,4),(118,12,4,1,4,1,24,3,7),(119,12,4,1,4,16,24,3,7),(120,12,4,1,4,6,24,3,7),(122,14,4,1,4,1,24,3,7),(123,14,4,1,4,16,24,3,7),(124,14,4,1,4,6,24,3,7),(125,13,4,1,4,1,24,3,7),(126,13,4,1,4,16,24,3,7),(127,13,4,1,4,6,24,3,7),(128,21,4,1,4,17,24,3,2),(129,21,4,1,4,16,24,3,2),(130,12,4,1,4,17,24,3,2),(131,12,4,1,4,16,24,3,2),(132,14,4,1,4,17,24,3,2),(133,14,4,1,4,16,24,3,2),(134,13,4,1,4,17,24,3,2),(135,13,4,1,4,16,24,3,2),(136,12,4,1,4,1,24,3,5),(137,12,4,1,4,16,24,3,5),(138,14,4,1,4,1,24,3,5),(139,14,4,1,4,16,24,3,5),(140,13,4,1,4,1,24,3,5),(141,13,4,1,4,16,24,3,5),(142,15,4,1,4,1,24,3,5),(143,15,4,1,4,16,24,3,5),(144,16,4,1,4,1,24,3,5),(145,16,4,1,4,16,24,3,5),(146,12,4,1,4,1,24,3,3),(147,12,4,1,4,17,24,3,3),(148,12,4,1,4,16,24,3,3),(149,12,4,2,4,1,24,3,3),(150,12,4,2,4,17,24,3,3),(151,12,4,2,4,16,24,3,3),(152,13,4,1,4,1,24,3,3),(153,13,4,1,4,17,24,3,3),(155,13,4,1,4,16,24,3,3),(156,13,4,2,4,1,24,3,3),(157,13,4,2,4,17,24,3,3),(158,13,4,2,4,16,24,3,3),(159,14,4,1,4,1,24,3,3),(160,14,4,1,4,17,24,3,3),(161,14,4,1,4,16,24,3,3),(162,14,4,2,4,1,24,3,3),(163,14,4,2,4,17,24,3,3),(164,14,4,2,4,16,24,3,3),(166,22,4,1,4,1,24,3,3),(167,22,4,1,4,17,24,3,3),(168,22,4,1,4,16,24,3,3),(169,22,4,2,4,1,24,3,3),(170,22,4,2,4,17,24,3,3),(171,22,4,2,4,16,24,3,3),(172,13,4,3,4,1,24,3,6),(173,13,4,3,4,17,24,3,6),(174,13,4,3,4,16,24,3,6),(175,16,4,3,4,1,24,3,6),(176,16,4,3,4,17,24,3,6),(177,16,4,3,4,16,24,3,6),(178,12,4,1,4,1,24,3,9),(179,12,4,1,4,17,24,3,9),(180,12,4,1,4,16,24,3,9),(181,13,4,1,4,1,24,3,9),(182,13,4,1,4,17,24,3,9),(183,13,4,1,4,16,24,3,9),(184,14,4,1,4,1,24,3,9),(185,14,4,1,4,17,24,3,9),(186,14,4,1,4,16,24,3,9),(187,15,4,1,4,1,24,3,9),(188,15,4,1,4,17,24,3,9),(189,15,4,1,4,16,24,3,9),(190,16,4,1,4,1,24,3,9),(191,16,4,1,4,17,24,3,9),(192,16,4,1,4,16,24,3,9),(193,21,4,1,4,1,24,3,9),(194,21,4,1,4,17,24,3,9),(195,21,4,1,4,16,24,3,9),(196,2,2,2,2,1,24,1,10),(197,2,2,2,2,17,24,1,10),(198,2,2,2,2,16,24,1,10),(199,24,2,2,2,1,24,1,10),(200,24,2,2,2,17,24,1,10),(201,24,2,2,2,16,24,1,10),(203,1,2,2,2,1,24,1,10),(204,1,2,2,2,17,24,1,10),(205,1,2,2,2,16,24,1,10),(206,25,2,2,2,1,24,1,10),(207,25,2,2,2,17,24,1,10),(208,25,2,2,2,16,24,1,10),(209,4,2,2,2,1,24,1,10),(210,4,2,2,2,17,24,1,10),(211,4,2,2,2,16,24,1,10),(212,3,2,2,2,1,24,1,10),(213,3,2,2,2,17,24,1,10),(214,3,2,2,2,16,24,1,10),(215,26,2,2,2,1,24,1,10),(216,26,2,2,2,17,24,1,10),(217,26,2,2,2,16,24,1,10),(218,2,2,2,2,1,24,2,10),(220,2,2,2,2,17,24,2,10),(221,2,2,2,2,16,24,2,10),(222,24,2,2,2,1,24,2,10),(223,24,2,2,2,17,24,2,10),(224,24,2,2,2,16,24,2,10),(225,1,2,2,2,1,24,2,10),(226,1,2,2,2,17,24,2,10),(227,1,2,2,2,16,24,2,10),(228,25,2,2,2,1,24,2,10),(229,25,2,2,2,17,24,2,10),(230,25,2,2,2,16,24,2,10),(231,4,2,2,2,1,24,2,10),(232,4,2,2,2,17,24,2,10),(233,4,2,2,2,16,24,2,10),(234,3,2,2,2,1,24,2,10),(235,3,2,2,2,17,24,2,10),(236,3,2,2,2,16,24,2,10),(237,26,2,2,2,1,24,2,10),(238,26,2,2,2,17,24,2,10),(239,26,2,2,2,16,24,2,10),(240,2,2,1,2,1,24,1,10),(241,2,2,1,2,17,24,1,10),(242,2,2,1,2,16,24,1,10),(243,24,2,1,2,1,24,1,10),(244,24,2,1,2,17,24,1,10),(245,24,2,1,2,16,24,1,10),(246,1,2,1,2,1,24,1,10),(247,1,2,1,2,17,24,1,10),(248,1,2,1,2,16,24,1,10),(249,25,2,1,2,1,24,1,10),(250,25,2,1,2,17,24,1,10),(251,25,2,1,2,16,24,1,10),(252,4,2,1,2,1,24,1,10),(253,4,2,1,2,17,24,1,10),(254,4,2,1,2,16,24,1,10),(255,3,2,1,2,1,24,1,10),(256,3,2,1,2,17,24,1,10),(257,3,2,1,2,16,24,1,10),(258,26,2,1,2,1,24,1,10),(259,26,2,1,2,17,24,1,10),(260,26,2,1,2,16,24,1,10),(261,2,2,1,2,1,24,2,10),(262,2,2,1,2,17,24,2,10),(263,2,2,1,2,16,24,2,10),(264,24,2,1,2,1,24,2,10),(265,24,2,1,2,17,24,2,10),(266,24,2,1,2,16,24,2,10),(267,1,2,1,2,1,24,2,10),(268,1,2,1,2,17,24,2,10),(269,1,2,1,2,16,24,2,10),(270,25,2,1,2,1,24,2,10),(271,25,2,1,2,17,24,2,10),(272,25,2,1,2,16,24,2,10),(273,4,2,1,2,1,24,2,10),(274,4,2,1,2,17,24,2,10),(275,4,2,1,2,16,24,2,10),(276,3,2,1,2,1,24,2,10),(277,3,2,1,2,1,24,2,10),(278,3,2,1,2,16,24,2,10),(279,26,2,1,2,1,24,2,10),(280,26,2,1,2,17,24,2,10),(281,26,2,1,2,16,24,2,10),(282,25,5,1,4,1,24,1,4),(283,25,5,1,4,17,24,1,4),(284,25,5,1,4,16,24,1,4),(285,26,5,1,4,1,24,1,4),(286,26,5,1,4,17,24,1,4),(287,26,5,1,4,16,24,1,4),(288,21,5,1,4,1,24,1,4),(289,21,5,1,4,17,24,1,4),(290,21,5,1,4,16,24,1,4),(291,2,5,1,4,1,24,1,4),(293,2,5,1,4,17,24,1,4),(294,2,5,1,4,16,24,1,4),(295,24,5,1,4,1,24,1,4),(296,24,5,1,4,17,24,1,4),(297,24,5,1,4,16,24,1,4),(298,14,5,1,4,1,24,1,4),(299,14,5,1,4,17,24,1,4),(300,14,5,1,4,16,24,1,4),(301,25,5,1,4,1,24,2,4),(302,25,5,1,4,17,24,2,4),(303,25,5,1,4,16,24,2,4),(304,26,5,1,4,1,24,2,4),(305,26,5,1,4,17,24,2,4),(306,26,5,1,4,16,24,2,4),(307,21,5,1,4,1,24,2,4),(308,21,5,1,4,17,24,2,4),(309,21,5,1,4,16,24,2,4),(310,2,5,1,4,1,24,2,4),(311,2,5,1,4,17,24,2,4),(312,2,5,1,4,16,24,2,4),(313,24,5,1,4,1,24,2,4),(314,24,5,1,4,17,24,2,4),(315,24,5,1,4,16,24,2,4),(317,14,5,1,4,1,24,2,4),(318,14,5,1,4,1,24,2,4),(319,14,5,1,4,16,24,2,4),(320,25,5,1,4,12,24,2,10),(321,26,5,1,4,12,24,2,4),(322,21,5,1,4,12,24,2,4),(323,24,5,1,4,12,24,2,4),(324,2,5,1,4,12,24,2,4),(325,14,5,1,4,12,24,2,4),(326,25,5,5,4,10,24,3,10),(327,25,5,5,4,16,24,3,10),(328,25,5,5,4,5,24,3,10),(329,25,5,5,4,4,24,3,10),(330,26,5,5,4,10,24,3,10),(331,26,5,5,4,16,24,3,10),(332,26,5,5,4,5,24,3,10),(333,26,5,5,4,4,24,3,10),(334,2,5,5,4,10,24,3,10),(335,2,5,5,4,16,24,3,10),(336,2,5,5,4,5,24,3,10),(337,2,5,5,4,4,24,3,10),(338,24,5,5,4,10,24,3,10),(339,24,5,5,4,16,24,3,10),(340,24,5,5,4,5,24,3,10),(341,24,5,5,4,4,24,3,10),(342,25,5,2,4,1,24,2,6),(343,25,5,2,4,16,24,2,6),(344,25,5,2,4,16,24,2,6),(345,26,5,2,4,1,24,1,6),(346,26,5,2,4,17,24,2,6),(347,26,5,2,4,16,24,1,6),(348,21,5,2,4,1,24,1,6),(349,21,5,2,4,17,24,1,6),(350,21,5,2,4,16,24,1,6),(351,2,5,2,4,1,24,1,6),(352,2,5,2,4,17,24,1,6),(353,2,5,2,4,16,24,1,6),(354,24,5,2,4,1,24,1,6),(355,24,5,2,4,17,24,1,6),(356,24,5,2,4,16,24,1,6),(357,25,5,1,4,6,24,3,10),(358,26,5,1,4,6,24,3,10),(359,2,5,1,4,6,24,3,10),(360,14,5,1,4,6,24,3,10),(361,24,5,1,4,6,24,3,10);
/*!40000 ALTER TABLE `servic_asegur` ENABLE KEYS */;
UNLOCK TABLES;

--
-- Table structure for table `servicios`
--

DROP TABLE IF EXISTS `servicios`;
/*!40101 SET @saved_cs_client     = @@character_set_client */;
/*!40101 SET character_set_client = utf8 */;
CREATE TABLE `servicios` (
  `id_serv` int(11) NOT NULL AUTO_INCREMENT,
  `services` varchar(10000) NOT NULL,
  PRIMARY KEY (`id_serv`),
  KEY `services` (`services`(767))
) ENGINE=InnoDB AUTO_INCREMENT=27 DEFAULT CHARSET=latin1;
/*!40101 SET character_set_client = @saved_cs_client */;

--
-- Dumping data for table `servicios`
--

LOCK TABLES `servicios` WRITE;
/*!40000 ALTER TABLE `servicios` DISABLE KEYS */;
INSERT INTO `servicios` VALUES (1,'Central de Asistencia las 24 Horas'),(2,'Auxilio mecánico y grúa'),(3,'Chofer de reemplazo'),(4,'Vehículo de reemplazo'),(5,'Servicios adicionales'),(6,'123'),(7,'Asistencia Personal en caso de siniestro, servicio al cliente - Linea Positiva'),(8,'Chofer de Reemplazo (Solo en Lima, 3 veces al año)'),(9,'Completar'),(11,'Vehiculo de reemplazo (solo en Lima), se otorga por un maximo de 15 dias al año por choque y 30 dias por robo totalcon deducible de USD 100 +IGV'),(12,'Peritación y Pago Rápido  -  PAR o PPR (Lima)\0'),(13,'Centro de Diagnosis (Lima)\0'),(14,'Servicio de Grabado de Lunas (Lima)\0'),(15,'Cargo en Cuenta Bancaria o Tarjeta de Crédito\0'),(16,'Limpieza del automóvil por traslado de heridos\0'),(17,'Servicio 10X'),(18,'pago accidente'),(19,'Peritación y Pago Rápido  -  PAR o PPR'),(20,'Centro de Diagnosis'),(21,'Exoneración de Denuncia Policial'),(22,'Procuraduría Personalizada'),(23,'Grua en caso de SInisestro'),(24,'Ambulancia en caso de SIniestro'),(25,'Asesoría en caso de accidentes de transito - Procuraduria'),(26,'Asesoria en defensa jurídica Penal con abogados');
/*!40000 ALTER TABLE `servicios` ENABLE KEYS */;
UNLOCK TABLES;

--
-- Table structure for table `tasa_asegur`
--

DROP TABLE IF EXISTS `tasa_asegur`;
/*!40101 SET @saved_cs_client     = @@character_set_client */;
/*!40101 SET character_set_client = utf8 */;
CREATE TABLE `tasa_asegur` (
  `id` int(11) NOT NULL AUTO_INCREMENT,
  `id_aseg` int(11) NOT NULL,
  `categoria` int(100) DEFAULT NULL,
  `id_uso` int(11) NOT NULL,
  `Value` varchar(150) NOT NULL,
  `tipo` int(100) DEFAULT NULL,
  `modalidad` int(100) DEFAULT NULL,
  `riesgo` int(100) DEFAULT NULL,
  `programa` int(100) DEFAULT NULL,
  `anio` int(100) DEFAULT NULL,
  `ubicacion` int(100) DEFAULT NULL,
  PRIMARY KEY (`id`),
  KEY `id_aseg` (`id_aseg`),
  KEY `id_uso` (`id_uso`),
  KEY `tipo` (`tipo`),
  KEY `modalidad` (`modalidad`),
  KEY `anio` (`anio`),
  KEY `categoria` (`categoria`),
  KEY `riesgo` (`riesgo`),
  KEY `programa` (`programa`),
  CONSTRAINT `tasa_asegur_ibfk_1` FOREIGN KEY (`id_aseg`) REFERENCES `aseguradora` (`id_asegurad`),
  CONSTRAINT `tasa_asegur_ibfk_2` FOREIGN KEY (`id_uso`) REFERENCES `uso` (`id_uso`),
  CONSTRAINT `tasa_asegur_ibfk_3` FOREIGN KEY (`tipo`) REFERENCES `clase` (`id_clase`),
  CONSTRAINT `tasa_asegur_ibfk_4` FOREIGN KEY (`modalidad`) REFERENCES `modalidad` (`id_modalidad`),
  CONSTRAINT `tasa_asegur_ibfk_5` FOREIGN KEY (`anio`) REFERENCES `anio` (`id_anio`),
  CONSTRAINT `tasa_asegur_ibfk_6` FOREIGN KEY (`categoria`) REFERENCES `categorias` (`id_categ`),
  CONSTRAINT `tasa_asegur_ibfk_7` FOREIGN KEY (`riesgo`) REFERENCES `riesgo` (`id_riesgo`),
  CONSTRAINT `tasa_asegur_ibfk_8` FOREIGN KEY (`programa`) REFERENCES `programa` (`id_program`)
) ENGINE=InnoDB AUTO_INCREMENT=19 DEFAULT CHARSET=latin1;
/*!40101 SET character_set_client = @saved_cs_client */;

--
-- Dumping data for table `tasa_asegur`
--

LOCK TABLES `tasa_asegur` WRITE;
/*!40000 ALTER TABLE `tasa_asegur` DISABLE KEYS */;
INSERT INTO `tasa_asegur` VALUES (9,3,2,10,'3.1',13,4,NULL,NULL,13,NULL),(11,1,1,6,'67',1,4,NULL,NULL,23,NULL),(12,1,2,6,'88',1,3,NULL,NULL,1,NULL),(13,3,1,1,'89',2,1,3,NULL,16,NULL),(14,1,1,10,'4.5',3,4,1,NULL,13,NULL),(18,4,1,3,'8888',1,4,1,4,23,1);
/*!40000 ALTER TABLE `tasa_asegur` ENABLE KEYS */;
UNLOCK TABLES;

--
-- Table structure for table `timon`
--

DROP TABLE IF EXISTS `timon`;
/*!40101 SET @saved_cs_client     = @@character_set_client */;
/*!40101 SET character_set_client = utf8 */;
CREATE TABLE `timon` (
  `id_timon` int(11) NOT NULL AUTO_INCREMENT,
  `name_tipo` varchar(20) DEFAULT NULL,
  PRIMARY KEY (`id_timon`),
  KEY `name_tipo` (`name_tipo`)
) ENGINE=InnoDB AUTO_INCREMENT=3 DEFAULT CHARSET=latin1;
/*!40101 SET character_set_client = @saved_cs_client */;

--
-- Dumping data for table `timon`
--

LOCK TABLES `timon` WRITE;
/*!40000 ALTER TABLE `timon` DISABLE KEYS */;
INSERT INTO `timon` VALUES (2,'Cambiado'),(1,'Original');
/*!40000 ALTER TABLE `timon` ENABLE KEYS */;
UNLOCK TABLES;

--
-- Table structure for table `uso`
--

DROP TABLE IF EXISTS `uso`;
/*!40101 SET @saved_cs_client     = @@character_set_client */;
/*!40101 SET character_set_client = utf8 */;
CREATE TABLE `uso` (
  `id_uso` int(11) NOT NULL AUTO_INCREMENT,
  `uso` varchar(50) NOT NULL,
  `id_marca` int(11) DEFAULT NULL,
  PRIMARY KEY (`id_uso`),
  KEY `uso` (`uso`),
  KEY `id_marca` (`id_marca`),
  CONSTRAINT `uso_ibfk_1` FOREIGN KEY (`id_marca`) REFERENCES `marca` (`id_marca`)
) ENGINE=InnoDB AUTO_INCREMENT=18 DEFAULT CHARSET=latin1;
/*!40101 SET character_set_client = @saved_cs_client */;

--
-- Dumping data for table `uso`
--

LOCK TABLES `uso` WRITE;
/*!40000 ALTER TABLE `uso` DISABLE KEYS */;
INSERT INTO `uso` VALUES (1,'Particular',1),(2,'Comercial',3),(3,'Urbano',5),(4,'Interprovincial',3),(5,'Transporte de Personal, Turistico, Escolar',3),(6,'Alquiler',2),(7,'Exhibición',7),(8,'Traslado',2),(9,'NA',NULL),(10,'-',NULL),(11,'-',NULL),(12,'-',NULL),(13,'valor en auto - pero edita USO',NULL),(14,'-',NULL),(15,'Ambulancia',NULL),(16,'Brevete',NULL),(17,'Carga',NULL);
/*!40000 ALTER TABLE `uso` ENABLE KEYS */;
UNLOCK TABLES;
/*!40103 SET TIME_ZONE=@OLD_TIME_ZONE */;

/*!40101 SET SQL_MODE=@OLD_SQL_MODE */;
/*!40014 SET FOREIGN_KEY_CHECKS=@OLD_FOREIGN_KEY_CHECKS */;
/*!40014 SET UNIQUE_CHECKS=@OLD_UNIQUE_CHECKS */;
/*!40101 SET CHARACTER_SET_CLIENT=@OLD_CHARACTER_SET_CLIENT */;
/*!40101 SET CHARACTER_SET_RESULTS=@OLD_CHARACTER_SET_RESULTS */;
/*!40101 SET COLLATION_CONNECTION=@OLD_COLLATION_CONNECTION */;
/*!40111 SET SQL_NOTES=@OLD_SQL_NOTES */;

-- Dump completed on 2016-03-01 17:57:43
